step,time_days,date,dt_days,converged,nonlinear_iters,wall_s,well,status,qO_sm3d,qW_sm3d,qG_sm3d,bhp_bar
1,8.000,1999-09-09,8.000,1,11,13.44,D-1H,1,-3427.221154,-3.543357,-372158.158529,225.000000
2,25.000,1999-09-26,17.000,1,25,31.68,C-4H,1,0.000000,3184.763004,0.000000,400.000000
2,25.000,1999-09-26,17.000,1,25,31.68,D-1H,1,-3313.218806,-3.511751,-359298.038214,225.000000
3,41.000,1999-10-12,16.000,1,9,11.11,B-2H,1,-7816.021126,-3.731126,-844816.041266,225.000000
3,41.000,1999-10-12,16.000,1,9,11.11,C-4H,1,0.000000,4080.566568,0.000000,400.000000
3,41.000,1999-10-12,16.000,1,9,11.11,D-1H,1,-3017.750457,-3.293970,-326965.422566,225.000000
4,56.000,1999-10-27,15.000,1,11,13.46,B-2H,1,-6881.198006,-3.384335,-743232.786829,225.000000
4,56.000,1999-10-27,15.000,1,11,13.46,C-4H,1,0.000000,4625.227981,0.000000,400.000000
4,56.000,1999-10-27,15.000,1,11,13.46,D-1H,1,-2505.413313,-2.839149,-270759.800532,225.000000
4,56.000,1999-10-27,15.000,1,11,13.46,D-2H,1,-10066.046761,-15.564570,-1088247.000812,225.000000
5,87.000,1999-11-27,31.000,1,10,12.78,B-2H,1,-5806.195489,-3.065227,-626202.079488,225.000000
5,87.000,1999-11-27,31.000,1,10,12.78,C-4H,1,0.000000,5294.241370,0.000000,400.000000
5,87.000,1999-11-27,31.000,1,10,12.78,D-1H,1,-1929.280847,-2.476394,-206237.477704,225.000000
5,87.000,1999-11-27,31.000,1,10,12.78,D-2H,1,-7817.609766,-11.105380,-836826.228441,225.000000
6,115.000,1999-12-25,28.000,1,7,8.87,B-2H,1,-5167.753108,-2.939736,-554404.770037,225.000000
6,115.000,1999-12-25,28.000,1,7,8.87,C-4H,1,0.000000,5687.434546,0.000000,400.000000
6,115.000,1999-12-25,28.000,1,7,8.87,D-1H,1,-1647.924522,-2.393441,-174913.526105,225.000000
6,115.000,1999-12-25,28.000,1,7,8.87,D-2H,1,-6853.319666,-9.507412,-727222.354549,225.000000
7,143.000,2000-01-22,28.000,1,4,4.89,B-2H,1,-4678.394554,-2.857023,-499148.198921,225.000000
7,143.000,2000-01-22,28.000,1,4,4.89,C-4H,1,0.000000,5921.433907,0.000000,400.000000
7,143.000,2000-01-22,28.000,1,4,4.89,D-1H,1,-1464.408996,-2.524007,-154657.358667,225.000000
7,143.000,2000-01-22,28.000,1,4,4.89,D-2H,1,-6245.814776,-8.637786,-658981.416399,225.000000
8,144.000,2000-01-23,1.000,1,2,2.84,B-2H,1,-4662.287238,-2.854276,-497337.601020,225.000000
8,144.000,2000-01-23,1.000,1,2,2.84,C-4H,1,0.000000,5930.862795,0.000000,400.000000
8,144.000,2000-01-23,1.000,1,2,2.84,D-1H,1,-1458.218254,-2.528030,-153977.221252,225.000000
8,144.000,2000-01-23,1.000,1,2,2.84,D-2H,1,-6225.476234,-8.608533,-656704.720213,225.000000
9,146.000,2000-01-25,2.000,1,3,3.46,B-2H,1,-4630.323759,-2.848789,-493736.396932,225.000000
9,146.000,2000-01-25,2.000,1,3,3.46,C-4H,1,0.000000,5949.634155,0.000000,400.000000
9,146.000,2000-01-25,2.000,1,3,3.46,D-1H,1,-1446.235544,-2.536485,-152656.153665,225.000000
9,146.000,2000-01-25,2.000,1,3,3.46,D-2H,1,-6186.203515,-8.551993,-652351.970405,225.000000
10,168.000,2000-02-16,22.000,1,3,3.79,B-2H,1,-4324.844292,-2.793082,-459450.632693,225.000000
10,168.000,2000-02-16,22.000,1,3,3.79,C-4H,1,0.000000,6000.000000,0.000000,397.957725
10,168.000,2000-02-16,22.000,1,3,3.79,D-1H,1,-1337.861951,-2.626999,-140874.490945,225.000000
10,168.000,2000-02-16,22.000,1,3,3.79,D-2H,1,-5831.566918,-8.042428,-613128.818004,225.000000
11,176.000,2000-02-24,8.000,1,4,5.02,B-2H,1,-4111.626300,-2.710513,-435416.646672,225.000000
11,176.000,2000-02-24,8.000,1,4,5.02,B-4H,1,-7413.512535,-2.843293,-775264.496442,225.000000
11,176.000,2000-02-24,8.000,1,4,5.02,C-4H,1,0.000000,6000.000000,0.000000,396.738279
11,176.000,2000-02-24,8.000,1,4,5.02,D-1H,1,-1285.831655,-2.621053,-135458.520261,225.000000
11,176.000,2000-02-24,8.000,1,4,5.02,D-2H,1,-5559.090094,-7.737661,-583385.469479,225.000000
12,201.000,2000-03-20,25.000,1,12,23.81,B-2H,1,-3604.757029,-2.506338,-378802.247727,225.000000
12,201.000,2000-03-20,25.000,1,12,23.81,B-4H,1,-6213.117635,-2.128234,-647359.186502,225.000000
12,201.000,2000-03-20,25.000,1,12,23.81,C-4H,1,0.000000,6000.000000,0.000000,393.712808
12,201.000,2000-03-20,25.000,1,12,23.81,D-1H,1,-1134.513349,-2.548837,-119142.060862,225.000000
12,201.000,2000-03-20,25.000,1,12,23.81,D-2H,1,-4916.709546,-6.877928,-513740.847659,225.000000
13,202.000,2000-03-21,1.000,1,2,2.83,B-2H,1,-3586.721659,-2.498822,-376868.117615,225.000000
13,202.000,2000-03-21,1.000,1,2,2.83,B-4H,1,-6171.977170,-2.103359,-643426.568441,225.000000
13,202.000,2000-03-21,1.000,1,2,2.83,C-4H,1,0.000000,6000.000000,0.000000,393.594616
13,202.000,2000-03-21,1.000,1,2,2.83,D-1H,1,-1129.021800,-2.545779,-118552.559714,225.000000
13,202.000,2000-03-21,1.000,1,2,2.83,D-2H,1,-4893.250516,-6.845948,-511209.847813,225.000000
14,207.000,2000-03-26,5.000,1,3,4.43,B-2H,1,-3503.628694,-2.463655,-367878.855857,225.000000
14,207.000,2000-03-26,5.000,1,3,4.43,B-4H,1,-6010.465522,-1.995117,-627164.454330,225.000000
14,207.000,2000-03-26,5.000,1,3,4.43,C-4H,1,0.000000,6000.000000,0.000000,392.993165
14,207.000,2000-03-26,5.000,1,3,4.43,D-1H,1,-1102.344197,-2.529916,-115674.158861,225.000000
14,207.000,2000-03-26,5.000,1,3,4.43,D-2H,1,-4785.888445,-6.694499,-499576.622538,225.000000
15,220.000,2000-04-08,13.000,1,4,5.80,B-2H,1,-3324.432066,-2.385624,-348282.867807,225.000000
15,220.000,2000-04-08,13.000,1,4,5.80,B-4H,1,-5706.433201,-1.822881,-594768.860117,225.000000
15,220.000,2000-04-08,13.000,1,4,5.80,C-4H,1,0.000000,6000.000000,0.000000,391.474146
15,220.000,2000-04-08,13.000,1,4,5.80,D-1H,1,-1041.067807,-2.502407,-109013.038424,225.000000
15,220.000,2000-04-08,13.000,1,4,5.80,D-2H,1,-4552.076729,-6.348174,-474003.581575,225.000000
16,229.000,2000-04-17,9.000,1,4,4.79,B-2H,1,-3144.021625,-2.294194,-328510.271505,225.000000
16,229.000,2000-04-17,9.000,1,4,4.79,B-4H,1,-5485.323851,-1.718022,-570823.133162,225.000000
16,229.000,2000-04-17,9.000,1,4,4.79,C-4H,1,0.000000,6000.000000,0.000000,390.423237
16,229.000,2000-04-17,9.000,1,4,4.79,D-1H,1,-998.667115,-2.487896,-104405.601781,225.000000
16,229.000,2000-04-17,9.000,1,4,4.79,D-2H,1,-4394.136337,-6.118782,-456742.197209,225.000000
16,229.000,2000-04-17,9.000,1,4,4.79,D-4H,1,-3106.520682,-13.822283,-325061.838677,225.000000
17,230.000,2000-04-18,1.000,1,2,2.85,B-2H,1,-3124.476613,-2.284086,-326371.557185,225.000000
17,230.000,2000-04-18,1.000,1,2,2.85,B-4H,1,-5460.824352,-1.706549,-568169.491232,225.000000
17,230.000,2000-04-18,1.000,1,2,2.85,C-4H,1,0.000000,6000.000000,0.000000,390.306445
17,230.000,2000-04-18,1.000,1,2,2.85,D-1H,1,-993.978821,-2.485809,-103896.837418,225.000000
17,230.000,2000-04-18,1.000,1,2,2.85,D-2H,1,-4376.696645,-6.093520,-454838.763380,225.000000
17,230.000,2000-04-18,1.000,1,2,2.85,D-4H,1,-3049.153684,-14.179145,-318797.709632,225.000000
18,237.000,2000-04-25,7.000,1,3,3.99,B-2H,1,-3007.967983,-2.223395,-313588.097787,225.000000
18,237.000,2000-04-25,7.000,1,3,3.99,B-4H,1,-5297.804714,-1.631012,-550673.460850,225.000000
18,237.000,2000-04-25,7.000,1,3,3.99,C-4H,1,0.000000,6000.000000,0.000000,389.496696
18,237.000,2000-04-25,7.000,1,3,3.99,D-1H,1,-961.862013,-2.467007,-100408.058054,225.000000
18,237.000,2000-04-25,7.000,1,3,3.99,D-2H,1,-4256.868072,-5.919764,-441755.419727,225.000000
18,237.000,2000-04-25,7.000,1,3,3.99,D-4H,1,-2832.992860,-18.076480,-295507.694417,225.000000
19,252.000,2000-05-10,15.000,1,4,5.24,B-2H,1,-2822.589185,-2.126070,-293302.528963,225.000000
19,252.000,2000-05-10,15.000,1,4,5.24,B-4H,1,-5009.259605,-1.497012,-519626.243779,225.000000
19,252.000,2000-05-10,15.000,1,4,5.24,C-4H,1,0.000000,6000.000000,0.000000,387.903086
19,252.000,2000-05-10,15.000,1,4,5.24,D-1H,1,-900.025494,-2.416616,-93684.854837,225.000000
19,252.000,2000-05-10,15.000,1,4,5.24,D-2H,1,-4024.472167,-5.576745,-416369.204023,225.000000
19,252.000,2000-05-10,15.000,1,4,5.24,D-4H,1,-2510.071985,-28.399915,-261086.777258,225.000000
20,268.000,2000-05-26,16.000,1,6,7.35,B-2H,1,-2755.736780,-2.101872,-285982.082205,225.000000
20,268.000,2000-05-26,16.000,1,6,7.35,B-4H,1,-4826.145196,-1.400674,-499666.438102,225.000000
20,268.000,2000-05-26,16.000,1,6,7.35,C-1H,1,0.000000,6000.000000,0.000000,326.102145
20,268.000,2000-05-26,16.000,1,6,7.35,C-4H,1,0.000000,6000.000000,0.000000,386.489862
20,268.000,2000-05-26,16.000,1,6,7.35,D-1H,1,-853.588996,-2.391306,-88608.821042,225.000000
20,268.000,2000-05-26,16.000,1,6,7.35,D-2H,1,-3842.293951,-5.292725,-396461.254611,225.000000
20,268.000,2000-05-26,16.000,1,6,7.35,D-4H,1,-2415.519305,-42.640124,-251712.012195,225.000000
21,297.000,2000-06-24,29.000,1,4,5.39,B-2H,1,-2668.534193,-2.090353,-276466.035950,225.000000
21,297.000,2000-06-24,29.000,1,4,5.39,B-4H,1,-4631.049293,-1.286038,-478423.182541,225.000000
21,297.000,2000-06-24,29.000,1,4,5.39,C-1H,1,0.000000,6000.000000,0.000000,326.488054
21,297.000,2000-06-24,29.000,1,4,5.39,C-4H,1,0.000000,6000.000000,0.000000,384.490545
21,297.000,2000-06-24,29.000,1,4,5.39,D-1H,1,-798.256844,-2.387437,-82560.754888,225.000000
21,297.000,2000-06-24,29.000,1,4,5.39,D-2H,1,-3630.016860,-4.944382,-373210.003356,225.000000
21,297.000,2000-06-24,29.000,1,4,5.39,D-4H,1,-2214.334251,-60.977244,-230818.847187,225.000000
22,298.000,2000-06-25,1.000,1,2,2.90,B-2H,1,-2665.553788,-2.089938,-276141.402423,225.000000
22,298.000,2000-06-25,1.000,1,2,2.90,B-4H,1,-4624.485085,-1.282248,-477709.713681,225.000000
22,298.000,2000-06-25,1.000,1,2,2.90,C-1H,1,0.000000,6000.000000,0.000000,326.462582
22,298.000,2000-06-25,1.000,1,2,2.90,C-4H,1,0.000000,6000.000000,0.000000,384.419485
22,298.000,2000-06-25,1.000,1,2,2.90,D-1H,1,-796.286453,-2.386709,-82346.582306,225.000000
22,298.000,2000-06-25,1.000,1,2,2.90,D-2H,1,-3622.811897,-4.932595,-372423.382305,225.000000
22,298.000,2000-06-25,1.000,1,2,2.90,D-4H,1,-2206.415602,-61.525229,-229995.143631,225.000000
23,299.000,2000-06-26,1.000,1,2,2.81,B-2H,1,-2662.609263,-2.089561,-275821.280677,225.000000
23,299.000,2000-06-26,1.000,1,2,2.81,B-4H,1,-4618.094364,-1.278513,-477014.777492,225.000000
23,299.000,2000-06-26,1.000,1,2,2.81,C-1H,1,0.000000,6000.000000,0.000000,326.432360
23,299.000,2000-06-26,1.000,1,2,2.81,C-4H,1,0.000000,6000.000000,0.000000,384.348116
23,299.000,2000-06-26,1.000,1,2,2.81,D-1H,1,-794.460152,-2.386454,-82147.468522,225.000000
23,299.000,2000-06-26,1.000,1,2,2.81,D-2H,1,-3615.772145,-4.921064,-371654.469018,225.000000
23,299.000,2000-06-26,1.000,1,2,2.81,D-4H,1,-2199.730701,-62.208499,-229298.365668,225.000000
24,316.000,2000-07-13,17.000,1,3,4.19,B-2H,1,-2612.206919,-2.085008,-270456.135033,225.000000
24,316.000,2000-07-13,17.000,1,3,4.19,B-4H,1,-4527.055966,-1.224292,-467069.307505,225.000000
24,316.000,2000-07-13,17.000,1,3,4.19,C-1H,1,0.000000,6000.000000,0.000000,325.978340
24,316.000,2000-07-13,17.000,1,3,4.19,C-4H,1,0.000000,6000.000000,0.000000,383.230079
24,316.000,2000-07-13,17.000,1,3,4.19,D-1H,1,-768.607412,-2.389500,-79330.760665,225.000000
24,316.000,2000-07-13,17.000,1,3,4.19,D-2H,1,-3519.000488,-4.760538,-361079.520203,225.000000
24,316.000,2000-07-13,17.000,1,3,4.19,D-4H,1,-2098.042913,-70.269391,-218589.159383,225.000000
25,326.000,2000-07-23,10.000,1,4,5.03,B-2H,1,-2581.826013,-2.082124,-267217.212376,225.000000
25,326.000,2000-07-23,10.000,1,4,5.03,B-4H,1,-4473.777236,-1.194247,-461259.431453,225.000000
25,326.000,2000-07-23,10.000,1,4,5.03,C-1H,1,0.000000,6000.000000,0.000000,325.682471
25,326.000,2000-07-23,10.000,1,4,5.03,C-4H,1,0.000000,6000.000000,0.000000,382.582928
25,326.000,2000-07-23,10.000,1,4,5.03,D-1H,1,-754.576043,-2.390499,-77806.980702,225.000000
25,326.000,2000-07-23,10.000,1,4,5.03,D-2H,1,-3467.066715,-4.675104,-355421.426924,225.000000
25,326.000,2000-07-23,10.000,1,4,5.03,D-4H,1,-2043.583884,-73.607260,-212820.287769,225.000000
25,326.000,2000-07-23,10.000,1,4,5.03,E-3H,1,-2504.298379,-14.126539,-264669.444193,225.000000
26,329.000,2000-07-26,3.000,1,3,3.81,B-2H,1,-2572.643821,-2.081204,-266236.990245,225.000000
26,329.000,2000-07-26,3.000,1,3,3.81,B-4H,1,-4457.705619,-1.185388,-459508.781427,225.000000
26,329.000,2000-07-26,3.000,1,3,3.81,C-1H,1,0.000000,6000.000000,0.000000,325.587047
26,329.000,2000-07-26,3.000,1,3,3.81,C-4H,1,0.000000,6000.000000,0.000000,382.390255
26,329.000,2000-07-26,3.000,1,3,3.81,D-1H,1,-750.453494,-2.390576,-77359.966582,225.000000
26,329.000,2000-07-26,3.000,1,3,3.81,D-2H,1,-3451.867711,-4.650210,-353767.698741,225.000000
26,329.000,2000-07-26,3.000,1,3,3.81,D-4H,1,-2027.520570,-74.475464,-211116.671001,225.000000
26,329.000,2000-07-26,3.000,1,3,3.81,E-3H,1,-2387.532433,-16.143158,-252038.789952,225.000000
27,341.000,2000-08-07,12.000,1,3,4.05,B-2H,1,-2534.485243,-2.077249,-262144.837611,225.000000
27,341.000,2000-08-07,12.000,1,3,4.05,B-4H,1,-4391.139829,-1.151313,-452270.266736,225.000000
27,341.000,2000-08-07,12.000,1,3,4.05,C-1H,1,0.000000,6000.000000,0.000000,325.234105
27,341.000,2000-08-07,12.000,1,3,4.05,C-4H,1,0.000000,6000.000000,0.000000,381.647296
27,341.000,2000-08-07,12.000,1,3,4.05,D-1H,1,-735.062766,-2.390500,-75695.989912,225.000000
27,341.000,2000-08-07,12.000,1,3,4.05,D-2H,1,-3394.489140,-4.557766,-347542.668601,225.000000
27,341.000,2000-08-07,12.000,1,3,4.05,D-4H,1,-1970.051506,-76.784836,-205192.432716,225.000000
27,341.000,2000-08-07,12.000,1,3,4.05,E-3H,1,-2075.362565,-27.507644,-218526.528151,225.000000
28,345.000,2000-08-11,4.000,1,3,3.84,B-2H,1,-2521.672913,-2.075838,-260769.640614,225.000000
28,345.000,2000-08-11,4.000,1,3,3.84,B-4H,1,-4368.777328,-1.140180,-449841.034206,225.000000
28,345.000,2000-08-11,4.000,1,3,3.84,C-1H,1,0.000000,6000.000000,0.000000,325.113856
28,345.000,2000-08-11,4.000,1,3,3.84,C-4H,1,0.000000,6000.000000,0.000000,381.399284
28,345.000,2000-08-11,4.000,1,3,3.84,D-1H,1,-729.997614,-2.389988,-75149.631759,225.000000
28,345.000,2000-08-11,4.000,1,3,3.84,D-2H,1,-3375.673102,-4.527685,-345505.068999,225.000000
28,345.000,2000-08-11,4.000,1,3,3.84,D-4H,1,-1951.553091,-77.392511,-203267.422162,225.000000
28,345.000,2000-08-11,4.000,1,3,3.84,E-3H,1,-1991.192695,-32.435013,-209498.349307,225.000000
29,360.000,2000-08-26,15.000,1,4,5.33,B-2H,1,-2522.630144,-2.110905,-260797.630083,225.000000
29,360.000,2000-08-26,15.000,1,4,5.33,B-4H,1,-4393.324296,-1.127125,-452142.709714,225.000000
29,360.000,2000-08-26,15.000,1,4,5.33,C-1H,1,0.000000,6000.000000,0.000000,325.049585
29,360.000,2000-08-26,15.000,1,4,5.33,C-4H,1,0.000000,6000.000000,0.000000,273.441759
29,360.000,2000-08-26,15.000,1,4,5.33,D-1H,1,-726.629329,-2.445032,-74734.990438,225.000000
29,360.000,2000-08-26,15.000,1,4,5.33,D-2H,1,-3375.864791,-4.497971,-345180.737028,225.000000
29,360.000,2000-08-26,15.000,1,4,5.33,D-4H,1,-1926.655154,-80.434074,-200843.009129,225.000000
29,360.000,2000-08-26,15.000,1,4,5.33,E-3H,1,-1772.268423,-47.325138,-186103.468685,225.000000
30,390.000,2000-09-25,30.000,1,4,5.07,B-2H,1,-2493.117614,-2.176060,-257606.080816,225.000000
30,390.000,2000-09-25,30.000,1,4,5.07,B-4H,1,-4351.293676,-1.089774,-447530.869060,225.000000
30,390.000,2000-09-25,30.000,1,4,5.07,C-1H,1,0.000000,6000.000000,0.000000,324.638983
30,390.000,2000-09-25,30.000,1,4,5.07,C-4H,1,0.000000,6000.000000,0.000000,271.363430
30,390.000,2000-09-25,30.000,1,4,5.07,D-1H,1,-717.841874,-2.549150,-73749.127976,225.000000
30,390.000,2000-09-25,30.000,1,4,5.07,D-2H,1,-3362.512232,-4.447522,-343477.182640,225.000000
30,390.000,2000-09-25,30.000,1,4,5.07,D-4H,1,-1863.963124,-83.513394,-194374.547798,225.000000
30,390.000,2000-09-25,30.000,1,4,5.07,E-3H,1,-1489.266383,-67.676672,-156189.651610,225.000000
31,414.000,2000-10-19,24.000,1,3,4.37,B-2H,1,-2455.322669,-2.225651,-253551.698886,225.000000
31,414.000,2000-10-19,24.000,1,3,4.37,B-4H,1,-4291.613468,-1.060356,-441107.847071,225.000000
31,414.000,2000-10-19,24.000,1,3,4.37,C-1H,1,0.000000,6000.000000,0.000000,324.276777
31,414.000,2000-10-19,24.000,1,3,4.37,C-4H,1,0.000000,6000.000000,0.000000,270.685047
31,414.000,2000-10-19,24.000,1,3,4.37,D-1H,1,-707.239567,-2.618264,-72609.362915,225.000000
31,414.000,2000-10-19,24.000,1,3,4.37,D-2H,1,-3333.254343,-4.391566,-340345.053548,225.000000
31,414.000,2000-10-19,24.000,1,3,4.37,D-4H,1,-1812.499502,-84.776823,-189005.446849,225.000000
31,414.000,2000-10-19,24.000,1,3,4.37,E-3H,1,-1316.182575,-80.759550,-138591.689699,225.000000
32,421.000,2000-10-26,7.000,1,5,6.28,B-2H,1,-2446.076332,-2.242145,-252555.873771,225.000000
32,421.000,2000-10-26,7.000,1,5,6.28,B-4H,1,-4311.085386,-1.060852,-443065.913189,225.000000
32,421.000,2000-10-26,7.000,1,5,6.28,C-1H,1,0.000000,6000.000000,0.000000,324.146525
32,421.000,2000-10-26,7.000,1,5,6.28,C-4H,1,0.000000,6000.000000,0.000000,263.308066
32,421.000,2000-10-26,7.000,1,5,6.28,D-1H,1,-703.562150,-2.642254,-72221.780892,225.000000
32,421.000,2000-10-26,7.000,1,5,6.28,D-2H,1,-3324.698030,-4.373797,-339437.338305,225.000000
32,421.000,2000-10-26,7.000,1,5,6.28,D-4H,1,-1799.638622,-85.098472,-187719.738803,225.000000
32,421.000,2000-10-26,7.000,1,5,6.28,E-3H,1,-1270.446127,-84.428425,-133967.489638,225.000000
33,424.000,2000-10-29,3.000,1,2,2.94,B-2H,1,-2442.230862,-2.249432,-252141.532847,225.000000
33,424.000,2000-10-29,3.000,1,2,2.94,B-4H,1,-4314.830148,-1.060083,-443441.728912,225.000000
33,424.000,2000-10-29,3.000,1,2,2.94,C-1H,1,0.000000,6000.000000,0.000000,324.093062
33,424.000,2000-10-29,3.000,1,2,2.94,C-4H,1,0.000000,6000.000000,0.000000,262.807472
33,424.000,2000-10-29,3.000,1,2,2.94,D-1H,1,-701.943570,-2.653422,-72052.762206,225.000000
33,424.000,2000-10-29,3.000,1,2,2.94,D-2H,1,-3321.046568,-4.366079,-339051.047022,225.000000
33,424.000,2000-10-29,3.000,1,2,2.94,D-4H,1,-1794.456736,-85.253611,-187198.485533,225.000000
33,424.000,2000-10-29,3.000,1,2,2.94,E-3H,1,-1251.528522,-85.940862,-132038.007830,225.000000
34,439.000,2000-11-13,15.000,1,4,5.17,B-2H,1,-2420.233133,-2.286440,-249777.929635,225.000000
34,439.000,2000-11-13,15.000,1,4,5.17,B-4H,1,-4296.904486,-1.049948,-441545.347226,225.000000
34,439.000,2000-11-13,15.000,1,4,5.17,C-1H,1,0.000000,6000.000000,0.000000,323.868865
34,439.000,2000-11-13,15.000,1,4,5.17,C-4H,1,0.000000,6000.000000,0.000000,261.196261
34,439.000,2000-11-13,15.000,1,4,5.17,D-1H,1,-693.690800,-2.706516,-71191.531149,225.000000
34,439.000,2000-11-13,15.000,1,4,5.17,D-2H,1,-3299.454367,-4.325300,-336782.110081,225.000000
34,439.000,2000-11-13,15.000,1,4,5.17,D-4H,1,-1769.490639,-85.846288,-184638.640556,225.000000
34,439.000,2000-11-13,15.000,1,4,5.17,E-3H,1,-1166.094991,-92.283525,-123139.150735,225.000000
35,441.000,2000-11-15,2.000,1,2,2.97,B-2H,1,-2417.251063,-2.291331,-249457.713232,225.000000
35,441.000,2000-11-15,2.000,1,2,2.97,B-4H,1,-4294.127166,-1.048547,-441252.203728,225.000000
35,441.000,2000-11-15,2.000,1,2,2.97,C-1H,1,0.000000,6000.000000,0.000000,323.839177
35,441.000,2000-11-15,2.000,1,2,2.97,C-4H,1,0.000000,6000.000000,0.000000,260.961224
35,441.000,2000-11-15,2.000,1,2,2.97,D-1H,1,-692.584357,-2.713314,-71076.096298,225.000000
35,441.000,2000-11-15,2.000,1,2,2.97,D-2H,1,-3296.509703,-4.319830,-336472.938079,225.000000
35,441.000,2000-11-15,2.000,1,2,2.97,D-4H,1,-1766.109097,-85.898611,-184290.526334,225.000000
35,441.000,2000-11-15,2.000,1,2,2.97,E-3H,1,-1154.608745,-93.029755,-121938.877952,225.000000
36,452.000,2000-11-26,11.000,1,4,5.33,B-2H,1,-2431.668020,-2.346097,-250946.945900,225.000000
36,452.000,2000-11-26,11.000,1,4,5.33,B-4H,1,-4308.493035,-1.048671,-442720.795172,225.000000
36,452.000,2000-11-26,11.000,1,4,5.33,C-1H,1,0.000000,6000.000000,0.000000,323.804712
36,452.000,2000-11-26,11.000,1,4,5.33,C-2H,1,0.000000,6000.000000,0.000000,333.920987
36,452.000,2000-11-26,11.000,1,4,5.33,C-4H,1,0.000000,6000.000000,0.000000,260.275001
36,452.000,2000-11-26,11.000,1,4,5.33,D-1H,1,-723.532695,-2.932437,-74252.253965,225.000000
36,452.000,2000-11-26,11.000,1,4,5.33,D-2H,1,-3385.162041,-4.439556,-345450.829401,225.000000
36,452.000,2000-11-26,11.000,1,4,5.33,D-4H,1,-1757.191456,-86.701803,-183365.193752,225.000000
36,452.000,2000-11-26,11.000,1,4,5.33,E-3H,1,-1099.037630,-97.431883,-116090.943416,225.000000
37,475.000,2000-12-19,23.000,1,4,5.20,B-2H,1,-2485.878080,-2.498126,-256731.377199,225.000000
37,475.000,2000-12-19,23.000,1,4,5.20,B-4H,1,-4378.637553,-1.062695,-450147.790288,225.000000
37,475.000,2000-12-19,23.000,1,4,5.20,C-1H,1,0.000000,6000.000000,0.000000,323.809476
37,475.000,2000-12-19,23.000,1,4,5.20,C-2H,1,0.000000,6000.000000,0.000000,334.294221
37,475.000,2000-12-19,23.000,1,4,5.20,C-4H,1,0.000000,6000.000000,0.000000,259.314775
37,475.000,2000-12-19,23.000,1,4,5.20,D-1H,1,-783.612311,-3.447319,-80543.428693,225.000000
37,475.000,2000-12-19,23.000,1,4,5.20,D-2H,1,-3591.820521,-4.713789,-366876.430539,225.000000
37,475.000,2000-12-19,23.000,1,4,5.20,D-4H,1,-1757.548033,-89.580613,-183442.913376,225.000000
37,475.000,2000-12-19,23.000,1,4,5.20,E-3H,1,-1008.257361,-106.090106,-106490.915641,225.000000
38,480.000,2000-12-24,5.000,1,2,2.79,B-2H,1,-2497.967692,-2.532956,-258028.832645,225.000000
38,480.000,2000-12-24,5.000,1,2,2.79,B-4H,1,-4395.196163,-1.066273,-451908.966487,225.000000
38,480.000,2000-12-24,5.000,1,2,2.79,C-1H,1,0.000000,6000.000000,0.000000,323.812232
38,480.000,2000-12-24,5.000,1,2,2.79,C-2H,1,0.000000,6000.000000,0.000000,334.160298
38,480.000,2000-12-24,5.000,1,2,2.79,C-4H,1,0.000000,6000.000000,0.000000,259.107340
38,480.000,2000-12-24,5.000,1,2,2.79,D-1H,1,-795.680242,-3.562581,-81817.034650,225.000000
38,480.000,2000-12-24,5.000,1,2,2.79,D-2H,1,-3635.474351,-4.771120,-371436.642313,225.000000
38,480.000,2000-12-24,5.000,1,2,2.79,D-4H,1,-1757.878208,-90.184362,-183509.259860,225.000000
38,480.000,2000-12-24,5.000,1,2,2.79,E-3H,1,-990.100947,-107.820010,-104568.553642,225.000000
39,484.000,2000-12-28,4.000,1,2,2.84,B-2H,1,-2507.511865,-2.561453,-259057.715928,225.000000
39,484.000,2000-12-28,4.000,1,2,2.84,B-4H,1,-4408.729416,-1.069354,-453354.163987,225.000000
39,484.000,2000-12-28,4.000,1,2,2.84,C-1H,1,0.000000,6000.000000,0.000000,323.815620
39,484.000,2000-12-28,4.000,1,2,2.84,C-2H,1,0.000000,6000.000000,0.000000,334.052713
39,484.000,2000-12-28,4.000,1,2,2.84,C-4H,1,0.000000,6000.000000,0.000000,258.951924
39,484.000,2000-12-28,4.000,1,2,2.84,D-1H,1,-804.574049,-3.653845,-82760.863058,225.000000
39,484.000,2000-12-28,4.000,1,2,2.84,D-2H,1,-3668.739729,-4.814740,-374934.238396,225.000000
39,484.000,2000-12-28,4.000,1,2,2.84,D-4H,1,-1758.498530,-90.708711,-183599.152296,225.000000
39,484.000,2000-12-28,4.000,1,2,2.84,E-3H,1,-976.416875,-109.197395,-103119.212590,225.000000
40,502.000,2001-01-15,18.000,1,3,4.04,B-2H,1,-2541.427516,-2.693920,-262777.824510,225.000000
40,502.000,2001-01-15,18.000,1,3,4.04,B-4H,1,-4460.909986,-1.084621,-459018.234066,225.000000
40,502.000,2001-01-15,18.000,1,3,4.04,C-1H,1,0.000000,6000.000000,0.000000,323.842834
40,502.000,2001-01-15,18.000,1,3,4.04,C-2H,1,0.000000,6000.000000,0.000000,333.528681
40,502.000,2001-01-15,18.000,1,3,4.04,C-4H,1,0.000000,6000.000000,0.000000,258.443300
40,502.000,2001-01-15,18.000,1,3,4.04,D-1H,1,-831.778831,-4.023126,-85706.217520,225.000000
40,502.000,2001-01-15,18.000,1,3,4.04,D-2H,1,-3781.926975,-4.962593,-387068.195643,225.000000
40,502.000,2001-01-15,18.000,1,3,4.04,D-4H,1,-1761.885426,-93.183334,-184052.428132,225.000000
40,502.000,2001-01-15,18.000,1,3,4.04,E-3H,1,-925.327254,-114.558400,-97707.759988,225.000000
41,505.000,2001-01-18,3.000,1,2,2.89,B-2H,1,-2546.822858,-2.716349,-263372.187461,225.000000
41,505.000,2001-01-18,3.000,1,2,2.89,B-4H,1,-4469.372456,-1.087226,-459939.820352,225.000000
41,505.000,2001-01-18,3.000,1,2,2.89,C-1H,1,0.000000,6000.000000,0.000000,323.847532
41,505.000,2001-01-18,3.000,1,2,2.89,C-2H,1,0.000000,6000.000000,0.000000,333.423475
41,505.000,2001-01-18,3.000,1,2,2.89,C-4H,1,0.000000,6000.000000,0.000000,258.364378
41,505.000,2001-01-18,3.000,1,2,2.89,D-1H,1,-835.984145,-4.084612,-86164.282854,225.000000
41,505.000,2001-01-18,3.000,1,2,2.89,D-2H,1,-3799.862513,-4.985920,-389000.595701,225.000000
41,505.000,2001-01-18,3.000,1,2,2.89,D-4H,1,-1762.335814,-93.570877,-184115.591491,225.000000
41,505.000,2001-01-18,3.000,1,2,2.89,E-3H,1,-916.823278,-115.368748,-96806.768349,225.000000
42,507.000,2001-01-20,2.000,1,2,2.91,B-2H,1,-2550.295942,-2.731363,-263755.808888,225.000000
42,507.000,2001-01-20,2.000,1,2,2.91,B-4H,1,-4474.888508,-1.088973,-460541.674451,225.000000
42,507.000,2001-01-20,2.000,1,2,2.91,C-1H,1,0.000000,6000.000000,0.000000,323.850850
42,507.000,2001-01-20,2.000,1,2,2.91,C-2H,1,0.000000,6000.000000,0.000000,333.355517
42,507.000,2001-01-20,2.000,1,2,2.91,C-4H,1,0.000000,6000.000000,0.000000,258.313512
42,507.000,2001-01-20,2.000,1,2,2.91,D-1H,1,-838.663314,-4.125295,-86457.021126,225.000000
42,507.000,2001-01-20,2.000,1,2,2.91,D-2H,1,-3811.380980,-5.000883,-390244.989177,225.000000
42,507.000,2001-01-20,2.000,1,2,2.91,D-4H,1,-1762.695138,-93.848052,-184163.834340,225.000000
42,507.000,2001-01-20,2.000,1,2,2.91,E-3H,1,-911.413391,-115.929173,-96233.728781,225.000000
43,511.000,2001-01-24,4.000,1,2,3.16,B-2H,1,-2556.742894,-2.761544,-264471.497588,225.000000
43,511.000,2001-01-24,4.000,1,2,3.16,B-4H,1,-4485.318917,-1.092509,-461683.795768,225.000000
43,511.000,2001-01-24,4.000,1,2,3.16,C-1H,1,0.000000,6000.000000,0.000000,323.857499
43,511.000,2001-01-24,4.000,1,2,3.16,C-2H,1,0.000000,6000.000000,0.000000,333.229035
43,511.000,2001-01-24,4.000,1,2,3.16,C-4H,1,0.000000,6000.000000,0.000000,258.218756
43,511.000,2001-01-24,4.000,1,2,3.16,D-1H,1,-843.534351,-4.204752,-86992.354354,225.000000
43,511.000,2001-01-24,4.000,1,2,3.16,D-2H,1,-3832.743490,-5.028607,-392563.927271,225.000000
43,511.000,2001-01-24,4.000,1,2,3.16,D-4H,1,-1763.390121,-94.412676,-184257.416883,225.000000
43,511.000,2001-01-24,4.000,1,2,3.16,E-3H,1,-901.122032,-117.022431,-95143.924858,225.000000
44,541.000,2001-02-23,30.000,1,6,7.71,B-1H,1,-13095.157308,-16.248986,-1326984.145090,225.000000
44,541.000,2001-02-23,30.000,1,6,7.71,B-2H,1,-2334.140880,-2.719432,-240945.365366,225.000000
44,541.000,2001-02-23,30.000,1,6,7.71,B-4H,1,-4083.002285,-1.019350,-419321.286376,225.000000
44,541.000,2001-02-23,30.000,1,6,7.71,C-1H,1,0.000000,6000.000000,0.000000,321.428848
44,541.000,2001-02-23,30.000,1,6,7.71,C-2H,1,0.000000,6000.000000,0.000000,331.876558
44,541.000,2001-02-23,30.000,1,6,7.71,C-4H,1,0.000000,6000.000000,0.000000,256.251182
44,541.000,2001-02-23,30.000,1,6,7.71,D-1H,1,-820.639475,-4.427786,-84751.496459,225.000000
44,541.000,2001-02-23,30.000,1,6,7.71,D-2H,1,-3734.804784,-4.954107,-382954.863566,225.000000
44,541.000,2001-02-23,30.000,1,6,7.71,D-4H,1,-1381.297693,-80.878015,-143874.002362,225.000000
44,541.000,2001-02-23,30.000,1,6,7.71,E-3H,1,-799.711852,-116.236456,-84269.625849,225.000000
45,544.000,2001-02-26,3.000,1,3,4.23,B-1H,1,-12580.661394,-15.481812,-1274314.030659,225.000000
45,544.000,2001-02-26,3.000,1,3,4.23,B-2H,1,-2311.103103,-2.712565,-238531.985382,225.000000
45,544.000,2001-02-26,3.000,1,3,4.23,B-4H,1,-4041.057337,-1.011474,-414910.672662,225.000000
45,544.000,2001-02-26,3.000,1,3,4.23,C-1H,1,0.000000,6000.000000,0.000000,321.207793
45,544.000,2001-02-26,3.000,1,3,4.23,C-2H,1,0.000000,6000.000000,0.000000,331.716921
45,544.000,2001-02-26,3.000,1,3,4.23,C-4H,1,0.000000,6000.000000,0.000000,256.058900
45,544.000,2001-02-26,3.000,1,3,4.23,D-1H,1,-817.836130,-4.445258,-84473.673633,225.000000
45,544.000,2001-02-26,3.000,1,3,4.23,D-2H,1,-3722.692313,-4.943924,-381751.497136,225.000000
45,544.000,2001-02-26,3.000,1,3,4.23,D-4H,1,-1352.431938,-79.974467,-140811.813023,225.000000
45,544.000,2001-02-26,3.000,1,3,4.23,E-3H,1,-790.197249,-116.041781,-83247.742519,225.000000
46,545.000,2001-02-27,1.000,1,2,2.69,B-1H,1,-12444.343120,-15.267969,-1260307.361018,225.000000
46,545.000,2001-02-27,1.000,1,2,2.69,B-2H,1,-2303.362237,-2.710133,-237720.328366,225.000000
46,545.000,2001-02-27,1.000,1,2,2.69,B-4H,1,-4026.961346,-1.008818,-413428.090367,225.000000
46,545.000,2001-02-27,1.000,1,2,2.69,C-1H,1,0.000000,6000.000000,0.000000,321.135496
46,545.000,2001-02-27,1.000,1,2,2.69,C-2H,1,0.000000,6000.000000,0.000000,331.663482
46,545.000,2001-02-27,1.000,1,2,2.69,C-4H,1,0.000000,6000.000000,0.000000,255.995432
46,545.000,2001-02-27,1.000,1,2,2.69,D-1H,1,-816.837395,-4.450754,-84374.270425,225.000000
46,545.000,2001-02-27,1.000,1,2,2.69,D-2H,1,-3718.397637,-4.940221,-381323.462065,225.000000
46,545.000,2001-02-27,1.000,1,2,2.69,D-4H,1,-1342.658566,-79.601365,-139772.751236,225.000000
46,545.000,2001-02-27,1.000,1,2,2.69,E-3H,1,-787.152922,-115.990293,-82920.592376,225.000000
47,557.000,2001-03-11,12.000,1,3,4.04,B-1H,1,-11585.240765,-13.758732,-1171397.734529,225.000000
47,557.000,2001-03-11,12.000,1,3,4.04,B-2H,1,-2221.350092,-2.690459,-229021.864439,225.000000
47,557.000,2001-03-11,12.000,1,3,4.04,B-4H,1,-3877.188715,-0.982587,-397530.672742,225.000000
47,557.000,2001-03-11,12.000,1,3,4.04,C-1H,1,0.000000,6000.000000,0.000000,320.492918
47,557.000,2001-03-11,12.000,1,3,4.04,C-2H,1,0.000000,6000.000000,0.000000,331.033753
47,557.000,2001-03-11,12.000,1,3,4.04,C-4H,1,0.000000,6000.000000,0.000000,255.340420
47,557.000,2001-03-11,12.000,1,3,4.04,D-1H,1,-800.347570,-4.476243,-82690.796690,225.000000
47,557.000,2001-03-11,12.000,1,3,4.04,D-2H,1,-3649.236886,-4.870705,-374306.453697,225.000000
47,557.000,2001-03-11,12.000,1,3,4.04,D-4H,1,-1268.345458,-77.274180,-131712.038736,225.000000
47,557.000,2001-03-11,12.000,1,3,4.04,E-3H,1,-750.809639,-114.627005,-78994.796281,225.000000
48,560.000,2001-03-14,3.000,1,3,4.16,B-1H,1,-11400.814329,-13.432156,-1152385.054068,225.000000
48,560.000,2001-03-14,3.000,1,3,4.16,B-2H,1,-2201.783478,-2.685831,-226942.211374,225.000000
48,560.000,2001-03-14,3.000,1,3,4.16,B-4H,1,-3841.311828,-0.976354,-393720.339193,225.000000
48,560.000,2001-03-14,3.000,1,3,4.16,C-1H,1,0.000000,6000.000000,0.000000,320.346812
48,560.000,2001-03-14,3.000,1,3,4.16,C-2H,1,0.000000,6000.000000,0.000000,330.878192
48,560.000,2001-03-14,3.000,1,3,4.16,C-4H,1,0.000000,6000.000000,0.000000,255.183905
48,560.000,2001-03-14,3.000,1,3,4.16,D-1H,1,-796.051030,-4.479962,-82250.390533,225.000000
48,560.000,2001-03-14,3.000,1,3,4.16,D-2H,1,-3631.162238,-4.852094,-372468.747925,225.000000
48,560.000,2001-03-14,3.000,1,3,4.16,D-4H,1,-1251.742860,-76.718797,-129904.983815,225.000000
48,560.000,2001-03-14,3.000,1,3,4.16,E-3H,1,-741.880493,-114.233716,-78029.392579,225.000000
49,561.000,2001-03-15,1.000,1,3,3.41,B-1H,1,-11342.226617,-13.328097,-1146353.345257,225.000000
49,561.000,2001-03-15,1.000,1,3,3.41,B-2H,1,-2195.377277,-2.684354,-226260.744502,225.000000
49,561.000,2001-03-15,1.000,1,3,3.41,B-4H,1,-3829.643074,-0.974347,-392480.098953,225.000000
49,561.000,2001-03-15,1.000,1,3,3.41,C-1H,1,0.000000,6000.000000,0.000000,320.299715
49,561.000,2001-03-15,1.000,1,3,3.41,C-2H,1,0.000000,6000.000000,0.000000,330.835446
49,561.000,2001-03-15,1.000,1,3,3.41,C-3H,1,0.000000,6000.000000,0.000000,266.813234
49,561.000,2001-03-15,1.000,1,3,3.41,C-4H,1,0.000000,6000.000000,0.000000,255.133917
49,561.000,2001-03-15,1.000,1,3,3.41,D-1H,1,-794.667025,-4.481476,-82108.386216,225.000000
49,561.000,2001-03-15,1.000,1,3,3.41,D-2H,1,-3641.126516,-4.875237,-373474.373705,225.000000
49,561.000,2001-03-15,1.000,1,3,3.41,D-4H,1,-1243.685251,-76.236603,-129038.811554,225.000000
49,561.000,2001-03-15,1.000,1,3,3.41,E-3H,1,-739.110752,-114.126159,-77729.481703,225.000000
50,572.000,2001-03-26,11.000,1,5,5.83,B-1H,1,-10885.217289,-12.452978,-1099304.556440,225.000000
50,572.000,2001-03-26,11.000,1,5,5.83,B-2H,1,-2152.675558,-2.698899,-221625.552838,225.000000
50,572.000,2001-03-26,11.000,1,5,5.83,B-4H,1,-3775.911901,-0.972034,-386527.612793,225.000000
50,572.000,2001-03-26,11.000,1,5,5.83,C-1H,1,0.000000,6000.000000,0.000000,319.931050
50,572.000,2001-03-26,11.000,1,5,5.83,C-2H,1,0.000000,6000.000000,0.000000,330.707084
50,572.000,2001-03-26,11.000,1,5,5.83,C-3H,1,0.000000,6000.000000,0.000000,270.239471
50,572.000,2001-03-26,11.000,1,5,5.83,C-4H,1,0.000000,6000.000000,0.000000,254.752038
50,572.000,2001-03-26,11.000,1,5,5.83,D-1H,1,-794.701810,-4.580242,-82113.235514,225.000000
50,572.000,2001-03-26,11.000,1,5,5.83,D-2H,1,-3886.537505,-5.293282,-398811.031770,225.000000
50,572.000,2001-03-26,11.000,1,5,5.83,D-4H,1,-1206.640527,-75.786317,-124914.149983,225.000000
50,572.000,2001-03-26,11.000,1,5,5.83,E-3H,1,-708.255904,-112.417611,-74379.225522,225.000000
51,593.000,2001-04-16,21.000,1,5,5.98,B-1H,1,-10354.421276,-11.314484,-1044566.790392,225.000000
51,593.000,2001-04-16,21.000,1,5,5.98,B-2H,1,-2125.530950,-2.794352,-218515.880579,225.000000
51,593.000,2001-04-16,21.000,1,5,5.98,B-4H,1,-3758.396937,-0.997478,-384255.509829,225.000000
51,593.000,2001-04-16,21.000,1,5,5.98,C-1H,1,0.000000,6000.000000,0.000000,319.518007
51,593.000,2001-04-16,21.000,1,5,5.98,C-2H,1,0.000000,6000.000000,0.000000,330.569633
51,593.000,2001-04-16,21.000,1,5,5.98,C-3H,1,0.000000,6000.000000,0.000000,272.117696
51,593.000,2001-04-16,21.000,1,5,5.98,C-4H,1,0.000000,6000.000000,0.000000,254.260872
51,593.000,2001-04-16,21.000,1,5,5.98,D-1H,1,-810.307444,-4.895762,-83754.044229,225.000000
51,593.000,2001-04-16,21.000,1,5,5.98,D-2H,1,-4132.767962,-5.699780,-425157.598999,225.000000
51,593.000,2001-04-16,21.000,1,5,5.98,D-4H,1,-1165.129743,-76.291520,-120206.940757,225.000000
51,593.000,2001-04-16,21.000,1,5,5.98,E-3H,1,-657.769126,-109.054786,-68877.930335,225.000000
52,602.000,2001-04-25,9.000,1,3,3.96,B-1H,1,-10171.262248,-10.905426,-1025681.755297,225.000000
52,602.000,2001-04-25,9.000,1,3,3.96,B-2H,1,-2119.639373,-2.843310,-217802.382158,225.000000
52,602.000,2001-04-25,9.000,1,3,3.96,B-4H,1,-3756.221907,-1.011654,-383888.318452,225.000000
52,602.000,2001-04-25,9.000,1,3,3.96,C-1H,1,0.000000,6000.000000,0.000000,319.377366
52,602.000,2001-04-25,9.000,1,3,3.96,C-2H,1,0.000000,6000.000000,0.000000,330.507715
52,602.000,2001-04-25,9.000,1,3,3.96,C-3H,1,0.000000,6000.000000,0.000000,272.556215
52,602.000,2001-04-25,9.000,1,3,3.96,C-4H,1,0.000000,6000.000000,0.000000,254.077283
52,602.000,2001-04-25,9.000,1,3,3.96,D-1H,1,-817.296084,-5.036831,-84495.049841,225.000000
52,602.000,2001-04-25,9.000,1,3,3.96,D-2H,1,-4203.191652,-5.820337,-432891.682354,225.000000
52,602.000,2001-04-25,9.000,1,3,3.96,D-4H,1,-1151.403731,-76.677449,-118641.263919,225.000000
52,602.000,2001-04-25,9.000,1,3,3.96,E-3H,1,-637.816067,-107.593030,-66708.109841,225.000000
53,616.000,2001-05-09,14.000,1,4,4.83,B-1H,1,-9446.039000,-9.875189,-951536.077903,225.000000
53,616.000,2001-05-09,14.000,1,4,4.83,B-2H,1,-2088.185041,-2.894782,-214426.951987,225.000000
53,616.000,2001-05-09,14.000,1,4,4.83,B-3H,1,-8148.475276,-11.574540,-821622.431366,225.000000
53,616.000,2001-05-09,14.000,1,4,4.83,B-4H,1,-3600.276431,-0.998312,-367728.553513,225.000000
53,616.000,2001-05-09,14.000,1,4,4.83,C-1H,1,0.000000,6000.000000,0.000000,319.006946
53,616.000,2001-05-09,14.000,1,4,4.83,C-2H,1,0.000000,6000.000000,0.000000,330.228540
53,616.000,2001-05-09,14.000,1,4,4.83,C-3H,1,0.000000,6000.000000,0.000000,272.847159
53,616.000,2001-05-09,14.000,1,4,4.83,C-4H,1,0.000000,6000.000000,0.000000,253.400191
53,616.000,2001-05-09,14.000,1,4,4.83,D-1H,1,-820.472394,-5.199650,-84860.611688,225.000000
53,616.000,2001-05-09,14.000,1,4,4.83,D-2H,1,-4229.164199,-5.907495,-436173.231477,225.000000
53,616.000,2001-05-09,14.000,1,4,4.83,D-4H,1,-1107.953133,-75.926976,-114008.364266,225.000000
53,616.000,2001-05-09,14.000,1,4,4.83,E-3H,1,-601.638525,-103.525297,-62810.077927,225.000000
54,633.000,2001-05-26,17.000,1,5,6.00,B-1H,1,-8703.333591,-8.858918,-875441.490908,225.000000
54,633.000,2001-05-26,17.000,1,5,6.00,B-2H,1,-2028.077095,-2.929829,-208074.023522,225.000000
54,633.000,2001-05-26,17.000,1,5,6.00,B-3H,1,-6773.124866,-9.603330,-681650.586575,225.000000
54,633.000,2001-05-26,17.000,1,5,6.00,B-4H,1,-3426.868596,-0.989703,-349611.980118,225.000000
54,633.000,2001-05-26,17.000,1,5,6.00,C-1H,1,0.000000,6000.000000,0.000000,318.511830
54,633.000,2001-05-26,17.000,1,5,6.00,C-2H,1,0.000000,6000.000000,0.000000,284.899940
54,633.000,2001-05-26,17.000,1,5,6.00,C-3H,1,0.000000,6000.000000,0.000000,272.901156
54,633.000,2001-05-26,17.000,1,5,6.00,C-4H,1,0.000000,6000.000000,0.000000,252.667981
54,633.000,2001-05-26,17.000,1,5,6.00,D-1H,1,-817.643647,-5.257111,-84608.067988,225.000000
54,633.000,2001-05-26,17.000,1,5,6.00,D-2H,1,-4197.310891,-5.945849,-433339.280280,225.000000
54,633.000,2001-05-26,17.000,1,5,6.00,D-4H,1,-1057.182149,-74.979876,-108619.031812,225.000000
54,633.000,2001-05-26,17.000,1,5,6.00,E-3H,1,-557.040010,-97.600563,-58005.000598,225.000000
55,637.000,2001-05-30,4.000,1,4,4.65,B-1H,1,-8542.151179,-8.640970,-858932.489772,225.000000
55,637.000,2001-05-30,4.000,1,4,4.65,B-2H,1,-2013.614103,-2.937038,-206548.378007,225.000000
55,637.000,2001-05-30,4.000,1,4,4.65,B-3H,1,-6550.554107,-9.265393,-659022.795554,225.000000
55,637.000,2001-05-30,4.000,1,4,4.65,B-4H,1,-3389.028993,-0.988315,-345650.481135,225.000000
55,637.000,2001-05-30,4.000,1,4,4.65,C-1H,1,0.000000,6000.000000,0.000000,318.397948
55,637.000,2001-05-30,4.000,1,4,4.65,C-2H,1,-0.000000,6000.000000,-0.000000,284.125240
55,637.000,2001-05-30,4.000,1,4,4.65,C-3H,1,0.000000,6000.000000,0.000000,272.901479
55,637.000,2001-05-30,4.000,1,4,4.65,C-4H,1,0.000000,6000.000000,0.000000,252.511774
55,637.000,2001-05-30,4.000,1,4,4.65,D-1H,1,-816.947927,-5.272101,-84545.028731,225.000000
55,637.000,2001-05-30,4.000,1,4,4.65,D-2H,1,-4188.224859,-5.953156,-432491.173095,225.000000
55,637.000,2001-05-30,4.000,1,4,4.65,D-4H,1,-1044.847479,-74.624489,-107312.543507,225.000000
55,637.000,2001-05-30,4.000,1,4,4.65,E-3H,1,-546.763732,-96.191385,-56899.204735,225.000000
56,662.000,2001-06-24,25.000,1,4,4.60,B-1H,1,-7898.807604,-7.728267,-792709.401455,225.000000
56,662.000,2001-06-24,25.000,1,4,4.60,B-2H,1,-1944.471931,-3.011673,-199217.832814,225.000000
56,662.000,2001-06-24,25.000,1,4,4.60,B-3H,1,-5880.143872,-8.108474,-590389.182181,225.000000
56,662.000,2001-06-24,25.000,1,4,4.60,B-4H,1,-3245.509671,-1.024886,-330353.677177,225.000000
56,662.000,2001-06-24,25.000,1,4,4.60,C-1H,1,0.000000,6000.000000,0.000000,317.881318
56,662.000,2001-06-24,25.000,1,4,4.60,C-2H,1,0.000000,6000.000000,0.000000,281.050376
56,662.000,2001-06-24,25.000,1,4,4.60,C-3H,1,0.000000,6000.000000,0.000000,272.887270
56,662.000,2001-06-24,25.000,1,4,4.60,C-4H,1,0.000000,6000.000000,0.000000,251.841047
56,662.000,2001-06-24,25.000,1,4,4.60,D-1H,1,-808.115813,-5.298758,-83659.622368,225.000000
56,662.000,2001-06-24,25.000,1,4,4.60,D-2H,1,-4122.619315,-6.006301,-426032.434588,225.000000
56,662.000,2001-06-24,25.000,1,4,4.60,D-4H,1,-991.294964,-73.946357,-101600.254147,225.000000
56,662.000,2001-06-24,25.000,1,4,4.60,E-3H,1,-528.529922,-104.551486,-54759.288671,225.000000
57,664.000,2001-06-26,2.000,1,2,2.74,B-1H,1,-7849.451954,-7.658892,-787636.763519,225.000000
57,664.000,2001-06-26,2.000,1,2,2.74,B-2H,1,-1939.102042,-3.017478,-198648.750580,225.000000
57,664.000,2001-06-26,2.000,1,2,2.74,B-3H,1,-5830.764198,-8.022339,-585337.915862,225.000000
57,664.000,2001-06-26,2.000,1,2,2.74,B-4H,1,-3234.555863,-1.027755,-329185.998123,225.000000
57,664.000,2001-06-26,2.000,1,2,2.74,C-1H,1,0.000000,6000.000000,0.000000,317.841109
57,664.000,2001-06-26,2.000,1,2,2.74,C-2H,1,0.000000,6000.000000,0.000000,280.786949
57,664.000,2001-06-26,2.000,1,2,2.74,C-3H,1,0.000000,6000.000000,0.000000,272.884328
57,664.000,2001-06-26,2.000,1,2,2.74,C-4H,1,0.000000,6000.000000,0.000000,251.788994
57,664.000,2001-06-26,2.000,1,2,2.74,D-1H,1,-807.397940,-5.300474,-83587.441760,225.000000
57,664.000,2001-06-26,2.000,1,2,2.74,D-2H,1,-4117.360736,-6.010562,-425514.765563,225.000000
57,664.000,2001-06-26,2.000,1,2,2.74,D-4H,1,-986.877725,-73.793415,-101130.413514,225.000000
57,664.000,2001-06-26,2.000,1,2,2.74,E-3H,1,-526.829076,-103.994802,-54563.791649,225.000000
58,666.000,2001-06-28,2.000,1,3,4.12,B-1H,1,-7802.595828,-7.592904,-782818.189153,225.000000
58,666.000,2001-06-28,2.000,1,3,4.12,B-2H,1,-1933.889982,-3.023490,-198096.035042,225.000000
58,666.000,2001-06-28,2.000,1,3,4.12,B-3H,1,-5785.186669,-7.942676,-580671.416365,225.000000
58,666.000,2001-06-28,2.000,1,3,4.12,B-4H,1,-3224.211206,-1.030982,-328080.588185,225.000000
58,666.000,2001-06-28,2.000,1,3,4.12,C-1H,1,0.000000,6000.000000,0.000000,317.802010
58,666.000,2001-06-28,2.000,1,3,4.12,C-2H,1,0.000000,6000.000000,0.000000,280.524938
58,666.000,2001-06-28,2.000,1,3,4.12,C-3H,1,0.000000,6000.000000,0.000000,272.881226
58,666.000,2001-06-28,2.000,1,3,4.12,C-4H,1,0.000000,6000.000000,0.000000,251.738454
58,666.000,2001-06-28,2.000,1,3,4.12,D-1H,1,-806.635659,-5.301670,-83510.483341,225.000000
58,666.000,2001-06-28,2.000,1,3,4.12,D-2H,1,-4112.043748,-6.014874,-424990.452262,225.000000
58,666.000,2001-06-28,2.000,1,3,4.12,D-4H,1,-982.901222,-73.752828,-100706.298198,225.000000
58,666.000,2001-06-28,2.000,1,3,4.12,E-3H,1,-525.868439,-104.457361,-54429.408623,225.000000
58,666.000,2001-06-28,2.000,1,3,4.12,F-1H,1,0.000000,6000.000000,0.000000,290.612882
59,684.000,2001-07-16,18.000,1,4,5.49,B-1H,1,-7389.395794,-7.054932,-740448.442858,225.000000
59,684.000,2001-07-16,18.000,1,4,5.49,B-2H,1,-1895.990280,-3.091507,-194059.417062,225.000000
59,684.000,2001-07-16,18.000,1,4,5.49,B-3H,1,-5525.981603,-7.508812,-554012.793331,225.000000
59,684.000,2001-07-16,18.000,1,4,5.49,B-4H,1,-3155.944246,-1.125456,-320725.271379,225.000000
59,684.000,2001-07-16,18.000,1,4,5.49,C-1H,1,0.000000,6000.000000,0.000000,317.508784
59,684.000,2001-07-16,18.000,1,4,5.49,C-2H,1,0.000000,6000.000000,0.000000,278.953645
59,684.000,2001-07-16,18.000,1,4,5.49,C-3H,1,0.000000,6000.000000,0.000000,272.854976
59,684.000,2001-07-16,18.000,1,4,5.49,C-4H,1,0.000000,6000.000000,0.000000,251.364250
59,684.000,2001-07-16,18.000,1,4,5.49,D-1H,1,-798.721842,-5.301022,-82695.578193,225.000000
59,684.000,2001-07-16,18.000,1,4,5.49,D-2H,1,-4066.294862,-6.072004,-420369.832468,225.000000
59,684.000,2001-07-16,18.000,1,4,5.49,D-4H,1,-954.795352,-73.859631,-97695.340449,225.000000
59,684.000,2001-07-16,18.000,1,4,5.49,E-1H,1,-1831.108186,-8.385481,-184392.369368,225.000000
59,684.000,2001-07-16,18.000,1,4,5.49,E-3H,1,-539.134201,-120.392554,-55630.054405,225.000000
59,684.000,2001-07-16,18.000,1,4,5.49,F-1H,1,0.000000,6000.000000,0.000000,296.676962
60,685.000,2001-07-17,1.000,1,2,2.78,B-1H,1,-7366.519499,-7.025271,-738106.114069,225.000000
60,685.000,2001-07-17,1.000,1,2,2.78,B-2H,1,-1893.907681,-3.095214,-193837.711017,225.000000
60,685.000,2001-07-17,1.000,1,2,2.78,B-3H,1,-5511.949231,-7.485359,-552570.683228,225.000000
60,685.000,2001-07-17,1.000,1,2,2.78,B-4H,1,-3152.186846,-1.132362,-320320.902889,225.000000
60,685.000,2001-07-17,1.000,1,2,2.78,C-1H,1,0.000000,6000.000000,0.000000,317.492734
60,685.000,2001-07-17,1.000,1,2,2.78,C-2H,1,0.000000,6000.000000,0.000000,278.871261
60,685.000,2001-07-17,1.000,1,2,2.78,C-3H,1,0.000000,6000.000000,0.000000,272.853189
60,685.000,2001-07-17,1.000,1,2,2.78,C-4H,1,0.000000,6000.000000,0.000000,251.343839
60,685.000,2001-07-17,1.000,1,2,2.78,D-1H,1,-798.286610,-5.301496,-82650.727418,225.000000
60,685.000,2001-07-17,1.000,1,2,2.78,D-2H,1,-4063.776589,-6.075209,-420115.182008,225.000000
60,685.000,2001-07-17,1.000,1,2,2.78,D-4H,1,-953.046106,-73.783312,-97508.891364,225.000000
60,685.000,2001-07-17,1.000,1,2,2.78,E-1H,1,-1806.822129,-8.299440,-181923.556936,225.000000
60,685.000,2001-07-17,1.000,1,2,2.78,E-3H,1,-539.930523,-121.303610,-55702.809540,225.000000
60,685.000,2001-07-17,1.000,1,2,2.78,F-1H,1,0.000000,6000.000000,0.000000,296.968907
61,694.000,2001-07-26,9.000,1,3,4.00,B-1H,1,-7213.622129,-6.810609,-722369.145412,225.000000
61,694.000,2001-07-26,9.000,1,3,4.00,B-2H,1,-1877.227751,-3.157228,-192057.578663,225.000000
61,694.000,2001-07-26,9.000,1,3,4.00,B-3H,1,-5417.053124,-7.335497,-542782.562061,225.000000
61,694.000,2001-07-26,9.000,1,3,4.00,B-4H,1,-3123.317877,-1.207585,-317207.987265,225.000000
61,694.000,2001-07-26,9.000,1,3,4.00,C-1H,1,0.000000,6000.000000,0.000000,317.368819
61,694.000,2001-07-26,9.000,1,3,4.00,C-2H,1,0.000000,6000.000000,0.000000,278.247846
61,694.000,2001-07-26,9.000,1,3,4.00,C-3H,1,0.000000,6000.000000,0.000000,272.837846
61,694.000,2001-07-26,9.000,1,3,4.00,C-4H,1,0.000000,6000.000000,0.000000,251.177290
61,694.000,2001-07-26,9.000,1,3,4.00,D-1H,1,-794.278507,-5.303406,-82234.701698,225.000000
61,694.000,2001-07-26,9.000,1,3,4.00,D-2H,1,-4042.076611,-6.110269,-417893.019098,225.000000
61,694.000,2001-07-26,9.000,1,3,4.00,D-4H,1,-941.087689,-73.946988,-96223.901714,225.000000
61,694.000,2001-07-26,9.000,1,3,4.00,E-1H,1,-1737.395382,-8.078278,-174783.375362,225.000000
61,694.000,2001-07-26,9.000,1,3,4.00,E-3H,1,-544.820123,-129.813191,-56190.513369,225.000000
61,694.000,2001-07-26,9.000,1,3,4.00,F-1H,1,0.000000,6000.000000,0.000000,298.430587
62,696.000,2001-07-28,2.000,1,2,2.84,B-1H,1,-7182.167275,-6.765436,-719128.739450,225.000000
62,696.000,2001-07-28,2.000,1,2,2.84,B-2H,1,-1873.615152,-3.174535,-191671.941920,225.000000
62,696.000,2001-07-28,2.000,1,2,2.84,B-3H,1,-5397.376910,-7.304871,-540751.866486,225.000000
62,696.000,2001-07-28,2.000,1,2,2.84,B-4H,1,-3117.084360,-1.224842,-316536.475116,225.000000
62,696.000,2001-07-28,2.000,1,2,2.84,C-1H,1,0.000000,6000.000000,0.000000,317.342348
62,696.000,2001-07-28,2.000,1,2,2.84,C-2H,1,0.000000,6000.000000,0.000000,278.107556
62,696.000,2001-07-28,2.000,1,2,2.84,C-3H,1,0.000000,6000.000000,0.000000,272.833315
62,696.000,2001-07-28,2.000,1,2,2.84,C-4H,1,0.000000,6000.000000,0.000000,251.141237
62,696.000,2001-07-28,2.000,1,2,2.84,D-1H,1,-793.391067,-5.303742,-82142.452331,225.000000
62,696.000,2001-07-28,2.000,1,2,2.84,D-2H,1,-4037.319162,-6.118339,-417404.480146,225.000000
62,696.000,2001-07-28,2.000,1,2,2.84,D-4H,1,-938.413722,-73.948799,-95936.887991,225.000000
62,696.000,2001-07-28,2.000,1,2,2.84,E-1H,1,-1725.668344,-8.042532,-173574.503981,225.000000
62,696.000,2001-07-28,2.000,1,2,2.84,E-3H,1,-545.670713,-131.746852,-56277.387770,225.000000
62,696.000,2001-07-28,2.000,1,2,2.84,F-1H,1,0.000000,6000.000000,0.000000,298.712008
63,697.000,2001-07-29,1.000,1,2,2.73,B-1H,1,-7167.123514,-6.743594,-717577.717730,225.000000
63,697.000,2001-07-29,1.000,1,2,2.73,B-2H,1,-1871.834860,-3.183205,-191481.847194,225.000000
63,697.000,2001-07-29,1.000,1,2,2.73,B-3H,1,-5387.919479,-7.290299,-539775.266912,225.000000
63,697.000,2001-07-29,1.000,1,2,2.73,B-4H,1,-3114.024871,-1.233650,-316206.906380,225.000000
63,697.000,2001-07-29,1.000,1,2,2.73,C-1H,1,0.000000,6000.000000,0.000000,317.329420
63,697.000,2001-07-29,1.000,1,2,2.73,C-2H,1,0.000000,6000.000000,0.000000,278.038896
63,697.000,2001-07-29,1.000,1,2,2.73,C-3H,1,0.000000,6000.000000,0.000000,272.831001
63,697.000,2001-07-29,1.000,1,2,2.73,C-4H,1,0.000000,6000.000000,0.000000,251.123409
63,697.000,2001-07-29,1.000,1,2,2.73,D-1H,1,-792.947440,-5.303889,-82096.303228,225.000000
63,697.000,2001-07-29,1.000,1,2,2.73,D-2H,1,-4034.953306,-6.122447,-417161.188971,225.000000
63,697.000,2001-07-29,1.000,1,2,2.73,D-4H,1,-937.132069,-73.962327,-95799.126556,225.000000
63,697.000,2001-07-29,1.000,1,2,2.73,E-1H,1,-1720.536355,-8.027355,-173044.379924,225.000000
63,697.000,2001-07-29,1.000,1,2,2.73,E-3H,1,-546.054119,-132.707155,-56317.268185,225.000000
63,697.000,2001-07-29,1.000,1,2,2.73,F-1H,1,0.000000,6000.000000,0.000000,298.843171
64,706.000,2001-08-07,9.000,1,3,3.82,B-1H,1,-7071.198613,-6.588874,-707625.948548,225.000000
64,706.000,2001-08-07,9.000,1,3,3.82,B-2H,1,-1857.658151,-3.263558,-189964.247840,225.000000
64,706.000,2001-08-07,9.000,1,3,3.82,B-3H,1,-5325.200172,-7.588667,-533268.589432,225.000000
64,706.000,2001-08-07,9.000,1,3,3.82,B-4H,1,-3090.031129,-1.328485,-313620.544080,225.000000
64,706.000,2001-08-07,9.000,1,3,3.82,C-1H,1,0.000000,6000.000000,0.000000,317.237236
64,706.000,2001-08-07,9.000,1,3,3.82,C-2H,1,0.000000,6000.000000,0.000000,277.467693
64,706.000,2001-08-07,9.000,1,3,3.82,C-3H,1,0.000000,6000.000000,0.000000,272.814880
64,706.000,2001-08-07,9.000,1,3,3.82,C-4H,1,0.000000,6000.000000,0.000000,250.979185
64,706.000,2001-08-07,9.000,1,3,3.82,D-1H,1,-789.095931,-5.305005,-81693.285129,225.000000
64,706.000,2001-08-07,9.000,1,3,3.82,D-2H,1,-4014.948648,-6.166805,-415081.607548,225.000000
64,706.000,2001-08-07,9.000,1,3,3.82,D-4H,1,-927.503644,-74.280525,-94757.669712,225.000000
64,706.000,2001-08-07,9.000,1,3,3.82,E-1H,1,-1700.976046,-7.986706,-170972.242636,225.000000
64,706.000,2001-08-07,9.000,1,3,3.82,E-3H,1,-546.204722,-140.218556,-56371.952868,225.000000
64,706.000,2001-08-07,9.000,1,3,3.82,F-1H,1,0.000000,6000.000000,0.000000,299.588385
65,709.000,2001-08-10,3.000,1,4,4.79,B-1H,1,-7043.405789,-6.541823,-704735.151400,225.000000
65,709.000,2001-08-10,3.000,1,4,4.79,B-2H,1,-1853.134688,-3.290427,-189479.691327,225.000000
65,709.000,2001-08-10,3.000,1,4,4.79,B-3H,1,-5307.608343,-7.783195,-531436.754665,225.000000
65,709.000,2001-08-10,3.000,1,4,4.79,B-4H,1,-3082.440455,-1.361583,-312802.152713,225.000000
65,709.000,2001-08-10,3.000,1,4,4.79,C-1H,1,0.000000,6000.000000,0.000000,317.209457
65,709.000,2001-08-10,3.000,1,4,4.79,C-2H,1,0.000000,6000.000000,0.000000,277.280223
65,709.000,2001-08-10,3.000,1,4,4.79,C-3H,1,0.000000,6000.000000,0.000000,272.809605
65,709.000,2001-08-10,3.000,1,4,4.79,C-4H,1,0.000000,6000.000000,0.000000,250.933092
65,709.000,2001-08-10,3.000,1,4,4.79,D-1H,1,-787.833040,-5.305378,-81560.888907,225.000000
65,709.000,2001-08-10,3.000,1,4,4.79,D-2H,1,-4008.438453,-6.182360,-414402.469833,225.000000
65,709.000,2001-08-10,3.000,1,4,4.79,D-4H,1,-924.406539,-74.359722,-94422.418509,225.000000
65,709.000,2001-08-10,3.000,1,4,4.79,E-1H,1,-1698.488235,-7.996083,-170687.214087,225.000000
65,709.000,2001-08-10,3.000,1,4,4.79,E-3H,1,-550.404102,-144.035611,-56802.262456,225.000000
65,709.000,2001-08-10,3.000,1,4,4.79,F-1H,1,0.000000,6000.000000,0.000000,300.803616
65,709.000,2001-08-10,3.000,1,4,4.79,F-2H,1,0.000000,6000.000000,0.000000,336.566247
66,725.000,2001-08-26,16.000,1,5,5.75,B-1H,1,-7013.585806,-6.413380,-701335.961658,225.000000
66,725.000,2001-08-26,16.000,1,5,5.75,B-2H,1,-1835.535685,-3.443569,-187579.815415,225.000000
66,725.000,2001-08-26,16.000,1,5,5.75,B-3H,1,-5324.872118,-9.424384,-532960.206794,225.000000
66,725.000,2001-08-26,16.000,1,5,5.75,B-4H,1,-3053.915275,-1.589461,-309704.914241,225.000000
66,725.000,2001-08-26,16.000,1,5,5.75,C-1H,1,0.000000,6000.000000,0.000000,317.157320
66,725.000,2001-08-26,16.000,1,5,5.75,C-2H,1,0.000000,6000.000000,0.000000,276.471318
66,725.000,2001-08-26,16.000,1,5,5.75,C-3H,1,0.000000,6000.000000,0.000000,272.801644
66,725.000,2001-08-26,16.000,1,5,5.75,C-4H,1,0.000000,6000.000000,0.000000,250.748437
66,725.000,2001-08-26,16.000,1,5,5.75,D-1H,1,-782.347751,-5.315691,-80980.554924,225.000000
66,725.000,2001-08-26,16.000,1,5,5.75,D-2H,1,-3979.344605,-6.306757,-411339.815382,225.000000
66,725.000,2001-08-26,16.000,1,5,5.75,D-4H,1,-914.513700,-75.455766,-93321.193105,225.000000
66,725.000,2001-08-26,16.000,1,5,5.75,E-1H,1,-1778.581696,-8.494862,-178549.960734,225.000000
66,725.000,2001-08-26,16.000,1,5,5.75,E-3H,1,-597.466343,-172.252832,-62137.271729,225.000000
66,725.000,2001-08-26,16.000,1,5,5.75,F-1H,1,0.000000,6000.000000,0.000000,305.399686
66,725.000,2001-08-26,16.000,1,5,5.75,F-2H,1,0.000000,6000.000000,0.000000,349.332976
67,733.000,2001-09-03,8.000,1,4,4.83,B-1H,1,-7025.133879,-6.375894,-702324.164464,225.000000
67,733.000,2001-09-03,8.000,1,4,4.83,B-2H,1,-1828.400319,-3.522528,-186804.897459,225.000000
67,733.000,2001-09-03,8.000,1,4,4.83,B-3H,1,-5355.397204,-10.478996,-535955.669733,225.000000
67,733.000,2001-09-03,8.000,1,4,4.83,B-4H,1,-3042.667674,-1.715622,-308474.044834,225.000000
67,733.000,2001-09-03,8.000,1,4,4.83,C-1H,1,0.000000,6000.000000,0.000000,317.153315
67,733.000,2001-09-03,8.000,1,4,4.83,C-2H,1,0.000000,6000.000000,0.000000,276.115428
67,733.000,2001-09-03,8.000,1,4,4.83,C-3H,1,0.000000,6000.000000,0.000000,272.801968
67,733.000,2001-09-03,8.000,1,4,4.83,C-4H,1,0.000000,6000.000000,0.000000,250.670412
67,733.000,2001-09-03,8.000,1,4,4.83,D-1H,1,-779.983827,-5.323701,-80729.099464,225.000000
67,733.000,2001-09-03,8.000,1,4,4.83,D-2H,1,-3966.269031,-6.384094,-409962.332165,225.000000
67,733.000,2001-09-03,8.000,1,4,4.83,D-4H,1,-910.822639,-76.055826,-92901.268399,225.000000
67,733.000,2001-09-03,8.000,1,4,4.83,E-1H,1,-1834.205307,-8.804609,-184075.354683,225.000000
67,733.000,2001-09-03,8.000,1,4,4.83,E-3H,1,-618.577370,-186.695811,-64581.596668,225.000000
67,733.000,2001-09-03,8.000,1,4,4.83,F-1H,1,0.000000,6000.000000,0.000000,307.148829
67,733.000,2001-09-03,8.000,1,4,4.83,F-2H,1,0.000000,6000.000000,0.000000,352.143430
68,734.000,2001-09-04,1.000,1,2,2.55,B-1H,1,-7026.969471,-6.371535,-702487.535757,225.000000
68,734.000,2001-09-04,1.000,1,2,2.55,B-2H,1,-1827.529778,-3.532411,-186710.304292,225.000000
68,734.000,2001-09-04,1.000,1,2,2.55,B-3H,1,-5359.335331,-10.617414,-536342.999181,225.000000
68,734.000,2001-09-04,1.000,1,2,2.55,B-4H,1,-3041.290869,-1.731527,-308323.198945,225.000000
68,734.000,2001-09-04,1.000,1,2,2.55,C-1H,1,0.000000,6000.000000,0.000000,317.153140
68,734.000,2001-09-04,1.000,1,2,2.55,C-2H,1,0.000000,6000.000000,0.000000,276.071699
68,734.000,2001-09-04,1.000,1,2,2.55,C-3H,1,0.000000,6000.000000,0.000000,272.801967
68,734.000,2001-09-04,1.000,1,2,2.55,C-4H,1,0.000000,6000.000000,0.000000,250.660880
68,734.000,2001-09-04,1.000,1,2,2.55,D-1H,1,-779.691592,-5.324719,-80697.998062,225.000000
68,734.000,2001-09-04,1.000,1,2,2.55,D-2H,1,-3964.655399,-6.393984,-409792.440065,225.000000
68,734.000,2001-09-04,1.000,1,2,2.55,D-4H,1,-910.312506,-76.104986,-92843.787311,225.000000
68,734.000,2001-09-04,1.000,1,2,2.55,E-1H,1,-1841.426727,-8.844302,-184793.795547,225.000000
68,734.000,2001-09-04,1.000,1,2,2.55,E-3H,1,-621.169867,-188.539931,-64883.967437,225.000000
68,734.000,2001-09-04,1.000,1,2,2.55,F-1H,1,0.000000,6000.000000,0.000000,307.359079
68,734.000,2001-09-04,1.000,1,2,2.55,F-2H,1,0.000000,6000.000000,0.000000,352.454948
69,737.000,2001-09-07,3.000,1,3,3.76,B-1H,1,-7036.045794,-6.362232,-703340.247880,225.000000
69,737.000,2001-09-07,3.000,1,3,3.76,B-2H,1,-1825.172213,-3.562529,-186453.159969,225.000000
69,737.000,2001-09-07,3.000,1,3,3.76,B-3H,1,-5374.305965,-11.064198,-537826.767611,225.000000
69,737.000,2001-09-07,3.000,1,3,3.76,B-4H,1,-3037.626882,-1.781365,-307918.770542,225.000000
69,737.000,2001-09-07,3.000,1,3,3.76,C-1H,1,0.000000,6000.000000,0.000000,317.155424
69,737.000,2001-09-07,3.000,1,3,3.76,C-2H,1,0.000000,6000.000000,0.000000,275.942844
69,737.000,2001-09-07,3.000,1,3,3.76,C-3H,1,0.000000,6000.000000,0.000000,272.802590
69,737.000,2001-09-07,3.000,1,3,3.76,C-4H,1,0.000000,6000.000000,0.000000,250.634164
69,737.000,2001-09-07,3.000,1,3,3.76,D-1H,1,-778.882406,-5.328334,-80611.639815,225.000000
69,737.000,2001-09-07,3.000,1,3,3.76,D-2H,1,-3960.026249,-6.425839,-409305.507049,225.000000
69,737.000,2001-09-07,3.000,1,3,3.76,D-4H,1,-909.257032,-76.375331,-92720.404038,225.000000
69,737.000,2001-09-07,3.000,1,3,3.76,E-1H,1,-1864.536905,-8.967691,-187097.794790,225.000000
69,737.000,2001-09-07,3.000,1,3,3.76,E-3H,1,-628.236881,-193.861591,-65713.865476,225.000000
69,737.000,2001-09-07,3.000,1,3,3.76,F-1H,1,0.000000,6000.000000,0.000000,307.921697
69,737.000,2001-09-07,3.000,1,3,3.76,F-2H,1,0.000000,6000.000000,0.000000,353.178334
70,755.000,2001-09-25,18.000,1,5,6.09,B-1H,1,-7065.973178,-6.286420,-706110.191149,225.000000
70,755.000,2001-09-25,18.000,1,5,6.09,B-2H,1,-1815.655682,-3.752890,-185413.527699,225.000000
70,755.000,2001-09-25,18.000,1,5,6.09,B-3H,1,-5264.213493,-15.465864,-526564.297652,225.000000
70,755.000,2001-09-25,18.000,1,5,6.09,B-4H,1,-3018.998471,-2.145815,-305878.354497,225.000000
70,755.000,2001-09-25,18.000,1,5,6.09,C-1H,1,0.000000,6000.000000,0.000000,317.187360
70,755.000,2001-09-25,18.000,1,5,6.09,C-2H,1,0.000000,6000.000000,0.000000,275.315246
70,755.000,2001-09-25,18.000,1,5,6.09,C-3H,1,0.000000,6000.000000,0.000000,272.829076
70,755.000,2001-09-25,18.000,1,5,6.09,C-4H,1,0.000000,6000.000000,0.000000,250.485675
70,755.000,2001-09-25,18.000,1,5,6.09,D-1H,1,-775.532504,-5.363092,-80250.892025,225.000000
70,755.000,2001-09-25,18.000,1,5,6.09,D-2H,1,-3937.088709,-6.682561,-406897.688259,225.000000
70,755.000,2001-09-25,18.000,1,5,6.09,D-4H,1,-905.240335,-78.245099,-92234.556753,225.000000
70,755.000,2001-09-25,18.000,1,5,6.09,E-1H,1,-1943.754047,-9.392225,-195113.909275,225.000000
70,755.000,2001-09-25,18.000,1,5,6.09,E-2H,1,-2392.992573,-4.444503,-242846.708593,225.000000
70,755.000,2001-09-25,18.000,1,5,6.09,E-3H,1,-639.335488,-216.377330,-67195.181885,225.000000
70,755.000,2001-09-25,18.000,1,5,6.09,F-1H,1,0.000000,6000.000000,0.000000,309.779995
70,755.000,2001-09-25,18.000,1,5,6.09,F-2H,1,0.000000,6000.000000,0.000000,355.221050
71,786.000,2001-10-26,31.000,1,3,4.14,B-1H,1,-7126.971055,-6.176723,-711979.448473,225.000000
71,786.000,2001-10-26,31.000,1,3,4.14,B-2H,1,-1806.716175,-4.102315,-184441.803362,225.000000
71,786.000,2001-10-26,31.000,1,3,4.14,B-3H,1,-5206.675397,-27.222979,-520644.936236,225.000000
71,786.000,2001-10-26,31.000,1,3,4.14,B-4H,1,-2989.279161,-3.119071,-302704.870425,225.000000
71,786.000,2001-10-26,31.000,1,3,4.14,C-1H,1,0.000000,6000.000000,0.000000,317.268517
71,786.000,2001-10-26,31.000,1,3,4.14,C-2H,1,0.000000,6000.000000,0.000000,274.577094
71,786.000,2001-10-26,31.000,1,3,4.14,C-3H,1,0.000000,6000.000000,0.000000,272.924692
71,786.000,2001-10-26,31.000,1,3,4.14,C-4H,1,0.000000,6000.000000,0.000000,250.298219
71,786.000,2001-10-26,31.000,1,3,4.14,D-1H,1,-772.945507,-5.453635,-79969.577439,225.000000
71,786.000,2001-10-26,31.000,1,3,4.14,D-2H,1,-3909.324738,-7.632740,-404005.655526,225.000000
71,786.000,2001-10-26,31.000,1,3,4.14,D-4H,1,-901.145199,-81.802484,-91727.624857,225.000000
71,786.000,2001-10-26,31.000,1,3,4.14,E-1H,1,-2029.855656,-9.793572,-204016.256602,225.000000
71,786.000,2001-10-26,31.000,1,3,4.14,E-2H,1,-2450.214928,-4.195407,-248013.366137,225.000000
71,786.000,2001-10-26,31.000,1,3,4.14,E-3H,1,-628.095734,-243.525134,-66293.426082,225.000000
71,786.000,2001-10-26,31.000,1,3,4.14,F-1H,1,0.000000,6000.000000,0.000000,311.304609
71,786.000,2001-10-26,31.000,1,3,4.14,F-2H,1,0.000000,6000.000000,0.000000,356.818052
72,817.000,2001-11-26,31.000,1,4,5.24,B-1H,1,-7193.406772,-6.082605,-718492.957913,225.000000
72,817.000,2001-11-26,31.000,1,4,5.24,B-2H,1,-1802.234937,-4.473581,-183965.188426,225.000000
72,817.000,2001-11-26,31.000,1,4,5.24,B-3H,1,-5183.567482,-42.384645,-518289.510189,225.000000
72,817.000,2001-11-26,31.000,1,4,5.24,B-4H,1,-2960.485803,-5.006975,-299697.314180,225.000000
72,817.000,2001-11-26,31.000,1,4,5.24,C-1H,1,0.000000,6000.000000,0.000000,317.361856
72,817.000,2001-11-26,31.000,1,4,5.24,C-2H,1,0.000000,6000.000000,0.000000,274.009799
72,817.000,2001-11-26,31.000,1,4,5.24,C-3H,1,0.000000,6000.000000,0.000000,273.047516
72,817.000,2001-11-26,31.000,1,4,5.24,C-4H,1,0.000000,6000.000000,0.000000,250.162663
72,817.000,2001-11-26,31.000,1,4,5.24,D-1H,1,-772.556360,-5.568599,-79927.715794,225.000000
72,817.000,2001-11-26,31.000,1,4,5.24,D-2H,1,-3888.650073,-8.652943,-401887.469857,225.000000
72,817.000,2001-11-26,31.000,1,4,5.24,D-4H,1,-898.420568,-85.881658,-91391.876437,225.000000
72,817.000,2001-11-26,31.000,1,4,5.24,E-1H,1,-2090.355503,-10.020862,-210404.558090,225.000000
72,817.000,2001-11-26,31.000,1,4,5.24,E-2H,1,-2535.176220,-4.008797,-256311.743779,225.000000
72,817.000,2001-11-26,31.000,1,4,5.24,E-3H,1,-606.226100,-265.206689,-64149.082559,225.000000
72,817.000,2001-11-26,31.000,1,4,5.24,F-1H,1,0.000000,6000.000000,0.000000,312.156192
72,817.000,2001-11-26,31.000,1,4,5.24,F-2H,1,0.000000,6000.000000,0.000000,357.715141
73,846.000,2001-12-25,29.000,1,3,3.78,B-1H,1,-7249.229798,-6.021504,-724012.394277,225.000000
73,846.000,2001-12-25,29.000,1,3,3.78,B-2H,1,-1800.073615,-4.842942,-183753.031478,225.000000
73,846.000,2001-12-25,29.000,1,3,3.78,B-3H,1,-5167.404794,-57.124952,-516688.808755,225.000000
73,846.000,2001-12-25,29.000,1,3,3.78,B-4H,1,-2930.293004,-7.596510,-296622.763706,225.000000
73,846.000,2001-12-25,29.000,1,3,3.78,C-1H,1,0.000000,6000.000000,0.000000,317.453074
73,846.000,2001-12-25,29.000,1,3,3.78,C-2H,1,0.000000,6000.000000,0.000000,273.583154
73,846.000,2001-12-25,29.000,1,3,3.78,C-3H,1,0.000000,6000.000000,0.000000,273.177811
73,846.000,2001-12-25,29.000,1,3,3.78,C-4H,1,0.000000,6000.000000,0.000000,250.068490
73,846.000,2001-12-25,29.000,1,3,3.78,D-1H,1,-773.539856,-5.693045,-80037.264860,225.000000
73,846.000,2001-12-25,29.000,1,3,3.78,D-2H,1,-3871.113063,-9.672885,-400128.503776,225.000000
73,846.000,2001-12-25,29.000,1,3,3.78,D-4H,1,-896.123604,-90.046650,-91124.286585,225.000000
73,846.000,2001-12-25,29.000,1,3,3.78,E-1H,1,-2130.490385,-10.133150,-214727.719281,225.000000
73,846.000,2001-12-25,29.000,1,3,3.78,E-2H,1,-2597.238874,-3.842896,-262513.005723,225.000000
73,846.000,2001-12-25,29.000,1,3,3.78,E-3H,1,-583.717625,-282.749603,-61949.643742,225.000000
73,846.000,2001-12-25,29.000,1,3,3.78,F-1H,1,0.000000,6000.000000,0.000000,312.679270
73,846.000,2001-12-25,29.000,1,3,3.78,F-2H,1,0.000000,6000.000000,0.000000,358.271838
74,847.000,2001-12-26,1.000,1,2,2.62,B-1H,1,-7251.200861,-6.019888,-724207.379665,225.000000
74,847.000,2001-12-26,1.000,1,2,2.62,B-2H,1,-1799.989897,-4.855764,-183744.798719,225.000000
74,847.000,2001-12-26,1.000,1,2,2.62,B-3H,1,-5164.926636,-57.612411,-516439.805125,225.000000
74,847.000,2001-12-26,1.000,1,2,2.62,B-4H,1,-2929.193603,-7.696861,-296510.810455,225.000000
74,847.000,2001-12-26,1.000,1,2,2.62,C-1H,1,0.000000,6000.000000,0.000000,317.456253
74,847.000,2001-12-26,1.000,1,2,2.62,C-2H,1,0.000000,6000.000000,0.000000,273.567966
74,847.000,2001-12-26,1.000,1,2,2.62,C-3H,1,0.000000,6000.000000,0.000000,273.182092
74,847.000,2001-12-26,1.000,1,2,2.62,C-4H,1,0.000000,6000.000000,0.000000,250.065285
74,847.000,2001-12-26,1.000,1,2,2.62,D-1H,1,-773.562281,-5.697177,-80039.858626,225.000000
74,847.000,2001-12-26,1.000,1,2,2.62,D-2H,1,-3870.491136,-9.708495,-400066.243787,225.000000
74,847.000,2001-12-26,1.000,1,2,2.62,D-4H,1,-895.696439,-90.023753,-91079.244887,225.000000
74,847.000,2001-12-26,1.000,1,2,2.62,E-1H,1,-2131.837507,-10.136767,-214873.258740,225.000000
74,847.000,2001-12-26,1.000,1,2,2.62,E-2H,1,-2599.381727,-3.837063,-262727.386441,225.000000
74,847.000,2001-12-26,1.000,1,2,2.62,E-3H,1,-582.886950,-283.322689,-61880.964465,225.000000
74,847.000,2001-12-26,1.000,1,2,2.62,F-1H,1,0.000000,6000.000000,0.000000,312.696932
74,847.000,2001-12-26,1.000,1,2,2.62,F-2H,1,0.000000,6000.000000,0.000000,358.290603
75,848.000,2001-12-27,1.000,1,2,2.57,B-1H,1,-7253.128902,-6.018186,-724398.149041,225.000000
75,848.000,2001-12-27,1.000,1,2,2.57,B-2H,1,-1799.919350,-4.868660,-183737.942697,225.000000
75,848.000,2001-12-27,1.000,1,2,2.57,B-3H,1,-5164.476342,-58.147224,-516395.209301,225.000000
75,848.000,2001-12-27,1.000,1,2,2.57,B-4H,1,-2928.262709,-7.803610,-296416.087417,225.000000
75,848.000,2001-12-27,1.000,1,2,2.57,C-1H,1,0.000000,6000.000000,0.000000,317.459417
75,848.000,2001-12-27,1.000,1,2,2.57,C-2H,1,0.000000,6000.000000,0.000000,273.552761
75,848.000,2001-12-27,1.000,1,2,2.57,C-3H,1,0.000000,6000.000000,0.000000,273.186274
75,848.000,2001-12-27,1.000,1,2,2.57,C-4H,1,0.000000,6000.000000,0.000000,250.062109
75,848.000,2001-12-27,1.000,1,2,2.57,D-1H,1,-773.599716,-5.701532,-80044.021112,225.000000
75,848.000,2001-12-27,1.000,1,2,2.57,D-2H,1,-3869.874080,-9.744524,-400004.662951,225.000000
75,848.000,2001-12-27,1.000,1,2,2.57,D-4H,1,-895.637957,-90.172181,-91072.135864,225.000000
75,848.000,2001-12-27,1.000,1,2,2.57,E-1H,1,-2133.192153,-10.140390,-215019.605576,225.000000
75,848.000,2001-12-27,1.000,1,2,2.57,E-2H,1,-2601.500880,-3.831230,-262939.689061,225.000000
75,848.000,2001-12-27,1.000,1,2,2.57,E-3H,1,-582.101224,-283.932086,-61815.815460,225.000000
75,848.000,2001-12-27,1.000,1,2,2.57,F-1H,1,0.000000,6000.000000,0.000000,312.714349
75,848.000,2001-12-27,1.000,1,2,2.57,F-2H,1,0.000000,6000.000000,0.000000,358.309091
76,877.000,2002-01-25,29.000,1,3,3.82,B-1H,1,-7300.650129,-5.963839,-729131.046506,225.000000
76,877.000,2002-01-25,29.000,1,3,3.82,B-2H,1,-1799.224014,-5.270072,-183697.874073,225.000000
76,877.000,2002-01-25,29.000,1,3,3.82,B-3H,1,-5152.967050,-72.182428,-515292.108458,225.000000
76,877.000,2002-01-25,29.000,1,3,3.82,B-4H,1,-2870.023174,-11.360560,-290564.585920,225.000000
76,877.000,2002-01-25,29.000,1,3,3.82,C-1H,1,0.000000,6000.000000,0.000000,317.550930
76,877.000,2002-01-25,29.000,1,3,3.82,C-2H,1,0.000000,6000.000000,0.000000,273.200219
76,877.000,2002-01-25,29.000,1,3,3.82,C-3H,1,0.000000,6000.000000,0.000000,273.329797
76,877.000,2002-01-25,29.000,1,3,3.82,C-4H,1,0.000000,6000.000000,0.000000,249.998768
76,877.000,2002-01-25,29.000,1,3,3.82,D-1H,1,-775.812091,-5.842091,-80289.244184,225.000000
76,877.000,2002-01-25,29.000,1,3,3.82,D-2H,1,-3849.201914,-11.029551,-397971.070351,225.000000
76,877.000,2002-01-25,29.000,1,3,3.82,D-4H,1,-894.015337,-94.773218,-90890.425540,225.000000
76,877.000,2002-01-25,29.000,1,3,3.82,E-1H,1,-2160.824594,-10.182654,-218102.134629,225.000000
76,877.000,2002-01-25,29.000,1,3,3.82,E-2H,1,-2645.797238,-3.677896,-267507.614992,225.000000
76,877.000,2002-01-25,29.000,1,3,3.82,E-3H,1,-561.849250,-303.127386,-59860.039485,225.000000
76,877.000,2002-01-25,29.000,1,3,3.82,F-1H,1,0.000000,6000.000000,0.000000,313.081576
76,877.000,2002-01-25,29.000,1,3,3.82,F-2H,1,0.000000,6000.000000,0.000000,358.705691
77,907.000,2002-02-24,30.000,1,3,3.93,B-1H,1,-7344.268828,-5.904778,-733503.817741,225.000000
77,907.000,2002-02-24,30.000,1,3,3.93,B-2H,1,-1799.704682,-5.720205,-183797.395036,225.000000
77,907.000,2002-02-24,30.000,1,3,3.93,B-3H,1,-5138.432363,-84.818268,-513905.638556,225.000000
77,907.000,2002-02-24,30.000,1,3,3.93,B-4H,1,-2782.273115,-16.409382,-281756.254621,225.000000
77,907.000,2002-02-24,30.000,1,3,3.93,C-1H,1,0.000000,6000.000000,0.000000,317.647111
77,907.000,2002-02-24,30.000,1,3,3.93,C-2H,1,0.000000,6000.000000,0.000000,272.917287
77,907.000,2002-02-24,30.000,1,3,3.93,C-3H,1,0.000000,6000.000000,0.000000,273.496195
77,907.000,2002-02-24,30.000,1,3,3.93,C-4H,1,0.000000,6000.000000,0.000000,249.961918
77,907.000,2002-02-24,30.000,1,3,3.93,D-1H,1,-779.202141,-6.003001,-80664.336597,225.000000
77,907.000,2002-02-24,30.000,1,3,3.93,D-2H,1,-3825.339443,-12.592583,-395621.071910,225.000000
77,907.000,2002-02-24,30.000,1,3,3.93,D-4H,1,-892.397146,-99.736607,-90719.974212,225.000000
77,907.000,2002-02-24,30.000,1,3,3.93,E-1H,1,-2182.003191,-10.183602,-220525.573452,225.000000
77,907.000,2002-02-24,30.000,1,3,3.93,E-2H,1,-2680.486058,-3.536904,-271155.785532,225.000000
77,907.000,2002-02-24,30.000,1,3,3.93,E-3H,1,-542.846322,-322.802443,-57928.481722,225.000000
77,907.000,2002-02-24,30.000,1,3,3.93,F-1H,1,0.000000,6000.000000,0.000000,313.378226
77,907.000,2002-02-24,30.000,1,3,3.93,F-2H,1,0.000000,6000.000000,0.000000,359.027232
78,932.000,2002-03-21,25.000,1,3,3.62,B-1H,1,-7378.168489,-5.855307,-736921.265190,225.000000
78,932.000,2002-03-21,25.000,1,3,3.62,B-2H,1,-1800.599537,-6.122270,-183942.029819,225.000000
78,932.000,2002-03-21,25.000,1,3,3.62,B-3H,1,-5124.213772,-94.824068,-512549.731473,225.000000
78,932.000,2002-03-21,25.000,1,3,3.62,B-4H,1,-2704.585127,-23.058818,-273982.693076,225.000000
78,932.000,2002-03-21,25.000,1,3,3.62,C-1H,1,0.000000,6000.000000,0.000000,317.728910
78,932.000,2002-03-21,25.000,1,3,3.62,C-2H,1,0.000000,6000.000000,0.000000,272.731514
78,932.000,2002-03-21,25.000,1,3,3.62,C-3H,1,0.000000,6000.000000,0.000000,273.645437
78,932.000,2002-03-21,25.000,1,3,3.62,C-4H,1,0.000000,6000.000000,0.000000,249.947250
78,932.000,2002-03-21,25.000,1,3,3.62,D-1H,1,-782.708807,-6.150176,-81052.286348,225.000000
78,932.000,2002-03-21,25.000,1,3,3.62,D-2H,1,-3803.131522,-14.148423,-393426.980776,225.000000
78,932.000,2002-03-21,25.000,1,3,3.62,D-4H,1,-891.121685,-104.170134,-90591.623517,225.000000
78,932.000,2002-03-21,25.000,1,3,3.62,E-1H,1,-2196.793568,-10.165031,-222221.607505,225.000000
78,932.000,2002-03-21,25.000,1,3,3.62,E-2H,1,-2704.707487,-3.431284,-273736.507267,225.000000
78,932.000,2002-03-21,25.000,1,3,3.62,E-3H,1,-527.071227,-338.747483,-56296.731695,225.000000
78,932.000,2002-03-21,25.000,1,3,3.62,F-1H,1,0.000000,6000.000000,0.000000,313.588428
78,932.000,2002-03-21,25.000,1,3,3.62,F-2H,1,0.000000,6000.000000,0.000000,359.255871
79,938.000,2002-03-27,6.000,1,2,2.67,B-1H,1,-7386.332446,-5.843564,-737745.355737,225.000000
79,938.000,2002-03-27,6.000,1,2,2.67,B-2H,1,-1800.829044,-6.220942,-183978.882027,225.000000
79,938.000,2002-03-27,6.000,1,2,2.67,B-3H,1,-5119.803464,-97.152868,-512124.363794,225.000000
79,938.000,2002-03-27,6.000,1,2,2.67,B-4H,1,-2684.660917,-24.680337,-271987.359130,225.000000
79,938.000,2002-03-27,6.000,1,2,2.67,C-1H,1,0.000000,6000.000000,0.000000,317.748553
79,938.000,2002-03-27,6.000,1,2,2.67,C-2H,1,0.000000,6000.000000,0.000000,272.689677
79,938.000,2002-03-27,6.000,1,2,2.67,C-3H,1,0.000000,6000.000000,0.000000,273.681687
79,938.000,2002-03-27,6.000,1,2,2.67,C-4H,1,0.000000,6000.000000,0.000000,249.944588
79,938.000,2002-03-27,6.000,1,2,2.67,D-1H,1,-783.585885,-6.188415,-81149.359889,225.000000
79,938.000,2002-03-27,6.000,1,2,2.67,D-2H,1,-3797.765087,-14.611429,-392896.622553,225.000000
79,938.000,2002-03-27,6.000,1,2,2.67,D-4H,1,-890.607388,-105.167010,-90539.662062,225.000000
79,938.000,2002-03-27,6.000,1,2,2.67,E-1H,1,-2200.217497,-10.159523,-222613.768446,225.000000
79,938.000,2002-03-27,6.000,1,2,2.67,E-2H,1,-2710.332092,-3.406506,-274337.877419,225.000000
79,938.000,2002-03-27,6.000,1,2,2.67,E-3H,1,-523.211275,-342.513856,-55895.117296,225.000000
79,938.000,2002-03-27,6.000,1,2,2.67,F-1H,1,0.000000,6000.000000,0.000000,313.636813
79,938.000,2002-03-27,6.000,1,2,2.67,F-2H,1,0.000000,6000.000000,0.000000,359.308317
80,946.000,2002-04-04,8.000,1,2,2.97,B-1H,1,-7397.066948,-5.827945,-738830.842807,225.000000
80,946.000,2002-04-04,8.000,1,2,2.97,B-2H,1,-1801.186049,-6.355682,-184034.322534,225.000000
80,946.000,2002-04-04,8.000,1,2,2.97,B-3H,1,-5114.803036,-100.662627,-511648.097235,225.000000
80,946.000,2002-04-04,8.000,1,2,2.97,B-4H,1,-2656.922666,-26.898775,-269210.789671,225.000000
80,946.000,2002-04-04,8.000,1,2,2.97,C-1H,1,0.000000,6000.000000,0.000000,317.774570
80,946.000,2002-04-04,8.000,1,2,2.97,C-2H,1,0.000000,6000.000000,0.000000,272.638529
80,946.000,2002-04-04,8.000,1,2,2.97,C-3H,1,0.000000,6000.000000,0.000000,273.731078
80,946.000,2002-04-04,8.000,1,2,2.97,C-4H,1,0.000000,6000.000000,0.000000,249.942640
80,946.000,2002-04-04,8.000,1,2,2.97,D-1H,1,-784.836722,-6.240584,-81287.711450,225.000000
80,946.000,2002-04-04,8.000,1,2,2.97,D-2H,1,-3790.585884,-15.241042,-392187.661022,225.000000
80,946.000,2002-04-04,8.000,1,2,2.97,D-4H,1,-890.280944,-106.708995,-90508.016164,225.000000
80,946.000,2002-04-04,8.000,1,2,2.97,E-1H,1,-2204.611494,-10.150787,-223114.860080,225.000000
80,946.000,2002-04-04,8.000,1,2,2.97,E-2H,1,-2717.479662,-3.374732,-275105.380737,225.000000
80,946.000,2002-04-04,8.000,1,2,2.97,E-3H,1,-518.041264,-347.495013,-55354.800335,225.000000
80,946.000,2002-04-04,8.000,1,2,2.97,E-4AH,1,-165.619489,-4.811589,-15598.153410,225.000000
80,946.000,2002-04-04,8.000,1,2,2.97,F-1H,1,0.000000,6000.000000,0.000000,313.694823
80,946.000,2002-04-04,8.000,1,2,2.97,F-2H,1,0.000000,6000.000000,0.000000,359.374707
81,967.000,2002-04-25,21.000,1,3,3.74,B-1H,1,-7423.705400,-5.787291,-741535.856082,225.000000
81,967.000,2002-04-25,21.000,1,3,3.74,B-2H,1,-1802.285477,-6.730452,-184203.187569,225.000000
81,967.000,2002-04-25,21.000,1,3,3.74,B-3H,1,-5099.336343,-109.273937,-510170.837553,225.000000
81,967.000,2002-04-25,21.000,1,3,3.74,B-4H,1,-2580.535145,-33.778637,-261576.686973,225.000000
81,967.000,2002-04-25,21.000,1,3,3.74,C-1H,1,0.000000,6000.000000,0.000000,317.843889
81,967.000,2002-04-25,21.000,1,3,3.74,C-2H,1,0.000000,6000.000000,0.000000,272.532273
81,967.000,2002-04-25,21.000,1,3,3.74,C-3H,1,0.000000,6000.000000,0.000000,273.868936
81,967.000,2002-04-25,21.000,1,3,3.74,C-4H,1,0.000000,6000.000000,0.000000,249.947053
81,967.000,2002-04-25,21.000,1,3,3.74,D-1H,1,-788.517369,-6.385439,-81695.074567,225.000000
81,967.000,2002-04-25,21.000,1,3,3.74,D-2H,1,-3770.744820,-17.192956,-390231.191795,225.000000
81,967.000,2002-04-25,21.000,1,3,3.74,D-4H,1,-889.637376,-110.925544,-90450.152203,225.000000
81,967.000,2002-04-25,21.000,1,3,3.74,E-1H,1,-2215.036966,-10.120098,-224294.112168,225.000000
81,967.000,2002-04-25,21.000,1,3,3.74,E-2H,1,-2734.601268,-3.299127,-276953.591301,225.000000
81,967.000,2002-04-25,21.000,1,3,3.74,E-3H,1,-504.074116,-360.217790,-53886.496189,225.000000
81,967.000,2002-04-25,21.000,1,3,3.74,E-4AH,1,-72.317465,-2.097250,-6810.704998,225.000000
81,967.000,2002-04-25,21.000,1,3,3.74,F-1H,1,0.000000,6000.000000,0.000000,313.847082
81,967.000,2002-04-25,21.000,1,3,3.74,F-2H,1,0.000000,6000.000000,0.000000,359.535825
82,968.000,2002-04-26,1.000,1,2,2.51,B-1H,1,-7424.524705,-5.785371,-741619.833249,225.000000
82,968.000,2002-04-26,1.000,1,2,2.51,B-2H,1,-1802.037407,-6.747853,-184180.854715,225.000000
82,968.000,2002-04-26,1.000,1,2,2.51,B-3H,1,-5097.262239,-109.621170,-509965.825114,225.000000
82,968.000,2002-04-26,1.000,1,2,2.51,B-4H,1,-3914.994479,-33.637663,-396161.818335,225.000000
82,968.000,2002-04-26,1.000,1,2,2.51,C-1H,1,0.000000,6000.000000,0.000000,317.847129
82,968.000,2002-04-26,1.000,1,2,2.51,C-2H,1,0.000000,6000.000000,0.000000,272.527270
82,968.000,2002-04-26,1.000,1,2,2.51,C-3H,1,0.000000,6000.000000,0.000000,273.875379
82,968.000,2002-04-26,1.000,1,2,2.51,C-4H,1,0.000000,6000.000000,0.000000,249.927219
82,968.000,2002-04-26,1.000,1,2,2.51,D-1H,1,-788.682005,-6.392166,-81713.385098,225.000000
82,968.000,2002-04-26,1.000,1,2,2.51,D-2H,1,-3769.303853,-17.286239,-390087.868629,225.000000
82,968.000,2002-04-26,1.000,1,2,2.51,D-4H,1,-889.328044,-110.958343,-90418.748733,225.000000
82,968.000,2002-04-26,1.000,1,2,2.51,E-1H,1,-2215.520352,-10.118560,-224348.942225,225.000000
82,968.000,2002-04-26,1.000,1,2,2.51,E-2H,1,-2735.409239,-3.295516,-277040.876309,225.000000
82,968.000,2002-04-26,1.000,1,2,2.51,E-3H,1,-503.405178,-360.792798,-53816.023612,225.000000
82,968.000,2002-04-26,1.000,1,2,2.51,E-4AH,1,-69.107924,-2.003952,-6508.419422,225.000000
82,968.000,2002-04-26,1.000,1,2,2.51,F-1H,1,0.000000,6000.000000,0.000000,313.854099
82,968.000,2002-04-26,1.000,1,2,2.51,F-2H,1,0.000000,6000.000000,0.000000,359.543331
83,999.000,2002-05-27,31.000,1,3,3.81,B-1H,1,-7372.505533,-5.687032,-736458.967174,225.000000
83,999.000,2002-05-27,31.000,1,3,3.81,B-2H,1,-1772.682890,-7.229526,-181226.262820,225.000000
83,999.000,2002-05-27,31.000,1,3,3.81,B-3H,1,-4994.037536,-121.691836,-499746.545750,225.000000
83,999.000,2002-05-27,31.000,1,3,3.81,B-4H,1,-3553.651150,-42.683172,-359161.922304,225.000000
83,999.000,2002-05-27,31.000,1,3,3.81,C-1H,1,0.000000,6000.000000,0.000000,317.886369
83,999.000,2002-05-27,31.000,1,3,3.81,C-2H,1,0.000000,6000.000000,0.000000,272.329082
83,999.000,2002-05-27,31.000,1,3,3.81,C-3H,1,0.000000,6000.000000,0.000000,273.963549
83,999.000,2002-05-27,31.000,1,3,3.81,C-4H,1,0.000000,6000.000000,0.000000,249.720967
83,999.000,2002-05-27,31.000,1,3,3.81,D-1H,1,-786.633433,-6.533413,-81533.735751,225.000000
83,999.000,2002-05-27,31.000,1,3,3.81,D-2H,1,-3672.595559,-20.126528,-380271.122454,225.000000
83,999.000,2002-05-27,31.000,1,3,3.81,D-4H,1,-877.356864,-116.402734,-89221.773021,225.000000
83,999.000,2002-05-27,31.000,1,3,3.81,E-1H,1,-2225.384917,-10.050205,-225519.070672,225.000000
83,999.000,2002-05-27,31.000,1,3,3.81,E-2H,1,-2752.590522,-3.194350,-278940.436692,225.000000
83,999.000,2002-05-27,31.000,1,3,3.81,E-3H,1,-481.696024,-379.656737,-51523.617779,225.000000
83,999.000,2002-05-27,31.000,1,3,3.81,E-4AH,1,-56.653425,-1.638696,-5335.375451,225.000000
83,999.000,2002-05-27,31.000,1,3,3.81,F-1H,1,0.000000,6000.000000,0.000000,314.045512
83,999.000,2002-05-27,31.000,1,3,3.81,F-2H,1,0.000000,6000.000000,0.000000,359.751135
84,1000.000,2002-05-28,1.000,1,2,2.63,B-1H,1,-7370.820164,-5.683887,-736292.893812,225.000000
84,1000.000,2002-05-28,1.000,1,2,2.63,B-2H,1,-1771.726497,-7.245004,-181129.925117,225.000000
84,1000.000,2002-05-28,1.000,1,2,2.63,B-3H,1,-4988.982863,-121.984173,-499242.279330,225.000000
84,1000.000,2002-05-28,1.000,1,2,2.63,B-4H,1,-3543.685977,-43.006378,-358138.333142,225.000000
84,1000.000,2002-05-28,1.000,1,2,2.63,C-1H,1,0.000000,6000.000000,0.000000,317.887572
84,1000.000,2002-05-28,1.000,1,2,2.63,C-2H,1,0.000000,6000.000000,0.000000,272.322544
84,1000.000,2002-05-28,1.000,1,2,2.63,C-3H,1,0.000000,6000.000000,0.000000,273.966221
84,1000.000,2002-05-28,1.000,1,2,2.63,C-4H,1,0.000000,6000.000000,0.000000,249.714885
84,1000.000,2002-05-28,1.000,1,2,2.63,D-1H,1,-786.560205,-6.537740,-81527.192364,225.000000
84,1000.000,2002-05-28,1.000,1,2,2.63,D-2H,1,-3669.447339,-20.218368,-379951.398253,225.000000
84,1000.000,2002-05-28,1.000,1,2,2.63,D-4H,1,-876.548646,-116.320118,-89139.604295,225.000000
84,1000.000,2002-05-28,1.000,1,2,2.63,E-1H,1,-2225.683156,-10.047896,-225554.790690,225.000000
84,1000.000,2002-05-28,1.000,1,2,2.63,E-2H,1,-2753.133101,-3.191064,-279000.537303,225.000000
84,1000.000,2002-05-28,1.000,1,2,2.63,E-3H,1,-481.012185,-380.272646,-51451.398042,225.000000
84,1000.000,2002-05-28,1.000,1,2,2.63,E-4AH,1,-56.325480,-1.629069,-5304.487254,225.000000
84,1000.000,2002-05-28,1.000,1,2,2.63,F-1H,1,0.000000,6000.000000,0.000000,314.051629
84,1000.000,2002-05-28,1.000,1,2,2.63,F-2H,1,0.000000,6000.000000,0.000000,359.757765
85,1001.000,2002-05-29,1.000,1,2,2.61,B-1H,1,-7369.083275,-5.680672,-736121.539339,225.000000
85,1001.000,2002-05-29,1.000,1,2,2.61,B-2H,1,-1770.769356,-7.260479,-181033.437297,225.000000
85,1001.000,2002-05-29,1.000,1,2,2.61,B-3H,1,-4985.674753,-122.387698,-498914.748970,225.000000
85,1001.000,2002-05-29,1.000,1,2,2.61,B-4H,1,-3535.168599,-43.353946,-357260.248954,225.000000
85,1001.000,2002-05-29,1.000,1,2,2.61,C-1H,1,0.000000,6000.000000,0.000000,317.888707
85,1001.000,2002-05-29,1.000,1,2,2.61,C-2H,1,0.000000,6000.000000,0.000000,272.315918
85,1001.000,2002-05-29,1.000,1,2,2.61,C-3H,1,0.000000,6000.000000,0.000000,273.968759
85,1001.000,2002-05-29,1.000,1,2,2.61,C-4H,1,0.000000,6000.000000,0.000000,249.709160
85,1001.000,2002-05-29,1.000,1,2,2.61,D-1H,1,-786.479827,-6.542157,-81519.900418,225.000000
85,1001.000,2002-05-29,1.000,1,2,2.61,D-2H,1,-3666.295062,-20.310444,-379631.147686,225.000000
85,1001.000,2002-05-29,1.000,1,2,2.61,D-4H,1,-876.157002,-116.494685,-89100.373667,225.000000
85,1001.000,2002-05-29,1.000,1,2,2.61,E-1H,1,-2225.994786,-10.045647,-225591.861290,225.000000
85,1001.000,2002-05-29,1.000,1,2,2.61,E-2H,1,-2753.686403,-3.187807,-279061.712138,225.000000
85,1001.000,2002-05-29,1.000,1,2,2.61,E-3H,1,-480.322588,-380.942029,-51378.570681,225.000000
85,1001.000,2002-05-29,1.000,1,2,2.61,E-4AH,1,-56.044725,-1.620810,-5278.043666,225.000000
85,1001.000,2002-05-29,1.000,1,2,2.61,F-1H,1,0.000000,6000.000000,0.000000,314.057732
85,1001.000,2002-05-29,1.000,1,2,2.61,F-2H,1,0.000000,6000.000000,0.000000,359.764368
86,1018.000,2002-06-15,17.000,1,2,2.68,B-1H,1,-7350.612749,-5.629141,-734291.146727,225.000000
86,1018.000,2002-06-15,17.000,1,2,2.68,B-2H,1,-1759.109459,-7.569514,-179853.807895,225.000000
86,1018.000,2002-06-15,17.000,1,2,2.68,B-3H,1,-4938.421211,-129.400007,-494226.701433,225.000000
86,1018.000,2002-06-15,17.000,1,2,2.68,B-4H,1,-3425.301404,-50.836310,-345989.839321,225.000000
86,1018.000,2002-06-15,17.000,1,2,2.68,C-1H,1,0.000000,6000.000000,0.000000,317.908963
86,1018.000,2002-06-15,17.000,1,2,2.68,C-2H,1,0.000000,6000.000000,0.000000,272.211296
86,1018.000,2002-06-15,17.000,1,2,2.68,C-3H,1,0.000000,6000.000000,0.000000,274.023591
86,1018.000,2002-06-15,17.000,1,2,2.68,C-4H,1,0.000000,6000.000000,0.000000,249.662610
86,1018.000,2002-06-15,17.000,1,2,2.68,D-1H,1,-785.484524,-6.618048,-81430.603913,225.000000
86,1018.000,2002-06-15,17.000,1,2,2.68,D-2H,1,-3618.139487,-22.322642,-374693.851803,225.000000
86,1018.000,2002-06-15,17.000,1,2,2.68,D-4H,1,-870.494955,-119.684153,-88529.456585,225.000000
86,1018.000,2002-06-15,17.000,1,2,2.68,E-1H,1,-2230.573892,-10.004037,-226141.929788,225.000000
86,1018.000,2002-06-15,17.000,1,2,2.68,E-2H,1,-2762.195091,-3.136146,-280005.974858,225.000000
86,1018.000,2002-06-15,17.000,1,2,2.68,E-3H,1,-468.470211,-392.242403,-50124.667504,225.000000
86,1018.000,2002-06-15,17.000,1,2,2.68,E-4AH,1,-54.610681,-1.577237,-5142.971240,225.000000
86,1018.000,2002-06-15,17.000,1,2,2.68,F-1H,1,0.000000,6000.000000,0.000000,314.154068
86,1018.000,2002-06-15,17.000,1,2,2.68,F-2H,1,0.000000,6000.000000,0.000000,359.868458
87,1024.000,2002-06-21,6.000,1,2,2.83,B-1H,1,-7345.817144,-5.611848,-733815.203154,225.000000
87,1024.000,2002-06-21,6.000,1,2,2.83,B-2H,1,-1755.568344,-7.684203,-179495.383668,225.000000
87,1024.000,2002-06-21,6.000,1,2,2.83,B-3H,1,-4922.145635,-131.907209,-492608.912702,225.000000
87,1024.000,2002-06-21,6.000,1,2,2.83,B-4H,1,-3387.520101,-53.686328,-342126.784778,225.000000
87,1024.000,2002-06-21,6.000,1,2,2.83,C-1H,1,0.000000,6000.000000,0.000000,317.916757
87,1024.000,2002-06-21,6.000,1,2,2.83,C-2H,1,0.000000,6000.000000,0.000000,272.175452
87,1024.000,2002-06-21,6.000,1,2,2.83,C-3H,1,0.000000,6000.000000,0.000000,274.045166
87,1024.000,2002-06-21,6.000,1,2,2.83,C-4H,1,0.000000,6000.000000,0.000000,249.650882
87,1024.000,2002-06-21,6.000,1,2,2.83,D-1H,1,-785.245340,-6.645542,-81410.272648,225.000000
87,1024.000,2002-06-21,6.000,1,2,2.83,D-2H,1,-3601.909497,-23.075023,-373023.903799,225.000000
87,1024.000,2002-06-21,6.000,1,2,2.83,D-4H,1,-868.474406,-120.693174,-88324.604602,225.000000
87,1024.000,2002-06-21,6.000,1,2,2.83,E-1H,1,-2232.144943,-9.989027,-226330.411869,225.000000
87,1024.000,2002-06-21,6.000,1,2,2.83,E-2H,1,-2765.191788,-3.118364,-280337.884051,225.000000
87,1024.000,2002-06-21,6.000,1,2,2.83,E-3H,1,-464.305976,-396.218269,-49683.646706,225.000000
87,1024.000,2002-06-21,6.000,1,2,2.83,E-4AH,1,-54.312206,-1.567888,-5114.857238,225.000000
87,1024.000,2002-06-21,6.000,1,2,2.83,F-1H,1,0.000000,6000.000000,0.000000,314.187230
87,1024.000,2002-06-21,6.000,1,2,2.83,F-2H,1,0.000000,6000.000000,0.000000,359.904144
88,1025.000,2002-06-22,1.000,1,2,2.59,B-1H,1,-7345.068301,-5.608994,-733740.861090,225.000000
88,1025.000,2002-06-22,1.000,1,2,2.59,B-2H,1,-1754.992661,-7.703413,-179437.108432,225.000000
88,1025.000,2002-06-22,1.000,1,2,2.59,B-3H,1,-4919.254734,-132.321766,-492321.109049,225.000000
88,1025.000,2002-06-22,1.000,1,2,2.59,B-4H,1,-3381.244331,-54.161468,-341485.264123,225.000000
88,1025.000,2002-06-22,1.000,1,2,2.59,C-1H,1,0.000000,6000.000000,0.000000,317.918076
88,1025.000,2002-06-22,1.000,1,2,2.59,C-2H,1,0.000000,6000.000000,0.000000,272.169508
88,1025.000,2002-06-22,1.000,1,2,2.59,C-3H,1,0.000000,6000.000000,0.000000,274.048820
88,1025.000,2002-06-22,1.000,1,2,2.59,C-4H,1,0.000000,6000.000000,0.000000,249.649047
88,1025.000,2002-06-22,1.000,1,2,2.59,D-1H,1,-785.208068,-6.650127,-81407.140517,225.000000
88,1025.000,2002-06-22,1.000,1,2,2.59,D-2H,1,-3599.221700,-23.201267,-372747.173344,225.000000
88,1025.000,2002-06-22,1.000,1,2,2.59,D-4H,1,-868.102044,-120.833921,-88286.754720,225.000000
88,1025.000,2002-06-22,1.000,1,2,2.59,E-1H,1,-2232.404930,-9.986512,-226361.605925,225.000000
88,1025.000,2002-06-22,1.000,1,2,2.59,E-2H,1,-2765.691001,-3.115411,-280393.159070,225.000000
88,1025.000,2002-06-22,1.000,1,2,2.59,E-3H,1,-463.613229,-396.875020,-49610.260487,225.000000
88,1025.000,2002-06-22,1.000,1,2,2.59,E-4AH,1,-54.267788,-1.566484,-5110.673392,225.000000
88,1025.000,2002-06-22,1.000,1,2,2.59,F-1H,1,0.000000,6000.000000,0.000000,314.192733
88,1025.000,2002-06-22,1.000,1,2,2.59,F-2H,1,0.000000,6000.000000,0.000000,359.910060
89,1030.000,2002-06-27,5.000,1,3,3.41,B-1H,1,-6401.562627,-4.613411,-639269.290903,225.000000
89,1030.000,2002-06-27,5.000,1,3,3.41,B-2H,1,-1749.020387,-7.797477,-178831.308164,225.000000
89,1030.000,2002-06-27,5.000,1,3,3.41,B-3H,1,-4619.236370,-129.067474,-462469.689474,225.000000
89,1030.000,2002-06-27,5.000,1,3,3.41,B-4H,1,-3334.475931,-56.272664,-336752.567339,225.000000
89,1030.000,2002-06-27,5.000,1,3,3.41,C-1H,1,0.000000,6000.000000,0.000000,317.847039
89,1030.000,2002-06-27,5.000,1,3,3.41,C-2H,1,0.000000,6000.000000,0.000000,272.134364
89,1030.000,2002-06-27,5.000,1,3,3.41,C-3H,1,0.000000,6000.000000,0.000000,274.064203
89,1030.000,2002-06-27,5.000,1,3,3.41,C-4H,1,0.000000,6000.000000,0.000000,249.546408
89,1030.000,2002-06-27,5.000,1,3,3.41,D-1H,1,-784.790649,-6.670371,-81367.508320,225.000000
89,1030.000,2002-06-27,5.000,1,3,3.41,D-2H,1,-3584.115638,-23.846010,-371192.449618,225.000000
89,1030.000,2002-06-27,5.000,1,3,3.41,D-3AH,1,-8323.377446,-20.220662,-827669.437196,225.000000
89,1030.000,2002-06-27,5.000,1,3,3.41,D-4H,1,-855.500885,-120.461189,-87029.859530,225.000000
89,1030.000,2002-06-27,5.000,1,3,3.41,E-1H,1,-2204.048699,-9.887574,-223566.364506,225.000000
89,1030.000,2002-06-27,5.000,1,3,3.41,E-2H,1,-2749.613935,-3.089471,-278816.973230,225.000000
89,1030.000,2002-06-27,5.000,1,3,3.41,E-3H,1,-459.998174,-400.022935,-49230.320142,225.000000
89,1030.000,2002-06-27,5.000,1,3,3.41,E-4AH,1,-54.112485,-1.561403,-5096.044824,225.000000
89,1030.000,2002-06-27,5.000,1,3,3.41,F-1H,1,0.000000,6000.000000,0.000000,314.209954
89,1030.000,2002-06-27,5.000,1,3,3.41,F-2H,1,0.000000,6000.000000,0.000000,359.933494
90,1038.000,2002-07-05,8.000,1,2,2.64,B-1H,1,-5745.756661,-3.984138,-573574.277900,225.000000
90,1038.000,2002-07-05,8.000,1,2,2.64,B-2H,1,-1732.287507,-7.932915,-177125.793792,225.000000
90,1038.000,2002-07-05,8.000,1,2,2.64,B-3H,1,-4293.020952,-124.871299,-429844.595202,225.000000
90,1038.000,2002-07-05,8.000,1,2,2.64,B-4H,1,-3242.414840,-59.186858,-327463.824662,225.000000
90,1038.000,2002-07-05,8.000,1,2,2.64,C-1H,1,0.000000,6000.000000,0.000000,317.665341
90,1038.000,2002-07-05,8.000,1,2,2.64,C-2H,1,0.000000,6000.000000,0.000000,272.065666
90,1038.000,2002-07-05,8.000,1,2,2.64,C-3H,1,0.000000,6000.000000,0.000000,274.076223
90,1038.000,2002-07-05,8.000,1,2,2.64,C-4H,1,0.000000,6000.000000,0.000000,249.369178
90,1038.000,2002-07-05,8.000,1,2,2.64,D-1H,1,-782.997346,-6.689996,-81187.128082,225.000000
90,1038.000,2002-07-05,8.000,1,2,2.64,D-2H,1,-3553.039799,-24.926282,-367999.486489,225.000000
90,1038.000,2002-07-05,8.000,1,2,2.64,D-3AH,1,-7117.396182,-17.811268,-705781.648802,225.000000
90,1038.000,2002-07-05,8.000,1,2,2.64,D-4H,1,-829.999274,-118.938573,-84470.450635,225.000000
90,1038.000,2002-07-05,8.000,1,2,2.64,E-1H,1,-2148.532499,-9.687895,-218071.803159,225.000000
90,1038.000,2002-07-05,8.000,1,2,2.64,E-2H,1,-2704.270290,-3.033807,-274333.935224,225.000000
90,1038.000,2002-07-05,8.000,1,2,2.64,E-3H,1,-453.286693,-404.068021,-48526.086495,225.000000
90,1038.000,2002-07-05,8.000,1,2,2.64,E-4AH,1,-53.864775,-1.553315,-5072.713434,225.000000
90,1038.000,2002-07-05,8.000,1,2,2.64,F-1H,1,0.000000,6000.000000,0.000000,314.219105
90,1038.000,2002-07-05,8.000,1,2,2.64,F-2H,1,0.000000,6000.000000,0.000000,359.943951
91,1039.000,2002-07-06,1.000,1,2,2.55,B-1H,1,-5675.576593,-3.918483,-566555.854084,225.000000
91,1039.000,2002-07-06,1.000,1,2,2.55,B-2H,1,-1730.097622,-7.949284,-176902.516359,225.000000
91,1039.000,2002-07-06,1.000,1,2,2.55,B-3H,1,-4255.175295,-124.341506,-426055.766629,225.000000
91,1039.000,2002-07-06,1.000,1,2,2.55,B-4H,1,-3230.539148,-59.537614,-326265.932907,225.000000
91,1039.000,2002-07-06,1.000,1,2,2.55,C-1H,1,0.000000,6000.000000,0.000000,317.642035
91,1039.000,2002-07-06,1.000,1,2,2.55,C-2H,1,0.000000,6000.000000,0.000000,272.056912
91,1039.000,2002-07-06,1.000,1,2,2.55,C-3H,1,0.000000,6000.000000,0.000000,274.077518
91,1039.000,2002-07-06,1.000,1,2,2.55,C-4H,1,0.000000,6000.000000,0.000000,249.347312
91,1039.000,2002-07-06,1.000,1,2,2.55,D-1H,1,-782.756380,-6.692221,-81162.833209,225.000000
91,1039.000,2002-07-06,1.000,1,2,2.55,D-2H,1,-3549.055435,-25.062117,-367590.139148,225.000000
91,1039.000,2002-07-06,1.000,1,2,2.55,D-3AH,1,-7011.363727,-17.610667,-695017.371313,225.000000
91,1039.000,2002-07-06,1.000,1,2,2.55,D-4H,1,-826.750098,-118.692434,-84143.881932,225.000000
91,1039.000,2002-07-06,1.000,1,2,2.55,E-1H,1,-2141.559696,-9.662600,-217381.115593,225.000000
91,1039.000,2002-07-06,1.000,1,2,2.55,E-2H,1,-2698.352090,-3.026665,-273748.288763,225.000000
91,1039.000,2002-07-06,1.000,1,2,2.55,E-3H,1,-452.453271,-404.555944,-48438.682555,225.000000
91,1039.000,2002-07-06,1.000,1,2,2.55,E-4AH,1,-53.835290,-1.552347,-5069.936239,225.000000
91,1039.000,2002-07-06,1.000,1,2,2.55,F-1H,1,0.000000,6000.000000,0.000000,314.219374
91,1039.000,2002-07-06,1.000,1,2,2.55,F-2H,1,0.000000,6000.000000,0.000000,359.944803
92,1050.000,2002-07-17,11.000,1,2,2.64,B-1H,1,-5344.502446,-3.631359,-533204.495997,225.000000
92,1050.000,2002-07-17,11.000,1,2,2.64,B-2H,1,-1704.604925,-8.154026,-174285.666028,225.000000
92,1050.000,2002-07-17,11.000,1,2,2.64,B-3H,1,-4035.287587,-123.145403,-403923.087037,225.000000
92,1050.000,2002-07-17,11.000,1,2,2.64,B-4H,1,-3115.228178,-63.400437,-314592.966400,225.000000
92,1050.000,2002-07-17,11.000,1,2,2.64,C-1H,1,0.000000,6000.000000,0.000000,317.435821
92,1050.000,2002-07-17,11.000,1,2,2.64,C-2H,1,0.000000,6000.000000,0.000000,271.953019
92,1050.000,2002-07-17,11.000,1,2,2.64,C-3H,1,0.000000,6000.000000,0.000000,274.078258
92,1050.000,2002-07-17,11.000,1,2,2.64,C-4H,1,0.000000,6000.000000,0.000000,249.180187
92,1050.000,2002-07-17,11.000,1,2,2.64,D-1H,1,-778.837963,-6.700851,-80761.248584,225.000000
92,1050.000,2002-07-17,11.000,1,2,2.64,D-2H,1,-3498.222779,-26.641902,-362358.734219,225.000000
92,1050.000,2002-07-17,11.000,1,2,2.64,D-3AH,1,-6607.687374,-17.430913,-653435.924773,225.000000
92,1050.000,2002-07-17,11.000,1,2,2.64,D-4H,1,-802.121201,-117.735336,-81643.024976,225.000000
92,1050.000,2002-07-17,11.000,1,2,2.64,E-1H,1,-2086.004737,-9.435997,-211858.970944,225.000000
92,1050.000,2002-07-17,11.000,1,2,2.64,E-2H,1,-2642.405455,-2.952930,-268201.502052,225.000000
92,1050.000,2002-07-17,11.000,1,2,2.64,E-3H,1,-442.822558,-409.521441,-47418.890122,225.000000
92,1050.000,2002-07-17,11.000,1,2,2.64,E-4AH,1,-53.240065,-1.533932,-5013.878325,225.000000
92,1050.000,2002-07-17,11.000,1,2,2.64,F-1H,1,0.000000,6000.000000,0.000000,314.185804
92,1050.000,2002-07-17,11.000,1,2,2.64,F-2H,1,0.000000,6000.000000,0.000000,359.915829
93,1051.000,2002-07-18,1.000,1,2,2.49,B-1H,1,-5317.319135,-3.607707,-530464.618086,225.000000
93,1051.000,2002-07-18,1.000,1,2,2.49,B-2H,1,-1702.293283,-8.173618,-174048.264479,225.000000
93,1051.000,2002-07-18,1.000,1,2,2.49,B-3H,1,-4016.150363,-122.999044,-401995.492940,225.000000
93,1051.000,2002-07-18,1.000,1,2,2.49,B-4H,1,-3104.622427,-63.741609,-313519.086512,225.000000
93,1051.000,2002-07-18,1.000,1,2,2.49,C-1H,1,0.000000,6000.000000,0.000000,317.417681
93,1051.000,2002-07-18,1.000,1,2,2.49,C-2H,1,0.000000,6000.000000,0.000000,271.943549
93,1051.000,2002-07-18,1.000,1,2,2.49,C-3H,1,0.000000,6000.000000,0.000000,274.078204
93,1051.000,2002-07-18,1.000,1,2,2.49,C-4H,1,0.000000,6000.000000,0.000000,249.165719
93,1051.000,2002-07-18,1.000,1,2,2.49,D-1H,1,-778.475807,-6.701500,-80724.101336,225.000000
93,1051.000,2002-07-18,1.000,1,2,2.49,D-2H,1,-3493.539328,-26.786121,-361876.627093,225.000000
93,1051.000,2002-07-18,1.000,1,2,2.49,D-3AH,1,-6575.463040,-17.424030,-650117.434105,225.000000
93,1051.000,2002-07-18,1.000,1,2,2.49,D-4H,1,-799.853841,-117.565655,-81412.253948,225.000000
93,1051.000,2002-07-18,1.000,1,2,2.49,E-1H,1,-2081.126971,-9.415824,-211373.672427,225.000000
93,1051.000,2002-07-18,1.000,1,2,2.49,E-2H,1,-2637.407855,-2.946290,-267705.706971,225.000000
93,1051.000,2002-07-18,1.000,1,2,2.49,E-3H,1,-441.952593,-409.962126,-47326.730251,225.000000
93,1051.000,2002-07-18,1.000,1,2,2.49,E-4AH,1,-53.185202,-1.532238,-5008.711376,225.000000
93,1051.000,2002-07-18,1.000,1,2,2.49,F-1H,1,0.000000,6000.000000,0.000000,314.182465
93,1051.000,2002-07-18,1.000,1,2,2.49,F-2H,1,0.000000,6000.000000,0.000000,359.912895
94,1060.000,2002-07-27,9.000,1,4,4.68,B-1H,1,-5230.855890,-3.531385,-521582.030036,225.000000
94,1060.000,2002-07-27,9.000,1,4,4.68,B-2H,1,-1685.854479,-8.364670,-172347.260448,225.000000
94,1060.000,2002-07-27,9.000,1,4,4.68,B-3H,1,-4191.490914,-138.442137,-419600.366370,225.000000
94,1060.000,2002-07-27,9.000,1,4,4.68,B-4H,1,-3032.413102,-67.758803,-306159.583274,225.000000
94,1060.000,2002-07-27,9.000,1,4,4.68,C-1H,1,0.000000,6000.000000,0.000000,317.344621
94,1060.000,2002-07-27,9.000,1,4,4.68,C-2H,1,0.000000,6000.000000,0.000000,271.869760
94,1060.000,2002-07-27,9.000,1,4,4.68,C-3H,1,0.000000,6000.000000,0.000000,274.085011
94,1060.000,2002-07-27,9.000,1,4,4.68,C-4H,1,0.000000,6000.000000,0.000000,249.139146
94,1060.000,2002-07-27,9.000,1,4,4.68,D-1H,1,-775.538525,-6.709369,-80420.441454,225.000000
94,1060.000,2002-07-27,9.000,1,4,4.68,D-2H,1,-3452.674727,-28.240634,-357651.231628,225.000000
94,1060.000,2002-07-27,9.000,1,4,4.68,D-3AH,1,-6518.247198,-18.101073,-643837.966799,225.000000
94,1060.000,2002-07-27,9.000,1,4,4.68,D-4H,1,-787.911003,-117.835101,-80179.380250,225.000000
94,1060.000,2002-07-27,9.000,1,4,4.68,E-1H,1,-2088.703864,-9.422626,-212132.864931,225.000000
94,1060.000,2002-07-27,9.000,1,4,4.68,E-2H,1,-2835.120136,-3.053166,-287466.016438,225.000000
94,1060.000,2002-07-27,9.000,1,4,4.68,E-3H,1,-439.015257,-421.422637,-46953.791655,225.000000
94,1060.000,2002-07-27,9.000,1,4,4.68,E-4AH,1,-52.547396,-1.512872,-4948.644685,225.000000
94,1060.000,2002-07-27,9.000,1,4,4.68,F-1H,1,0.000000,6000.000000,0.000000,314.367975
94,1060.000,2002-07-27,9.000,1,4,4.68,F-2H,1,0.000000,6000.000000,0.000000,360.047903
94,1060.000,2002-07-27,9.000,1,4,4.68,F-3H,1,0.000000,6000.000000,0.000000,270.375207
95,1091.000,2002-08-27,31.000,1,4,4.90,B-1H,1,-5270.670072,-3.538881,-525025.939236,225.000000
95,1091.000,2002-08-27,31.000,1,4,4.90,B-2H,1,-1666.248585,-9.172116,-170278.532551,225.000000
95,1091.000,2002-08-27,31.000,1,4,4.90,B-3H,1,-4413.913069,-176.323777,-442107.720876,225.000000
95,1091.000,2002-08-27,31.000,1,4,4.90,B-4H,1,-2888.363421,-84.908623,-291401.854635,225.000000
95,1091.000,2002-08-27,31.000,1,4,4.90,C-1H,1,0.000000,6000.000000,0.000000,317.401797
95,1091.000,2002-08-27,31.000,1,4,4.90,C-2H,1,0.000000,6000.000000,0.000000,271.725484
95,1091.000,2002-08-27,31.000,1,4,4.90,C-3H,1,0.000000,6000.000000,0.000000,274.227613
95,1091.000,2002-08-27,31.000,1,4,4.90,C-4H,1,0.000000,6000.000000,0.000000,249.165050
95,1091.000,2002-08-27,31.000,1,4,4.90,D-1H,1,-773.812569,-6.819334,-80239.774916,225.000000
95,1091.000,2002-08-27,31.000,1,4,4.90,D-2H,1,-3341.407735,-35.316715,-346026.846301,225.000000
95,1091.000,2002-08-27,31.000,1,4,4.90,D-3AH,1,-6534.057910,-23.294191,-645157.344182,225.000000
95,1091.000,2002-08-27,31.000,1,4,4.90,D-4H,1,-777.055799,-123.350210,-78989.239873,225.000000
95,1091.000,2002-08-27,31.000,1,4,4.90,E-1H,1,-2192.153740,-9.716283,-222469.504745,225.000000
95,1091.000,2002-08-27,31.000,1,4,4.90,E-2H,1,-3137.470107,-3.198972,-318336.862044,225.000000
95,1091.000,2002-08-27,31.000,1,4,4.90,E-3H,1,-429.179659,-459.033956,-45956.501152,225.000000
95,1091.000,2002-08-27,31.000,1,4,4.90,E-4AH,1,-51.838937,-1.489262,-4881.923839,225.000000
95,1091.000,2002-08-27,31.000,1,4,4.90,F-1H,1,0.000000,6000.000000,0.000000,315.183894
95,1091.000,2002-08-27,31.000,1,4,4.90,F-2H,1,0.000000,6000.000000,0.000000,360.809555
95,1091.000,2002-08-27,31.000,1,4,4.90,F-3H,1,0.000000,6000.000000,0.000000,270.748235
96,1121.000,2002-09-26,30.000,1,3,3.91,B-1H,1,-5347.354554,-3.585028,-532347.329770,225.000000
96,1121.000,2002-09-26,30.000,1,3,3.91,B-2H,1,-1663.816580,-10.042279,-170014.749397,225.000000
96,1121.000,2002-09-26,30.000,1,3,3.91,B-3H,1,-4453.685573,-209.054276,-446219.075958,225.000000
96,1121.000,2002-09-26,30.000,1,3,3.91,B-4H,1,-2780.824544,-102.419331,-280477.731715,225.000000
96,1121.000,2002-09-26,30.000,1,3,3.91,C-1H,1,0.000000,6000.000000,0.000000,317.541221
96,1121.000,2002-09-26,30.000,1,3,3.91,C-2H,1,0.000000,6000.000000,0.000000,271.668595
96,1121.000,2002-09-26,30.000,1,3,3.91,C-3H,1,0.000000,6000.000000,0.000000,274.441158
96,1121.000,2002-09-26,30.000,1,3,3.91,C-4H,1,0.000000,6000.000000,0.000000,249.225104
96,1121.000,2002-09-26,30.000,1,3,3.91,D-1H,1,-777.775092,-6.992413,-80660.672685,225.000000
96,1121.000,2002-09-26,30.000,1,3,3.91,D-2H,1,-3253.234320,-43.558859,-336805.292297,225.000000
96,1121.000,2002-09-26,30.000,1,3,3.91,D-3AH,1,-6512.831147,-30.558143,-643230.865200,225.000000
96,1121.000,2002-09-26,30.000,1,3,3.91,D-4H,1,-774.387642,-130.234051,-78655.072137,225.000000
96,1121.000,2002-09-26,30.000,1,3,3.91,E-1H,1,-2272.009495,-9.916035,-230560.261318,225.000000
96,1121.000,2002-09-26,30.000,1,3,3.91,E-2H,1,-3273.431385,-3.225715,-332827.769269,225.000000
96,1121.000,2002-09-26,30.000,1,3,3.91,E-3H,1,-416.936921,-490.263034,-44756.770782,225.000000
96,1121.000,2002-09-26,30.000,1,3,3.91,E-4AH,1,-52.854093,-1.515298,-4977.526453,225.000000
96,1121.000,2002-09-26,30.000,1,3,3.91,F-1H,1,0.000000,6000.000000,0.000000,315.814008
96,1121.000,2002-09-26,30.000,1,3,3.91,F-2H,1,0.000000,6000.000000,0.000000,361.431161
96,1121.000,2002-09-26,30.000,1,3,3.91,F-3H,1,0.000000,6000.000000,0.000000,269.460339
97,1152.000,2002-10-27,31.000,1,4,5.01,B-1H,1,-5421.980079,-3.651614,-539544.606350,225.000000
97,1152.000,2002-10-27,31.000,1,4,5.01,B-2H,1,-1668.446917,-11.013535,-170526.144556,225.000000
97,1152.000,2002-10-27,31.000,1,4,5.01,B-3H,1,-4422.062632,-244.235184,-443184.783036,225.000000
97,1152.000,2002-10-27,31.000,1,4,5.01,B-4H,1,-2691.475966,-120.966042,-271530.767642,225.000000
97,1152.000,2002-10-27,31.000,1,4,5.01,C-1H,1,0.000000,6000.000000,0.000000,317.708197
97,1152.000,2002-10-27,31.000,1,4,5.01,C-2H,1,0.000000,6000.000000,0.000000,271.679733
97,1152.000,2002-10-27,31.000,1,4,5.01,C-3H,1,0.000000,6000.000000,0.000000,274.712306
97,1152.000,2002-10-27,31.000,1,4,5.01,C-4H,1,0.000000,6000.000000,0.000000,249.308189
97,1152.000,2002-10-27,31.000,1,4,5.01,D-1H,1,-785.496750,-7.224784,-81490.073004,225.000000
97,1152.000,2002-10-27,31.000,1,4,5.01,D-2H,1,-3169.290530,-53.958787,-328078.073724,225.000000
97,1152.000,2002-10-27,31.000,1,4,5.01,D-3AH,1,-6440.540960,-41.184263,-636312.751624,225.000000
97,1152.000,2002-10-27,31.000,1,4,5.01,D-4H,1,-773.496035,-138.779272,-78527.012812,225.000000
97,1152.000,2002-10-27,31.000,1,4,5.01,E-1H,1,-2324.500154,-10.004411,-236028.813669,225.000000
97,1152.000,2002-10-27,31.000,1,4,5.01,E-2H,1,-3343.943314,-3.250091,-340725.631430,225.000000
97,1152.000,2002-10-27,31.000,1,4,5.01,E-3AH,1,-360.783172,-763.970266,-36417.049980,225.000000
97,1152.000,2002-10-27,31.000,1,4,5.01,E-3H,1,-397.601140,-515.050937,-42756.224229,225.000000
97,1152.000,2002-10-27,31.000,1,4,5.01,E-4AH,1,-54.974543,-1.572708,-5177.222235,225.000000
97,1152.000,2002-10-27,31.000,1,4,5.01,F-1H,1,0.000000,6000.000000,0.000000,316.151622
97,1152.000,2002-10-27,31.000,1,4,5.01,F-2H,1,0.000000,6000.000000,0.000000,361.818556
97,1152.000,2002-10-27,31.000,1,4,5.01,F-3H,1,0.000000,6000.000000,0.000000,268.371702
98,1183.000,2002-11-27,31.000,1,3,3.97,B-1H,1,-5493.400386,-3.751925,-546481.521447,225.000000
98,1183.000,2002-11-27,31.000,1,3,3.97,B-2H,1,-1675.966798,-12.086769,-171377.356351,225.000000
98,1183.000,2002-11-27,31.000,1,3,3.97,B-3H,1,-4369.936245,-281.401005,-437997.424965,225.000000
98,1183.000,2002-11-27,31.000,1,3,3.97,B-4H,1,-2616.329183,-140.130936,-264114.856117,225.000000
98,1183.000,2002-11-27,31.000,1,3,3.97,C-1H,1,0.000000,6000.000000,0.000000,317.882876
98,1183.000,2002-11-27,31.000,1,3,3.97,C-2H,1,0.000000,6000.000000,0.000000,271.740309
98,1183.000,2002-11-27,31.000,1,3,3.97,C-3H,1,0.000000,6000.000000,0.000000,275.012025
98,1183.000,2002-11-27,31.000,1,3,3.97,C-4H,1,0.000000,6000.000000,0.000000,249.408764
98,1183.000,2002-11-27,31.000,1,3,3.97,D-1H,1,-795.312488,-7.497365,-82554.833624,225.000000
98,1183.000,2002-11-27,31.000,1,3,3.97,D-2H,1,-3092.631729,-65.400627,-320184.952510,225.000000
98,1183.000,2002-11-27,31.000,1,3,3.97,D-3AH,1,-6335.792765,-55.735132,-626181.999984,225.000000
98,1183.000,2002-11-27,31.000,1,3,3.97,D-4H,1,-773.245600,-148.906955,-78488.335337,225.000000
98,1183.000,2002-11-27,31.000,1,3,3.97,E-1H,1,-2362.099804,-10.036878,-240069.126245,225.000000
98,1183.000,2002-11-27,31.000,1,3,3.97,E-2H,1,-3393.773155,-3.284554,-346422.517396,225.000000
98,1183.000,2002-11-27,31.000,1,3,3.97,E-3AH,1,-270.920421,-654.497027,-27211.462668,225.000000
98,1183.000,2002-11-27,31.000,1,3,3.97,E-3H,1,-378.421533,-540.252101,-40720.761583,225.000000
98,1183.000,2002-11-27,31.000,1,3,3.97,E-4AH,1,-57.529930,-1.642226,-5417.880464,225.000000
98,1183.000,2002-11-27,31.000,1,3,3.97,F-1H,1,0.000000,6000.000000,0.000000,316.429406
98,1183.000,2002-11-27,31.000,1,3,3.97,F-2H,1,0.000000,6000.000000,0.000000,362.117068
98,1183.000,2002-11-27,31.000,1,3,3.97,F-3H,1,0.000000,6000.000000,0.000000,267.522042
99,1211.000,2002-12-25,28.000,1,3,3.77,B-1H,1,-5561.085143,-3.888051,-553107.973550,225.000000
99,1211.000,2002-12-25,28.000,1,3,3.77,B-2H,1,-1683.882281,-13.151101,-172290.462711,225.000000
99,1211.000,2002-12-25,28.000,1,3,3.77,B-3H,1,-4314.725991,-320.597182,-432490.006627,225.000000
99,1211.000,2002-12-25,28.000,1,3,3.77,B-4H,1,-2558.024375,-157.631848,-258428.305584,225.000000
99,1211.000,2002-12-25,28.000,1,3,3.77,C-1H,1,0.000000,6000.000000,0.000000,318.046190
99,1211.000,2002-12-25,28.000,1,3,3.77,C-2H,1,0.000000,6000.000000,0.000000,271.823798
99,1211.000,2002-12-25,28.000,1,3,3.77,C-3H,1,0.000000,6000.000000,0.000000,275.295754
99,1211.000,2002-12-25,28.000,1,3,3.77,C-4H,1,0.000000,6000.000000,0.000000,249.511972
99,1211.000,2002-12-25,28.000,1,3,3.77,D-1H,1,-805.174189,-7.770319,-83633.420610,225.000000
99,1211.000,2002-12-25,28.000,1,3,3.77,D-2H,1,-3027.909493,-76.836422,-313583.089189,225.000000
99,1211.000,2002-12-25,28.000,1,3,3.77,D-3AH,1,-6210.182627,-73.241899,-613991.579092,225.000000
99,1211.000,2002-12-25,28.000,1,3,3.77,D-4H,1,-771.989476,-158.613176,-78363.448144,225.000000
99,1211.000,2002-12-25,28.000,1,3,3.77,E-1H,1,-2390.837280,-10.045992,-243217.823358,225.000000
99,1211.000,2002-12-25,28.000,1,3,3.77,E-2H,1,-3433.600370,-3.306693,-350958.924268,225.000000
99,1211.000,2002-12-25,28.000,1,3,3.77,E-3AH,1,-237.146819,-598.830248,-23820.160938,225.000000
99,1211.000,2002-12-25,28.000,1,3,3.77,E-3H,1,-360.957847,-563.561186,-38855.251434,225.000000
99,1211.000,2002-12-25,28.000,1,3,3.77,E-4AH,1,-59.958261,-1.708127,-5646.574338,225.000000
99,1211.000,2002-12-25,28.000,1,3,3.77,F-1H,1,0.000000,6000.000000,0.000000,316.655403
99,1211.000,2002-12-25,28.000,1,3,3.77,F-2H,1,0.000000,6000.000000,0.000000,362.356841
99,1211.000,2002-12-25,28.000,1,3,3.77,F-3H,1,0.000000,6000.000000,0.000000,267.012825
100,1242.000,2003-01-25,31.000,1,3,4.01,B-1H,1,-5641.391151,-4.134427,-561035.395023,225.000000
100,1242.000,2003-01-25,31.000,1,3,4.01,B-2H,1,-1693.162977,-14.407149,-173382.813155,225.000000
100,1242.000,2003-01-25,31.000,1,3,4.01,B-3H,1,-4255.497682,-368.017787,-426583.854679,225.000000
100,1242.000,2003-01-25,31.000,1,3,4.01,B-4H,1,-2497.789164,-176.302801,-252592.307719,225.000000
100,1242.000,2003-01-25,31.000,1,3,4.01,C-1H,1,0.000000,6000.000000,0.000000,318.234843
100,1242.000,2003-01-25,31.000,1,3,4.01,C-2H,1,0.000000,6000.000000,0.000000,271.942451
100,1242.000,2003-01-25,31.000,1,3,4.01,C-3H,1,0.000000,6000.000000,0.000000,275.620636
100,1242.000,2003-01-25,31.000,1,3,4.01,C-4H,1,0.000000,6000.000000,0.000000,249.639517
100,1242.000,2003-01-25,31.000,1,3,4.01,D-1H,1,-816.864464,-8.100980,-84921.329254,225.000000
100,1242.000,2003-01-25,31.000,1,3,4.01,D-2H,1,-2959.545168,-90.486223,-306668.680391,225.000000
100,1242.000,2003-01-25,31.000,1,3,4.01,D-3AH,1,-6040.503019,-99.750904,-597510.159732,225.000000
100,1242.000,2003-01-25,31.000,1,3,4.01,D-4H,1,-769.731128,-170.277252,-78151.945510,225.000000
100,1242.000,2003-01-25,31.000,1,3,4.01,E-1H,1,-2420.489072,-10.046412,-246490.412498,225.000000
100,1242.000,2003-01-25,31.000,1,3,4.01,E-2H,1,-3475.533749,-3.328796,-355700.301756,225.000000
100,1242.000,2003-01-25,31.000,1,3,4.01,E-3AH,1,-214.349573,-557.250908,-21526.335677,225.000000
100,1242.000,2003-01-25,31.000,1,3,4.01,E-3H,1,-342.696364,-589.947641,-36902.896299,225.000000
100,1242.000,2003-01-25,31.000,1,3,4.01,E-4AH,1,-62.656512,-1.780997,-5900.690176,225.000000
100,1242.000,2003-01-25,31.000,1,3,4.01,F-1H,1,0.000000,6000.000000,0.000000,316.892339
100,1242.000,2003-01-25,31.000,1,3,4.01,F-2H,1,0.000000,6000.000000,0.000000,362.605036
100,1242.000,2003-01-25,31.000,1,3,4.01,F-3H,1,0.000000,6000.000000,0.000000,266.593150
101,1272.000,2003-02-24,30.000,1,3,3.80,B-1H,1,-5726.620450,-4.551850,-569507.744575,225.000000
101,1272.000,2003-02-24,30.000,1,3,3.80,B-2H,1,-1702.202704,-15.708523,-174465.868336,225.000000
101,1272.000,2003-02-24,30.000,1,3,3.80,B-3H,1,-4201.083672,-418.342931,-421150.181715,225.000000
101,1272.000,2003-02-24,30.000,1,3,3.80,B-4H,1,-2443.431745,-194.201272,-247351.835367,225.000000
101,1272.000,2003-02-24,30.000,1,3,3.80,C-1H,1,0.000000,6000.000000,0.000000,318.425201
101,1272.000,2003-02-24,30.000,1,3,3.80,C-2H,1,0.000000,6000.000000,0.000000,272.077220
101,1272.000,2003-02-24,30.000,1,3,3.80,C-3H,1,0.000000,6000.000000,0.000000,275.939636
101,1272.000,2003-02-24,30.000,1,3,3.80,C-4H,1,0.000000,6000.000000,0.000000,249.774707
101,1272.000,2003-02-24,30.000,1,3,3.80,D-1H,1,-828.650087,-8.446339,-86227.311267,225.000000
101,1272.000,2003-02-24,30.000,1,3,3.80,D-2H,1,-2899.703674,-104.558326,-300662.188691,225.000000
101,1272.000,2003-02-24,30.000,1,3,3.80,D-3AH,1,-5841.466565,-131.917009,-578155.155396,225.000000
101,1272.000,2003-02-24,30.000,1,3,3.80,D-4H,1,-766.767235,-182.436331,-77878.527961,225.000000
101,1272.000,2003-02-24,30.000,1,3,3.80,E-1H,1,-2449.438202,-10.054897,-249671.360297,225.000000
101,1272.000,2003-02-24,30.000,1,3,3.80,E-2H,1,-3515.610184,-3.359762,-360219.886408,225.000000
101,1272.000,2003-02-24,30.000,1,3,3.80,E-3AH,1,-199.432797,-529.530019,-20014.070289,225.000000
101,1272.000,2003-02-24,30.000,1,3,3.80,E-3H,1,-327.375186,-615.388417,-35265.553952,225.000000
101,1272.000,2003-02-24,30.000,1,3,3.80,E-4AH,1,-65.265267,-1.851079,-6146.378719,225.000000
101,1272.000,2003-02-24,30.000,1,3,3.80,F-1H,1,0.000000,6000.000000,0.000000,317.116498
101,1272.000,2003-02-24,30.000,1,3,3.80,F-2H,1,0.000000,6000.000000,0.000000,362.838183
101,1272.000,2003-02-24,30.000,1,3,3.80,F-3H,1,0.000000,6000.000000,0.000000,266.276984
102,1302.000,2003-03-26,30.000,1,4,4.92,B-1H,1,-5821.122399,-5.239402,-578974.118294,225.000000
102,1302.000,2003-03-26,30.000,1,4,4.92,B-2H,1,-1711.045048,-17.145205,-175543.970251,225.000000
102,1302.000,2003-03-26,30.000,1,4,4.92,B-3H,1,-4153.939414,-471.054531,-416468.905441,225.000000
102,1302.000,2003-03-26,30.000,1,4,4.92,B-4H,1,-2393.907835,-211.919149,-242603.911906,225.000000
102,1302.000,2003-03-26,30.000,1,4,4.92,C-1H,1,0.000000,6000.000000,0.000000,318.623474
102,1302.000,2003-03-26,30.000,1,4,4.92,C-2H,1,0.000000,6000.000000,0.000000,272.225915
102,1302.000,2003-03-26,30.000,1,4,4.92,C-3H,1,0.000000,6000.000000,0.000000,276.257836
102,1302.000,2003-03-26,30.000,1,4,4.92,C-4H,1,0.000000,6000.000000,0.000000,249.920365
102,1302.000,2003-03-26,30.000,1,4,4.92,D-1H,1,-840.617794,-8.812639,-87560.756836,225.000000
102,1302.000,2003-03-26,30.000,1,4,4.92,D-2H,1,-2847.447489,-119.656483,-295464.296922,225.000000
102,1302.000,2003-03-26,30.000,1,4,4.92,D-3AH,1,-5605.300836,-173.686352,-555182.010360,225.000000
102,1302.000,2003-03-26,30.000,1,4,4.92,D-4H,1,-763.602931,-195.898840,-77594.870441,225.000000
102,1302.000,2003-03-26,30.000,1,4,4.92,E-1H,1,-2479.995928,-10.065207,-252997.253543,225.000000
102,1302.000,2003-03-26,30.000,1,4,4.92,E-2H,1,-3555.214672,-3.392134,-364709.393604,225.000000
102,1302.000,2003-03-26,30.000,1,4,4.92,E-3AH,1,-188.734841,-511.140868,-18923.991599,225.000000
102,1302.000,2003-03-26,30.000,1,4,4.92,E-3H,1,-311.040554,-640.858864,-33514.869994,225.000000
102,1302.000,2003-03-26,30.000,1,4,4.92,E-4AH,1,-67.886657,-1.921157,-6393.258401,225.000000
102,1302.000,2003-03-26,30.000,1,4,4.92,F-1H,1,0.000000,6000.000000,0.000000,317.340387
102,1302.000,2003-03-26,30.000,1,4,4.92,F-2H,1,0.000000,6000.000000,0.000000,363.069598
102,1302.000,2003-03-26,30.000,1,4,4.92,F-3H,1,0.000000,6000.000000,0.000000,266.041283
103,1303.000,2003-03-27,1.000,1,2,2.69,B-1H,1,-5824.289884,-5.268944,-579291.556780,225.000000
103,1303.000,2003-03-27,1.000,1,2,2.69,B-2H,1,-1711.314072,-17.196294,-175577.321647,225.000000
103,1303.000,2003-03-27,1.000,1,2,2.69,B-3H,1,-4147.732802,-471.061240,-415825.620748,225.000000
103,1303.000,2003-03-27,1.000,1,2,2.69,B-4H,1,-2391.656583,-212.459610,-242384.370139,225.000000
103,1303.000,2003-03-27,1.000,1,2,2.69,C-1H,1,0.000000,6000.000000,0.000000,318.630149
103,1303.000,2003-03-27,1.000,1,2,2.69,C-2H,1,0.000000,6000.000000,0.000000,272.230945
103,1303.000,2003-03-27,1.000,1,2,2.69,C-3H,1,0.000000,6000.000000,0.000000,276.268564
103,1303.000,2003-03-27,1.000,1,2,2.69,C-4H,1,0.000000,6000.000000,0.000000,249.925171
103,1303.000,2003-03-27,1.000,1,2,2.69,D-1H,1,-841.011978,-8.824553,-87604.754992,225.000000
103,1303.000,2003-03-27,1.000,1,2,2.69,D-2H,1,-2845.747280,-120.182286,-295295.210150,225.000000
103,1303.000,2003-03-27,1.000,1,2,2.69,D-3AH,1,-5596.454031,-175.141898,-554320.090431,225.000000
103,1303.000,2003-03-27,1.000,1,2,2.69,D-4H,1,-763.046074,-195.853909,-77538.718842,225.000000
103,1303.000,2003-03-27,1.000,1,2,2.69,E-1H,1,-2481.008201,-10.065484,-253107.508906,225.000000
103,1303.000,2003-03-27,1.000,1,2,2.69,E-2H,1,-3556.545921,-3.393207,-364860.300757,225.000000
103,1303.000,2003-03-27,1.000,1,2,2.69,E-3AH,1,-188.421913,-510.540963,-18892.091979,225.000000
103,1303.000,2003-03-27,1.000,1,2,2.69,E-3H,1,-310.572517,-641.679989,-33464.987894,225.000000
103,1303.000,2003-03-27,1.000,1,2,2.69,E-4AH,1,-67.977123,-1.923575,-6401.778383,225.000000
103,1303.000,2003-03-27,1.000,1,2,2.69,F-1H,1,0.000000,6000.000000,0.000000,317.347823
103,1303.000,2003-03-27,1.000,1,2,2.69,F-2H,1,0.000000,6000.000000,0.000000,363.077277
103,1303.000,2003-03-27,1.000,1,2,2.69,F-3H,1,0.000000,6000.000000,0.000000,266.033824
104,1308.000,2003-04-01,5.000,1,2,2.66,B-1H,1,-5840.896398,-5.425485,-580957.174610,225.000000
104,1308.000,2003-04-01,5.000,1,2,2.66,B-2H,1,-1712.752836,-17.454172,-175754.090265,225.000000
104,1308.000,2003-04-01,5.000,1,2,2.66,B-3H,1,-4141.103617,-481.487475,-415169.595898,225.000000
104,1308.000,2003-04-01,5.000,1,2,2.66,B-4H,1,-2383.321296,-215.623527,-241584.357244,225.000000
104,1308.000,2003-04-01,5.000,1,2,2.66,C-1H,1,0.000000,6000.000000,0.000000,318.663553
104,1308.000,2003-04-01,5.000,1,2,2.66,C-2H,1,0.000000,6000.000000,0.000000,272.256336
104,1308.000,2003-04-01,5.000,1,2,2.66,C-3H,1,0.000000,6000.000000,0.000000,276.321524
104,1308.000,2003-04-01,5.000,1,2,2.66,C-4H,1,0.000000,6000.000000,0.000000,249.950043
104,1308.000,2003-04-01,5.000,1,2,2.66,D-1H,1,-843.020716,-8.887099,-87828.923334,225.000000
104,1308.000,2003-04-01,5.000,1,2,2.66,D-2H,1,-2838.174374,-122.803152,-294548.756938,225.000000
104,1308.000,2003-04-01,5.000,1,2,2.66,D-3AH,1,-5555.293032,-182.920724,-550315.531636,225.000000
104,1308.000,2003-04-01,5.000,1,2,2.66,D-4H,1,-762.639972,-198.241983,-77504.346374,225.000000
104,1308.000,2003-04-01,5.000,1,2,2.66,E-1H,1,-2486.231025,-10.067339,-253674.610580,225.000000
104,1308.000,2003-04-01,5.000,1,2,2.66,E-2H,1,-3563.360122,-3.398778,-365631.420917,225.000000
104,1308.000,2003-04-01,5.000,1,2,2.66,E-3AH,1,-186.752759,-507.838570,-18721.925775,225.000000
104,1308.000,2003-04-01,5.000,1,2,2.66,E-3H,1,-307.772354,-645.958445,-33164.700858,225.000000
104,1308.000,2003-04-01,5.000,1,2,2.66,E-4AH,1,-68.413455,-1.935204,-6442.871743,225.000000
104,1308.000,2003-04-01,5.000,1,2,2.66,F-1H,1,0.000000,6000.000000,0.000000,317.385039
104,1308.000,2003-04-01,5.000,1,2,2.66,F-2H,1,0.000000,6000.000000,0.000000,363.115618
104,1308.000,2003-04-01,5.000,1,2,2.66,F-3H,1,0.000000,6000.000000,0.000000,265.997912
105,1309.000,2003-04-02,1.000,1,2,2.69,B-1H,1,-5844.234180,-5.457255,-581292.024182,225.000000
105,1309.000,2003-04-02,1.000,1,2,2.69,B-2H,1,-1713.038695,-17.505923,-175789.272821,225.000000
105,1309.000,2003-04-02,1.000,1,2,2.69,B-3H,1,-4138.861775,-483.189234,-414942.978036,225.000000
105,1309.000,2003-04-02,1.000,1,2,2.69,B-4H,1,-2381.550615,-216.239289,-241413.790758,225.000000
105,1309.000,2003-04-02,1.000,1,2,2.69,C-1H,1,0.000000,6000.000000,0.000000,318.670240
105,1309.000,2003-04-02,1.000,1,2,2.69,C-2H,1,0.000000,6000.000000,0.000000,272.261446
105,1309.000,2003-04-02,1.000,1,2,2.69,C-3H,1,0.000000,6000.000000,0.000000,276.332097
105,1309.000,2003-04-02,1.000,1,2,2.69,C-4H,1,0.000000,6000.000000,0.000000,249.955019
105,1309.000,2003-04-02,1.000,1,2,2.69,D-1H,1,-843.421739,-8.899570,-87873.695749,225.000000
105,1309.000,2003-04-02,1.000,1,2,2.69,D-2H,1,-2836.650097,-123.327696,-294398.418416,225.000000
105,1309.000,2003-04-02,1.000,1,2,2.69,D-3AH,1,-5546.786553,-184.514055,-549487.518733,225.000000
105,1309.000,2003-04-02,1.000,1,2,2.69,D-4H,1,-762.473662,-198.639394,-77488.709241,225.000000
105,1309.000,2003-04-02,1.000,1,2,2.69,E-1H,1,-2487.276497,-10.067702,-253788.107699,225.000000
105,1309.000,2003-04-02,1.000,1,2,2.69,E-2H,1,-3564.727884,-3.399895,-365786.178412,225.000000
105,1309.000,2003-04-02,1.000,1,2,2.69,E-3AH,1,-186.428886,-507.311110,-18688.902765,225.000000
105,1309.000,2003-04-02,1.000,1,2,2.69,E-3H,1,-307.225352,-646.809973,-33106.039531,225.000000
105,1309.000,2003-04-02,1.000,1,2,2.69,E-4AH,1,-68.501435,-1.937549,-6451.157579,225.000000
105,1309.000,2003-04-02,1.000,1,2,2.69,F-1H,1,0.000000,6000.000000,0.000000,317.392474
105,1309.000,2003-04-02,1.000,1,2,2.69,F-2H,1,0.000000,6000.000000,0.000000,363.123272
105,1309.000,2003-04-02,1.000,1,2,2.69,F-3H,1,0.000000,6000.000000,0.000000,265.990635
106,1320.000,2003-04-13,11.000,1,2,2.72,B-1H,1,-5881.461452,-5.850020,-585034.828997,225.000000
106,1320.000,2003-04-13,11.000,1,2,2.72,B-2H,1,-1716.209095,-18.082766,-176180.807642,225.000000
106,1320.000,2003-04-13,11.000,1,2,2.72,B-3H,1,-4124.347152,-505.514329,-413523.596885,225.000000
106,1320.000,2003-04-13,11.000,1,2,2.72,B-4H,1,-2363.912426,-223.299518,-239725.761225,225.000000
106,1320.000,2003-04-13,11.000,1,2,2.72,C-1H,1,0.000000,6000.000000,0.000000,318.744349
106,1320.000,2003-04-13,11.000,1,2,2.72,C-2H,1,0.000000,6000.000000,0.000000,272.318507
106,1320.000,2003-04-13,11.000,1,2,2.72,C-3H,1,0.000000,6000.000000,0.000000,276.447182
106,1320.000,2003-04-13,11.000,1,2,2.72,C-4H,1,0.000000,6000.000000,0.000000,250.010997
106,1320.000,2003-04-13,11.000,1,2,2.72,D-1H,1,-847.837141,-9.039697,-88367.550518,225.000000
106,1320.000,2003-04-13,11.000,1,2,2.72,D-2H,1,-2820.091492,-129.022246,-292767.818315,225.000000
106,1320.000,2003-04-13,11.000,1,2,2.72,D-3AH,1,-5451.606623,-203.494257,-540228.232159,225.000000
106,1320.000,2003-04-13,11.000,1,2,2.72,D-4H,1,-761.264329,-204.009553,-77382.400635,225.000000
106,1320.000,2003-04-13,11.000,1,2,2.72,E-1H,1,-2499.031094,-10.072026,-255059.622175,225.000000
106,1320.000,2003-04-13,11.000,1,2,2.72,E-2H,1,-3579.370186,-3.412371,-367451.486196,225.000000
106,1320.000,2003-04-13,11.000,1,2,2.72,E-3AH,1,-183.195189,-502.317126,-18358.689274,225.000000
106,1320.000,2003-04-13,11.000,1,2,2.72,E-3H,1,-300.947955,-656.231574,-32432.193477,225.000000
106,1320.000,2003-04-13,11.000,1,2,2.72,E-4AH,1,-69.469149,-1.963313,-6542.296198,225.000000
106,1320.000,2003-04-13,11.000,1,2,2.72,F-1H,1,0.000000,6000.000000,0.000000,317.474362
106,1320.000,2003-04-13,11.000,1,2,2.72,F-2H,1,0.000000,6000.000000,0.000000,363.207454
106,1320.000,2003-04-13,11.000,1,2,2.72,F-3H,1,0.000000,6000.000000,0.000000,265.920102
107,1321.000,2003-04-14,1.000,1,2,2.74,B-1H,1,-5884.849772,-5.886491,-585375.580277,225.000000
107,1321.000,2003-04-14,1.000,1,2,2.74,B-2H,1,-1716.487320,-18.135533,-176215.405038,225.000000
107,1321.000,2003-04-14,1.000,1,2,2.74,B-3H,1,-4121.566031,-506.645599,-413239.665831,225.000000
107,1321.000,2003-04-14,1.000,1,2,2.74,B-4H,1,-2362.072997,-223.913619,-239548.211921,225.000000
107,1321.000,2003-04-14,1.000,1,2,2.74,C-1H,1,0.000000,6000.000000,0.000000,318.751120
107,1321.000,2003-04-14,1.000,1,2,2.74,C-2H,1,0.000000,6000.000000,0.000000,272.323728
107,1321.000,2003-04-14,1.000,1,2,2.74,C-3H,1,0.000000,6000.000000,0.000000,276.457691
107,1321.000,2003-04-14,1.000,1,2,2.74,C-4H,1,0.000000,6000.000000,0.000000,250.016070
107,1321.000,2003-04-14,1.000,1,2,2.74,D-1H,1,-848.237686,-9.052333,-88412.377105,225.000000
107,1321.000,2003-04-14,1.000,1,2,2.74,D-2H,1,-2818.539583,-129.542308,-292614.558023,225.000000
107,1321.000,2003-04-14,1.000,1,2,2.74,D-3AH,1,-5442.525323,-205.278410,-539344.087936,225.000000
107,1321.000,2003-04-14,1.000,1,2,2.74,D-4H,1,-760.973507,-204.311897,-77354.031864,225.000000
107,1321.000,2003-04-14,1.000,1,2,2.74,E-1H,1,-2500.099025,-10.072400,-255175.145255,225.000000
107,1321.000,2003-04-14,1.000,1,2,2.74,E-2H,1,-3580.702939,-3.413506,-367603.117318,225.000000
107,1321.000,2003-04-14,1.000,1,2,2.74,E-3AH,1,-182.917776,-501.864957,-18330.348765,225.000000
107,1321.000,2003-04-14,1.000,1,2,2.74,E-3H,1,-300.408211,-657.080716,-32374.326322,225.000000
107,1321.000,2003-04-14,1.000,1,2,2.74,E-4AH,1,-69.558315,-1.965687,-6550.693789,225.000000
107,1321.000,2003-04-14,1.000,1,2,2.74,F-1H,1,0.000000,6000.000000,0.000000,317.481801
107,1321.000,2003-04-14,1.000,1,2,2.74,F-2H,1,0.000000,6000.000000,0.000000,363.215097
107,1321.000,2003-04-14,1.000,1,2,2.74,F-3H,1,0.000000,6000.000000,0.000000,265.913932
108,1333.000,2003-04-26,12.000,1,2,2.70,B-1H,1,-5925.646486,-6.410592,-589486.583405,225.000000
108,1333.000,2003-04-26,12.000,1,2,2.70,B-2H,1,-1719.880768,-18.778242,-176638.084484,225.000000
108,1333.000,2003-04-26,12.000,1,2,2.70,B-3H,1,-4106.740386,-531.017540,-411810.387712,225.000000
108,1333.000,2003-04-26,12.000,1,2,2.70,B-4H,1,-2344.055707,-231.560982,-237831.215552,225.000000
108,1333.000,2003-04-26,12.000,1,2,2.70,C-1H,1,0.000000,6000.000000,0.000000,318.833119
108,1333.000,2003-04-26,12.000,1,2,2.70,C-2H,1,0.000000,6000.000000,0.000000,272.387725
108,1333.000,2003-04-26,12.000,1,2,2.70,C-3H,1,0.000000,6000.000000,0.000000,276.583219
108,1333.000,2003-04-26,12.000,1,2,2.70,C-4H,1,0.000000,6000.000000,0.000000,250.078495
108,1333.000,2003-04-26,12.000,1,2,2.70,D-1H,1,-853.052369,-9.208643,-88952.121690,225.000000
108,1333.000,2003-04-26,12.000,1,2,2.70,D-2H,1,-2800.333763,-135.738304,-290820.485874,225.000000
108,1333.000,2003-04-26,12.000,1,2,2.70,D-3AH,1,-5337.172868,-227.844373,-529098.249530,225.000000
108,1333.000,2003-04-26,12.000,1,2,2.70,D-4H,1,-759.365931,-210.311268,-77209.957848,225.000000
108,1333.000,2003-04-26,12.000,1,2,2.70,E-1H,1,-2513.149961,-10.077112,-256582.592347,225.000000
108,1333.000,2003-04-26,12.000,1,2,2.70,E-2H,1,-3596.367374,-3.427419,-369391.687966,225.000000
108,1333.000,2003-04-26,12.000,1,2,2.70,E-3AH,1,-179.871054,-497.401630,-18018.687112,225.000000
108,1333.000,2003-04-26,12.000,1,2,2.70,E-3H,1,-293.468334,-667.383439,-31629.123285,225.000000
108,1333.000,2003-04-26,12.000,1,2,2.70,E-4AH,1,-70.618153,-1.993850,-6650.508759,225.000000
108,1333.000,2003-04-26,12.000,1,2,2.70,F-1H,1,0.000000,6000.000000,0.000000,317.571649
108,1333.000,2003-04-26,12.000,1,2,2.70,F-2H,1,0.000000,6000.000000,0.000000,363.307206
108,1333.000,2003-04-26,12.000,1,2,2.70,F-3H,1,0.000000,6000.000000,0.000000,265.849704
109,1334.000,2003-04-27,1.000,1,2,2.58,B-1H,1,-5929.029674,-6.459272,-589827.608389,225.000000
109,1334.000,2003-04-27,1.000,1,2,2.58,B-2H,1,-1720.171816,-18.832122,-176674.186048,225.000000
109,1334.000,2003-04-27,1.000,1,2,2.58,B-3H,1,-4103.417489,-532.113936,-411472.091543,225.000000
109,1334.000,2003-04-27,1.000,1,2,2.58,B-4H,1,-2342.362280,-232.153978,-237668.494952,225.000000
109,1334.000,2003-04-27,1.000,1,2,2.58,C-1H,1,0.000000,6000.000000,0.000000,318.839988
109,1334.000,2003-04-27,1.000,1,2,2.58,C-2H,1,0.000000,6000.000000,0.000000,272.393102
109,1334.000,2003-04-27,1.000,1,2,2.58,C-3H,1,0.000000,6000.000000,0.000000,276.593733
109,1334.000,2003-04-27,1.000,1,2,2.58,C-4H,1,0.000000,6000.000000,0.000000,250.083675
109,1334.000,2003-04-27,1.000,1,2,2.58,D-1H,1,-853.451410,-9.221533,-88996.894323,225.000000
109,1334.000,2003-04-27,1.000,1,2,2.58,D-2H,1,-2798.777373,-136.257110,-290666.726175,225.000000
109,1334.000,2003-04-27,1.000,1,2,2.58,D-3AH,1,-5327.935874,-229.776256,-528198.886906,225.000000
109,1334.000,2003-04-27,1.000,1,2,2.58,D-4H,1,-759.034614,-210.602133,-77177.526142,225.000000
109,1334.000,2003-04-27,1.000,1,2,2.58,E-1H,1,-2514.236684,-10.077481,-256699.794443,225.000000
109,1334.000,2003-04-27,1.000,1,2,2.58,E-2H,1,-3597.675642,-3.428577,-369541.093721,225.000000
109,1334.000,2003-04-27,1.000,1,2,2.58,E-3AH,1,-179.632214,-497.030494,-17994.237898,225.000000
109,1334.000,2003-04-27,1.000,1,2,2.58,E-3H,1,-292.926743,-668.236183,-31571.015763,225.000000
109,1334.000,2003-04-27,1.000,1,2,2.58,E-4AH,1,-70.707793,-1.996232,-6658.950943,225.000000
109,1334.000,2003-04-27,1.000,1,2,2.58,F-1H,1,0.000000,6000.000000,0.000000,317.579133
109,1334.000,2003-04-27,1.000,1,2,2.58,F-2H,1,0.000000,6000.000000,0.000000,363.314876
109,1334.000,2003-04-27,1.000,1,2,2.58,F-3H,1,0.000000,6000.000000,0.000000,265.844601
110,1335.000,2003-04-28,1.000,1,2,2.58,B-1H,1,-5932.461950,-6.508565,-590173.566128,225.000000
110,1335.000,2003-04-28,1.000,1,2,2.58,B-2H,1,-1720.473859,-18.886152,-176711.433639,225.000000
110,1335.000,2003-04-28,1.000,1,2,2.58,B-3H,1,-4101.951901,-534.187976,-411327.959273,225.000000
110,1335.000,2003-04-28,1.000,1,2,2.58,B-4H,1,-2340.886626,-232.790527,-237527.976308,225.000000
110,1335.000,2003-04-28,1.000,1,2,2.58,C-1H,1,0.000000,6000.000000,0.000000,318.846869
110,1335.000,2003-04-28,1.000,1,2,2.58,C-2H,1,0.000000,6000.000000,0.000000,272.398498
110,1335.000,2003-04-28,1.000,1,2,2.58,C-3H,1,0.000000,6000.000000,0.000000,276.604249
110,1335.000,2003-04-28,1.000,1,2,2.58,C-4H,1,0.000000,6000.000000,0.000000,250.088907
110,1335.000,2003-04-28,1.000,1,2,2.58,D-1H,1,-853.852994,-9.234656,-89041.941839,225.000000
110,1335.000,2003-04-28,1.000,1,2,2.58,D-2H,1,-2797.251189,-136.777462,-290516.139761,225.000000
110,1335.000,2003-04-28,1.000,1,2,2.58,D-3AH,1,-5319.049447,-231.737988,-527334.216646,225.000000
110,1335.000,2003-04-28,1.000,1,2,2.58,D-4H,1,-758.888513,-211.095807,-77164.239355,225.000000
110,1335.000,2003-04-28,1.000,1,2,2.58,E-1H,1,-2515.331083,-10.077872,-256817.763680,225.000000
110,1335.000,2003-04-28,1.000,1,2,2.58,E-2H,1,-3599.000551,-3.429751,-369692.225045,225.000000
110,1335.000,2003-04-28,1.000,1,2,2.58,E-3AH,1,-179.385930,-496.672078,-17969.035942,225.000000
110,1335.000,2003-04-28,1.000,1,2,2.58,E-3H,1,-292.350195,-669.098283,-31509.048571,225.000000
110,1335.000,2003-04-28,1.000,1,2,2.58,E-4AH,1,-70.795931,-1.998571,-6667.251779,225.000000
110,1335.000,2003-04-28,1.000,1,2,2.58,F-1H,1,0.000000,6000.000000,0.000000,317.586634
110,1335.000,2003-04-28,1.000,1,2,2.58,F-2H,1,0.000000,6000.000000,0.000000,363.322563
110,1335.000,2003-04-28,1.000,1,2,2.58,F-3H,1,0.000000,6000.000000,0.000000,265.839515
111,1347.000,2003-05-10,12.000,1,2,2.80,B-1H,1,-5973.212694,-7.185045,-594288.530869,225.000000
111,1347.000,2003-05-10,12.000,1,2,2.80,B-2H,1,-1724.045192,-19.543489,-177154.569535,225.000000
111,1347.000,2003-05-10,12.000,1,2,2.80,B-3H,1,-4085.525265,-559.758080,-409742.948519,225.000000
111,1347.000,2003-05-10,12.000,1,2,2.80,B-4H,1,-2324.623802,-240.576457,-235988.680562,225.000000
111,1347.000,2003-05-10,12.000,1,2,2.80,C-1H,1,0.000000,6000.000000,0.000000,318.930171
111,1347.000,2003-05-10,12.000,1,2,2.80,C-2H,1,0.000000,6000.000000,0.000000,272.464590
111,1347.000,2003-05-10,12.000,1,2,2.80,C-3H,1,0.000000,6000.000000,0.000000,276.729719
111,1347.000,2003-05-10,12.000,1,2,2.80,C-4H,1,0.000000,6000.000000,0.000000,250.152895
111,1347.000,2003-05-10,12.000,1,2,2.80,D-1H,1,-858.663220,-9.394950,-89582.426083,225.000000
111,1347.000,2003-05-10,12.000,1,2,2.80,D-2H,1,-2778.898008,-142.994544,-288706.193965,225.000000
111,1347.000,2003-05-10,12.000,1,2,2.80,D-3AH,1,-5210.365201,-255.514476,-516762.085596,225.000000
111,1347.000,2003-05-10,12.000,1,2,2.80,D-4H,1,-756.980362,-217.214226,-76990.817865,225.000000
111,1347.000,2003-05-10,12.000,1,2,2.80,E-1H,1,-2528.662351,-10.082783,-258251.209667,225.000000
111,1347.000,2003-05-10,12.000,1,2,2.80,E-2H,1,-3614.424941,-3.444037,-371459.844393,225.000000
111,1347.000,2003-05-10,12.000,1,2,2.80,E-3AH,1,-176.864147,-493.199648,-17731.627552,225.000000
111,1347.000,2003-05-10,12.000,1,2,2.80,E-3H,1,-285.338861,-679.379996,-30756.063662,225.000000
111,1347.000,2003-05-10,12.000,1,2,2.80,E-4AH,1,-71.864115,-2.026902,-6767.852987,225.000000
111,1347.000,2003-05-10,12.000,1,2,2.80,F-1H,1,0.000000,6000.000000,0.000000,317.676874
111,1347.000,2003-05-10,12.000,1,2,2.80,F-2H,1,0.000000,6000.000000,0.000000,363.414764
111,1347.000,2003-05-10,12.000,1,2,2.80,F-3H,1,0.000000,6000.000000,0.000000,265.777544
112,1348.000,2003-05-11,1.000,1,2,2.54,B-1H,1,-5976.568941,-7.243442,-594627.578362,225.000000
112,1348.000,2003-05-11,1.000,1,2,2.54,B-2H,1,-1724.331524,-19.598629,-177190.367334,225.000000
112,1348.000,2003-05-11,1.000,1,2,2.54,B-3H,1,-4082.317538,-560.860552,-409416.246898,225.000000
112,1348.000,2003-05-11,1.000,1,2,2.54,B-4H,1,-2323.135848,-241.189604,-235846.872921,225.000000
112,1348.000,2003-05-11,1.000,1,2,2.54,C-1H,1,0.000000,6000.000000,0.000000,318.937143
112,1348.000,2003-05-11,1.000,1,2,2.54,C-2H,1,0.000000,6000.000000,0.000000,272.470161
112,1348.000,2003-05-11,1.000,1,2,2.54,C-3H,1,0.000000,6000.000000,0.000000,276.740261
112,1348.000,2003-05-11,1.000,1,2,2.54,C-4H,1,0.000000,6000.000000,0.000000,250.158210
112,1348.000,2003-05-11,1.000,1,2,2.54,D-1H,1,-859.061839,-9.408164,-89627.254473,225.000000
112,1348.000,2003-05-11,1.000,1,2,2.54,D-2H,1,-2777.323101,-143.514785,-288550.440799,225.000000
112,1348.000,2003-05-11,1.000,1,2,2.54,D-3AH,1,-5200.870611,-257.555702,-515837.566399,225.000000
112,1348.000,2003-05-11,1.000,1,2,2.54,D-4H,1,-756.625725,-217.509561,-76956.107750,225.000000
112,1348.000,2003-05-11,1.000,1,2,2.54,E-1H,1,-2529.771332,-10.083169,-258370.473424,225.000000
112,1348.000,2003-05-11,1.000,1,2,2.54,E-2H,1,-3615.708168,-3.445223,-371606.999103,225.000000
112,1348.000,2003-05-11,1.000,1,2,2.54,E-3AH,1,-176.680316,-492.934069,-17715.976726,225.000000
112,1348.000,2003-05-11,1.000,1,2,2.54,E-3H,1,-284.790597,-680.229438,-30697.287986,225.000000
112,1348.000,2003-05-11,1.000,1,2,2.54,E-4AH,1,-71.954461,-2.029299,-6776.361731,225.000000
112,1348.000,2003-05-11,1.000,1,2,2.54,F-1H,1,0.000000,6000.000000,0.000000,317.684386
112,1348.000,2003-05-11,1.000,1,2,2.54,F-2H,1,0.000000,6000.000000,0.000000,363.422436
112,1348.000,2003-05-11,1.000,1,2,2.54,F-3H,1,0.000000,6000.000000,0.000000,265.772585
113,1362.000,2003-05-25,14.000,1,2,2.72,B-1H,1,-6024.335565,-8.178605,-599459.521212,225.000000
113,1362.000,2003-05-25,14.000,1,2,2.72,B-2H,1,-1728.357303,-20.384779,-177695.215617,225.000000
113,1362.000,2003-05-25,14.000,1,2,2.72,B-3H,1,-4062.411456,-590.862233,-407493.929878,225.000000
113,1362.000,2003-05-25,14.000,1,2,2.72,B-4H,1,-2307.266269,-250.414878,-234365.893270,225.000000
113,1362.000,2003-05-25,14.000,1,2,2.72,C-1H,1,0.000000,6000.000000,0.000000,319.036213
113,1362.000,2003-05-25,14.000,1,2,2.72,C-2H,1,0.000000,6000.000000,0.000000,272.549836
113,1362.000,2003-05-25,14.000,1,2,2.72,C-3H,1,0.000000,6000.000000,0.000000,276.886767
113,1362.000,2003-05-25,14.000,1,2,2.72,C-4H,1,0.000000,6000.000000,0.000000,250.234868
113,1362.000,2003-05-25,14.000,1,2,2.72,D-1H,1,-864.667321,-9.600129,-90258.473971,225.000000
113,1362.000,2003-05-25,14.000,1,2,2.72,D-2H,1,-2755.882444,-150.850369,-286436.360280,225.000000
113,1362.000,2003-05-25,14.000,1,2,2.72,D-3AH,1,-5067.507832,-286.947759,-502857.578964,225.000000
113,1362.000,2003-05-25,14.000,1,2,2.72,D-4H,1,-754.063593,-225.103592,-76720.997266,225.000000
113,1362.000,2003-05-25,14.000,1,2,2.72,E-1H,1,-2545.722073,-10.089496,-260081.416993,225.000000
113,1362.000,2003-05-25,14.000,1,2,2.72,E-2H,1,-3633.425438,-3.462323,-373645.377756,225.000000
113,1362.000,2003-05-25,14.000,1,2,2.72,E-3AH,1,-174.333049,-490.072995,-17491.751563,225.000000
113,1362.000,2003-05-25,14.000,1,2,2.72,E-3H,1,-276.516735,-692.184801,-29808.613421,225.000000
113,1362.000,2003-05-25,14.000,1,2,2.72,E-4AH,1,-73.211885,-2.062588,-6894.785672,225.000000
113,1362.000,2003-05-25,14.000,1,2,2.72,F-1H,1,0.000000,6000.000000,0.000000,317.790573
113,1362.000,2003-05-25,14.000,1,2,2.72,F-2H,1,0.000000,6000.000000,0.000000,363.530767
113,1362.000,2003-05-25,14.000,1,2,2.72,F-3H,1,0.000000,6000.000000,0.000000,265.714467
114,1364.000,2003-05-27,2.000,1,2,2.67,B-1H,1,-6031.199881,-8.316904,-600154.105738,225.000000
114,1364.000,2003-05-27,2.000,1,2,2.67,B-2H,1,-1728.914801,-20.498163,-177765.607028,225.000000
114,1364.000,2003-05-27,2.000,1,2,2.67,B-3H,1,-4057.999574,-593.931820,-407050.111864,225.000000
114,1364.000,2003-05-27,2.000,1,2,2.67,B-4H,1,-2305.024244,-251.686618,-234156.545475,225.000000
114,1364.000,2003-05-27,2.000,1,2,2.67,C-1H,1,0.000000,6000.000000,0.000000,319.050480
114,1364.000,2003-05-27,2.000,1,2,2.67,C-2H,1,0.000000,6000.000000,0.000000,272.561352
114,1364.000,2003-05-27,2.000,1,2,2.67,C-3H,1,0.000000,6000.000000,0.000000,276.907941
114,1364.000,2003-05-27,2.000,1,2,2.67,C-4H,1,0.000000,6000.000000,0.000000,250.245847
114,1364.000,2003-05-27,2.000,1,2,2.67,D-1H,1,-865.467667,-9.627537,-90348.659891,225.000000
114,1364.000,2003-05-27,2.000,1,2,2.67,D-2H,1,-2752.759603,-151.973347,-286127.746626,225.000000
114,1364.000,2003-05-27,2.000,1,2,2.67,D-3AH,1,-5047.616141,-291.305538,-500919.442041,225.000000
114,1364.000,2003-05-27,2.000,1,2,2.67,D-4H,1,-753.464539,-225.942829,-76663.241252,225.000000
114,1364.000,2003-05-27,2.000,1,2,2.67,E-1H,1,-2548.014131,-10.090399,-260327.213513,225.000000
114,1364.000,2003-05-27,2.000,1,2,2.67,E-2H,1,-3635.992522,-3.464790,-373940.402418,225.000000
114,1364.000,2003-05-27,2.000,1,2,2.67,E-3AH,1,-174.015442,-489.677462,-17461.035266,225.000000
114,1364.000,2003-05-27,2.000,1,2,2.67,E-3H,1,-275.372295,-694.052415,-29686.357346,225.000000
114,1364.000,2003-05-27,2.000,1,2,2.67,E-4AH,1,-73.393060,-2.067382,-6911.848681,225.000000
114,1364.000,2003-05-27,2.000,1,2,2.67,F-1H,1,0.000000,6000.000000,0.000000,317.805739
114,1364.000,2003-05-27,2.000,1,2,2.67,F-2H,1,0.000000,6000.000000,0.000000,363.546233
114,1364.000,2003-05-27,2.000,1,2,2.67,F-3H,1,0.000000,6000.000000,0.000000,265.706571
115,1373.000,2003-06-05,9.000,1,3,3.77,B-1H,1,-5897.766101,-8.826811,-586922.103292,225.000000
115,1373.000,2003-06-05,9.000,1,3,3.77,B-2H,1,-1729.953426,-20.998254,-177932.035831,225.000000
115,1373.000,2003-06-05,9.000,1,3,3.77,B-3H,1,-3964.418473,-591.364867,-397689.125439,225.000000
115,1373.000,2003-06-05,9.000,1,3,3.77,B-4BH,1,-4025.826658,-8.810873,-406236.292610,225.000000
115,1373.000,2003-06-05,9.000,1,3,3.77,B-4H,1,-2315.999718,-248.028331,-235349.129189,225.000000
115,1373.000,2003-06-05,9.000,1,3,3.77,C-1H,1,0.000000,6000.000000,0.000000,319.057896
115,1373.000,2003-06-05,9.000,1,3,3.77,C-2H,1,0.000000,6000.000000,0.000000,272.606731
115,1373.000,2003-06-05,9.000,1,3,3.77,C-3H,1,0.000000,6000.000000,0.000000,276.996712
115,1373.000,2003-06-05,9.000,1,3,3.77,C-4H,1,0.000000,6000.000000,0.000000,250.257234
115,1373.000,2003-06-05,9.000,1,3,3.77,D-1H,1,-868.743287,-9.748995,-90720.984310,225.000000
115,1373.000,2003-06-05,9.000,1,3,3.77,D-2H,1,-2737.787771,-156.920839,-284649.941311,225.000000
115,1373.000,2003-06-05,9.000,1,3,3.77,D-3AH,1,-4785.262852,-305.638660,-474868.631291,225.000000
115,1373.000,2003-06-05,9.000,1,3,3.77,D-4H,1,-750.379118,-230.443252,-76370.759231,225.000000
115,1373.000,2003-06-05,9.000,1,3,3.77,E-1H,1,-2413.917625,-9.693260,-246969.990102,225.000000
115,1373.000,2003-06-05,9.000,1,3,3.77,E-2H,1,-3520.579129,-3.391373,-362467.139576,225.000000
115,1373.000,2003-06-05,9.000,1,3,3.77,E-3AH,1,-171.814193,-486.954439,-17237.792926,225.000000
115,1373.000,2003-06-05,9.000,1,3,3.77,E-3H,1,-269.138063,-698.870760,-29046.116632,225.000000
115,1373.000,2003-06-05,9.000,1,3,3.77,E-4AH,1,-74.108222,-2.086112,-6979.203064,225.000000
115,1373.000,2003-06-05,9.000,1,3,3.77,F-1H,1,0.000000,6000.000000,0.000000,317.798455
115,1373.000,2003-06-05,9.000,1,3,3.77,F-2H,1,0.000000,6000.000000,0.000000,363.545862
115,1373.000,2003-06-05,9.000,1,3,3.77,F-3H,1,0.000000,6000.000000,0.000000,265.404663
116,1379.000,2003-06-11,6.000,1,2,2.69,B-1H,1,-5811.919266,-9.178246,-578388.117353,225.000000
116,1379.000,2003-06-11,6.000,1,2,2.69,B-2H,1,-1730.034765,-21.327941,-177979.871952,225.000000
116,1379.000,2003-06-11,6.000,1,2,2.69,B-3H,1,-3899.691968,-590.176877,-391161.306713,225.000000
116,1379.000,2003-06-11,6.000,1,2,2.69,B-4BH,1,-3721.190756,-8.302822,-375299.082279,225.000000
116,1379.000,2003-06-11,6.000,1,2,2.69,B-4H,1,-2280.980880,-261.800383,-231859.863035,225.000000
116,1379.000,2003-06-11,6.000,1,2,2.69,C-1H,1,0.000000,6000.000000,0.000000,319.050340
116,1379.000,2003-06-11,6.000,1,2,2.69,C-2H,1,0.000000,6000.000000,0.000000,272.634258
116,1379.000,2003-06-11,6.000,1,2,2.69,C-3H,1,0.000000,6000.000000,0.000000,277.052666
116,1379.000,2003-06-11,6.000,1,2,2.69,C-4H,1,0.000000,6000.000000,0.000000,250.261794
116,1379.000,2003-06-11,6.000,1,2,2.69,D-1H,1,-870.667824,-9.826801,-90942.233809,225.000000
116,1379.000,2003-06-11,6.000,1,2,2.69,D-2H,1,-2727.835140,-160.146958,-283670.173773,225.000000
116,1379.000,2003-06-11,6.000,1,2,2.69,D-3AH,1,-4638.803047,-314.847524,-460297.709451,225.000000
116,1379.000,2003-06-11,6.000,1,2,2.69,D-4H,1,-747.275065,-232.941786,-76069.732059,225.000000
116,1379.000,2003-06-11,6.000,1,2,2.69,E-1H,1,-2343.502509,-9.469602,-239961.801390,225.000000
116,1379.000,2003-06-11,6.000,1,2,2.69,E-2H,1,-3454.570167,-3.346363,-355914.059943,225.000000
116,1379.000,2003-06-11,6.000,1,2,2.69,E-3AH,1,-171.630461,-485.987410,-17224.651694,225.000000
116,1379.000,2003-06-11,6.000,1,2,2.69,E-3H,1,-264.694446,-700.984474,-28586.995910,225.000000
116,1379.000,2003-06-11,6.000,1,2,2.69,E-4AH,1,-74.512347,-2.096541,-7017.264198,225.000000
116,1379.000,2003-06-11,6.000,1,2,2.69,F-1H,1,0.000000,6000.000000,0.000000,317.771098
116,1379.000,2003-06-11,6.000,1,2,2.69,F-2H,1,0.000000,6000.000000,0.000000,363.516377
116,1379.000,2003-06-11,6.000,1,2,2.69,F-3H,1,0.000000,6000.000000,0.000000,265.209185
117,1395.000,2003-06-27,16.000,1,3,3.78,B-1H,1,-5701.752471,-10.497362,-567402.027222,225.000000
117,1395.000,2003-06-27,16.000,1,3,3.78,B-2H,1,-1727.872351,-22.229190,-177854.583674,225.000000
117,1395.000,2003-06-27,16.000,1,3,3.78,B-3H,1,-3785.325528,-606.401561,-379600.695864,225.000000
117,1395.000,2003-06-27,16.000,1,3,3.78,B-4BH,1,-3530.179277,-8.063790,-355803.312622,225.000000
117,1395.000,2003-06-27,16.000,1,3,3.78,B-4H,1,-2259.491221,-270.295017,-229806.448608,225.000000
117,1395.000,2003-06-27,16.000,1,3,3.78,C-1H,1,0.000000,6000.000000,0.000000,319.041019
117,1395.000,2003-06-27,16.000,1,3,3.78,C-2H,1,0.000000,6000.000000,0.000000,272.698168
117,1395.000,2003-06-27,16.000,1,3,3.78,C-3H,1,0.000000,6000.000000,0.000000,277.187308
117,1395.000,2003-06-27,16.000,1,3,3.78,C-4H,1,0.000000,6000.000000,0.000000,250.284534
117,1395.000,2003-06-27,16.000,1,3,3.78,D-1H,1,-874.975311,-10.026724,-91444.332663,225.000000
117,1395.000,2003-06-27,16.000,1,3,3.78,D-2H,1,-2700.344448,-168.398272,-280956.333775,225.000000
117,1395.000,2003-06-27,16.000,1,3,3.78,D-3AH,1,-4402.047196,-342.291876,-436775.953377,225.000000
117,1395.000,2003-06-27,16.000,1,3,3.78,D-4H,1,-738.802735,-240.112954,-75243.889938,225.000000
117,1395.000,2003-06-27,16.000,1,3,3.78,E-1H,1,-2260.146534,-9.157273,-231704.826462,225.000000
117,1395.000,2003-06-27,16.000,1,3,3.78,E-2H,1,-3367.626600,-3.280645,-347324.050142,225.000000
117,1395.000,2003-06-27,16.000,1,3,3.78,E-3AH,1,-169.133748,-481.229069,-16970.301933,225.000000
117,1395.000,2003-06-27,16.000,1,3,3.78,E-3H,1,-253.451437,-707.186490,-27379.321505,225.000000
117,1395.000,2003-06-27,16.000,1,3,3.78,E-4AH,1,-74.823776,-2.102793,-7046.599706,225.000000
117,1395.000,2003-06-27,16.000,1,3,3.78,F-1H,1,0.000000,6000.000000,0.000000,317.643742
117,1395.000,2003-06-27,16.000,1,3,3.78,F-2H,1,0.000000,6000.000000,0.000000,363.388064
117,1395.000,2003-06-27,16.000,1,3,3.78,F-3H,1,0.000000,6000.000000,0.000000,264.881065
118,1404.000,2003-07-06,9.000,1,2,2.65,B-1H,1,-5665.665735,-11.664050,-563796.118229,225.000000
118,1404.000,2003-07-06,9.000,1,2,2.65,B-2H,1,-1726.365995,-22.770049,-177751.378021,225.000000
118,1404.000,2003-07-06,9.000,1,2,2.65,B-3H,1,-3731.399279,-617.583099,-374153.602751,225.000000
118,1404.000,2003-07-06,9.000,1,2,2.65,B-4BH,1,-3470.691752,-8.004963,-349759.864071,225.000000
118,1404.000,2003-07-06,9.000,1,2,2.65,B-4H,1,-2247.943522,-275.042349,-228700.049293,225.000000
118,1404.000,2003-07-06,9.000,1,2,2.65,C-1H,1,0.000000,6000.000000,0.000000,319.044713
118,1404.000,2003-07-06,9.000,1,2,2.65,C-2H,1,0.000000,6000.000000,0.000000,272.732769
118,1404.000,2003-07-06,9.000,1,2,2.65,C-3H,1,0.000000,6000.000000,0.000000,277.260190
118,1404.000,2003-07-06,9.000,1,2,2.65,C-4H,1,0.000000,6000.000000,0.000000,250.302400
118,1404.000,2003-07-06,9.000,1,2,2.65,D-1H,1,-877.204822,-10.137646,-91705.819201,225.000000
118,1404.000,2003-07-06,9.000,1,2,2.65,D-2H,1,-2684.404495,-172.972397,-279375.338643,225.000000
118,1404.000,2003-07-06,9.000,1,2,2.65,D-3AH,1,-4294.898515,-358.629737,-426157.528419,225.000000
118,1404.000,2003-07-06,9.000,1,2,2.65,D-4H,1,-733.938507,-244.148718,-74766.893055,225.000000
118,1404.000,2003-07-06,9.000,1,2,2.65,E-1H,1,-2232.667127,-9.038347,-228984.262969,225.000000
118,1404.000,2003-07-06,9.000,1,2,2.65,E-2H,1,-3336.568374,-3.255499,-344257.010350,225.000000
118,1404.000,2003-07-06,9.000,1,2,2.65,E-3AH,1,-167.867715,-478.700799,-16840.144967,225.000000
118,1404.000,2003-07-06,9.000,1,2,2.65,E-3H,1,-248.200774,-711.264471,-26806.702158,225.000000
118,1404.000,2003-07-06,9.000,1,2,2.65,E-4AH,1,-74.788808,-2.100412,-7043.310171,225.000000
118,1404.000,2003-07-06,9.000,1,2,2.65,F-1H,1,0.000000,6000.000000,0.000000,317.574970
118,1404.000,2003-07-06,9.000,1,2,2.65,F-2H,1,0.000000,6000.000000,0.000000,363.318540
118,1404.000,2003-07-06,9.000,1,2,2.65,F-3H,1,0.000000,6000.000000,0.000000,264.743124
119,1425.000,2003-07-27,21.000,1,5,5.80,B-1H,1,-5723.461358,-14.971607,-569546.132247,225.000000
119,1425.000,2003-07-27,21.000,1,5,5.80,B-2H,1,-1727.841359,-24.110224,-178020.189871,225.000000
119,1425.000,2003-07-27,21.000,1,5,5.80,B-3H,1,-3662.174355,-658.131735,-367311.228575,225.000000
119,1425.000,2003-07-27,21.000,1,5,5.80,B-4BH,1,-3438.687036,-8.050669,-346492.759547,225.000000
119,1425.000,2003-07-27,21.000,1,5,5.80,B-4H,1,-2229.044493,-286.867760,-226916.565496,225.000000
119,1425.000,2003-07-27,21.000,1,5,5.80,C-1H,1,0.000000,6000.000000,0.000000,319.402538
119,1425.000,2003-07-27,21.000,1,5,5.80,C-2H,1,0.000000,6000.000000,0.000000,272.831618
119,1425.000,2003-07-27,21.000,1,5,5.80,C-3H,1,0.000000,6000.000000,0.000000,277.442311
119,1425.000,2003-07-27,21.000,1,5,5.80,C-4H,1,0.000000,6000.000000,0.000000,250.405051
119,1425.000,2003-07-27,21.000,1,5,5.80,D-1H,1,-883.297926,-10.416620,-92406.388067,225.000000
119,1425.000,2003-07-27,21.000,1,5,5.80,D-2H,1,-2649.532615,-183.951582,-275901.217259,225.000000
119,1425.000,2003-07-27,21.000,1,5,5.80,D-3AH,1,-4130.032358,-404.152063,-410002.461994,225.000000
119,1425.000,2003-07-27,21.000,1,5,5.80,D-4H,1,-729.210626,-256.172216,-74315.128728,225.000000
119,1425.000,2003-07-27,21.000,1,5,5.80,E-1H,1,-2258.666664,-9.054312,-231544.718789,225.000000
119,1425.000,2003-07-27,21.000,1,5,5.80,E-2H,1,-3331.711033,-3.250413,-343795.220886,225.000000
119,1425.000,2003-07-27,21.000,1,5,5.80,E-3AH,1,-165.736807,-475.038520,-16616.203979,225.000000
119,1425.000,2003-07-27,21.000,1,5,5.80,E-3H,1,-237.771140,-727.343842,-25636.793728,225.000000
119,1425.000,2003-07-27,21.000,1,5,5.80,E-4AH,1,-336.275048,-9.337870,-31669.221796,225.000000
119,1425.000,2003-07-27,21.000,1,5,5.80,F-1H,1,0.000000,6000.000000,0.000000,317.582770
119,1425.000,2003-07-27,21.000,1,5,5.80,F-2H,1,0.000000,6000.000000,0.000000,363.359610
119,1425.000,2003-07-27,21.000,1,5,5.80,F-3H,1,0.000000,6000.000000,0.000000,264.640328
119,1425.000,2003-07-27,21.000,1,5,5.80,F-4H,1,0.000000,6000.000000,0.000000,351.030493
120,1456.000,2003-08-27,31.000,1,5,5.91,B-1H,1,-5919.524202,-21.721192,-589240.104439,225.000000
120,1456.000,2003-08-27,31.000,1,5,5.91,B-2H,1,-1740.850482,-26.325000,-179565.609157,225.000000
120,1456.000,2003-08-27,31.000,1,5,5.91,B-3H,1,-3595.048217,-732.792918,-362318.503396,225.000000
120,1456.000,2003-08-27,31.000,1,5,5.91,B-4BH,1,-3448.086542,-8.491513,-347505.897672,225.000000
120,1456.000,2003-08-27,31.000,1,5,5.91,B-4H,1,-2215.974006,-306.568474,-225813.567693,225.000000
120,1456.000,2003-08-27,31.000,1,5,5.91,C-1H,1,0.000000,6000.000000,0.000000,320.117550
120,1456.000,2003-08-27,31.000,1,5,5.91,C-2H,1,0.000000,6000.000000,0.000000,273.035391
120,1456.000,2003-08-27,31.000,1,5,5.91,C-3H,1,0.000000,6000.000000,0.000000,277.760863
120,1456.000,2003-08-27,31.000,1,5,5.91,C-4H,1,0.000000,6000.000000,0.000000,250.646152
120,1456.000,2003-08-27,31.000,1,5,5.91,D-1H,1,-895.741411,-10.906189,-93809.569696,225.000000
120,1456.000,2003-08-27,31.000,1,5,5.91,D-2H,1,-2607.601622,-201.399410,-271757.998759,225.000000
120,1456.000,2003-08-27,31.000,1,5,5.91,D-3AH,1,-3971.389779,-484.005831,-394815.698401,225.000000
120,1456.000,2003-08-27,31.000,1,5,5.91,D-4H,1,-729.452302,-277.703995,-74393.328908,225.000000
120,1456.000,2003-08-27,31.000,1,5,5.91,E-1H,1,-2371.743713,-9.315483,-242694.989192,225.000000
120,1456.000,2003-08-27,31.000,1,5,5.91,E-2H,1,-3396.832353,-3.307343,-350358.211521,225.000000
120,1456.000,2003-08-27,31.000,1,5,5.91,E-3AH,1,-164.113631,-474.716280,-16438.450414,225.000000
120,1456.000,2003-08-27,31.000,1,5,5.91,E-3H,1,-225.247184,-759.560125,-24246.843184,225.000000
120,1456.000,2003-08-27,31.000,1,5,5.91,E-4AH,1,-660.959061,-17.995125,-62247.926602,225.000000
120,1456.000,2003-08-27,31.000,1,5,5.91,F-1H,1,0.000000,6000.000000,0.000000,317.893904
120,1456.000,2003-08-27,31.000,1,5,5.91,F-2H,1,0.000000,6000.000000,0.000000,363.731416
120,1456.000,2003-08-27,31.000,1,5,5.91,F-3H,1,0.000000,6000.000000,0.000000,264.743751
120,1456.000,2003-08-27,31.000,1,5,5.91,F-4H,1,0.000000,6000.000000,0.000000,375.170527
121,1486.000,2003-09-26,30.000,1,3,4.00,B-1H,1,-6102.921849,-31.681563,-607806.536322,225.000000
121,1486.000,2003-09-26,30.000,1,3,4.00,B-2H,1,-1758.415659,-28.775634,-181617.683206,225.000000
121,1486.000,2003-09-26,30.000,1,3,4.00,B-3H,1,-3538.460088,-813.474558,-359091.310437,225.000000
121,1486.000,2003-09-26,30.000,1,3,4.00,B-4BH,1,-3426.546783,-10.199804,-345511.442880,225.000000
121,1486.000,2003-09-26,30.000,1,3,4.00,B-4H,1,-2210.237280,-327.261607,-225504.331241,225.000000
121,1486.000,2003-09-26,30.000,1,3,4.00,C-1H,1,0.000000,6000.000000,0.000000,320.741706
121,1486.000,2003-09-26,30.000,1,3,4.00,C-2H,1,0.000000,6000.000000,0.000000,273.274963
121,1486.000,2003-09-26,30.000,1,3,4.00,C-3H,1,0.000000,6000.000000,0.000000,278.104088
121,1486.000,2003-09-26,30.000,1,3,4.00,C-4H,1,0.000000,6000.000000,0.000000,250.921629
121,1486.000,2003-09-26,30.000,1,3,4.00,D-1H,1,-910.074151,-11.473979,-95423.304619,225.000000
121,1486.000,2003-09-26,30.000,1,3,4.00,D-2H,1,-2578.856065,-219.941830,-269015.186946,225.000000
121,1486.000,2003-09-26,30.000,1,3,4.00,D-3AH,1,-3825.475558,-569.905430,-380887.722173,225.000000
121,1486.000,2003-09-26,30.000,1,3,4.00,D-4H,1,-729.674710,-300.194549,-74495.651441,225.000000
121,1486.000,2003-09-26,30.000,1,3,4.00,E-1H,1,-2488.236400,-9.586143,-254296.528792,225.000000
121,1486.000,2003-09-26,30.000,1,3,4.00,E-2H,1,-3479.344658,-3.387854,-358781.078211,225.000000
121,1486.000,2003-09-26,30.000,1,3,4.00,E-3AH,1,-163.666535,-477.649670,-16382.077888,225.000000
121,1486.000,2003-09-26,30.000,1,3,4.00,E-3H,1,-214.540287,-793.634159,-23098.195998,225.000000
121,1486.000,2003-09-26,30.000,1,3,4.00,E-4AH,1,-837.764264,-22.367709,-78900.613703,225.000000
121,1486.000,2003-09-26,30.000,1,3,4.00,F-1H,1,0.000000,6000.000000,0.000000,318.325188
121,1486.000,2003-09-26,30.000,1,3,4.00,F-2H,1,0.000000,6000.000000,0.000000,364.206273
121,1486.000,2003-09-26,30.000,1,3,4.00,F-3H,1,0.000000,6000.000000,0.000000,264.942399
121,1486.000,2003-09-26,30.000,1,3,4.00,F-4H,1,0.000000,6000.000000,0.000000,385.988244
122,1514.000,2003-10-24,28.000,1,3,4.10,B-1H,1,-6234.742083,-43.726740,-621299.076160,225.000000
122,1514.000,2003-10-24,28.000,1,3,4.10,B-2H,1,-1775.200317,-31.255837,-183608.144917,225.000000
122,1514.000,2003-10-24,28.000,1,3,4.10,B-3H,1,-3485.833240,-895.028708,-355994.870565,225.000000
122,1514.000,2003-10-24,28.000,1,3,4.10,B-4BH,1,-3341.427080,-15.718387,-337118.982122,225.000000
122,1514.000,2003-10-24,28.000,1,3,4.10,B-4H,1,-2208.012134,-348.875998,-225633.101276,225.000000
122,1514.000,2003-10-24,28.000,1,3,4.10,C-1H,1,0.000000,6000.000000,0.000000,321.241189
122,1514.000,2003-10-24,28.000,1,3,4.10,C-2H,1,0.000000,6000.000000,0.000000,273.524023
122,1514.000,2003-10-24,28.000,1,3,4.10,C-3H,1,0.000000,6000.000000,0.000000,278.445178
122,1514.000,2003-10-24,28.000,1,3,4.10,C-4H,1,0.000000,6000.000000,0.000000,251.196508
122,1514.000,2003-10-24,28.000,1,3,4.10,D-1H,1,-924.486664,-12.087518,-97053.581908,225.000000
122,1514.000,2003-10-24,28.000,1,3,4.10,D-2H,1,-2556.802483,-238.095455,-266994.574717,225.000000
122,1514.000,2003-10-24,28.000,1,3,4.10,D-3AH,1,-3698.255587,-658.086387,-368737.883812,225.000000
122,1514.000,2003-10-24,28.000,1,3,4.10,D-4H,1,-727.801247,-321.949242,-74395.263265,225.000000
122,1514.000,2003-10-24,28.000,1,3,4.10,E-1H,1,-2588.096452,-9.808829,-264415.152169,225.000000
122,1514.000,2003-10-24,28.000,1,3,4.10,E-2H,1,-3555.568048,-3.472572,-366705.332399,225.000000
122,1514.000,2003-10-24,28.000,1,3,4.10,E-3AH,1,-164.034986,-482.133477,-16411.281455,225.000000
122,1514.000,2003-10-24,28.000,1,3,4.10,E-3H,1,-205.103061,-827.502093,-22113.066851,225.000000
122,1514.000,2003-10-24,28.000,1,3,4.10,E-4AH,1,-924.278684,-24.280369,-87050.027815,225.000000
122,1514.000,2003-10-24,28.000,1,3,4.10,F-1H,1,0.000000,6000.000000,0.000000,318.762689
122,1514.000,2003-10-24,28.000,1,3,4.10,F-2H,1,0.000000,6000.000000,0.000000,364.671154
122,1514.000,2003-10-24,28.000,1,3,4.10,F-3H,1,0.000000,6000.000000,0.000000,265.163570
122,1514.000,2003-10-24,28.000,1,3,4.10,F-4H,1,0.000000,6000.000000,0.000000,391.702608
123,1517.000,2003-10-27,3.000,1,2,2.84,B-1H,1,-6247.618762,-45.294909,-622621.727365,225.000000
123,1517.000,2003-10-27,3.000,1,2,2.84,B-2H,1,-1776.948140,-31.533847,-183816.846963,225.000000
123,1517.000,2003-10-27,3.000,1,2,2.84,B-3H,1,-3478.130237,-901.066690,-355440.466541,225.000000
123,1517.000,2003-10-27,3.000,1,2,2.84,B-4BH,1,-3331.234784,-16.395116,-336109.352382,225.000000
123,1517.000,2003-10-27,3.000,1,2,2.84,B-4H,1,-2207.380430,-351.128305,-225607.196247,225.000000
123,1517.000,2003-10-27,3.000,1,2,2.84,C-1H,1,0.000000,6000.000000,0.000000,321.294291
123,1517.000,2003-10-27,3.000,1,2,2.84,C-2H,1,0.000000,6000.000000,0.000000,273.551163
123,1517.000,2003-10-27,3.000,1,2,2.84,C-3H,1,0.000000,6000.000000,0.000000,278.482127
123,1517.000,2003-10-27,3.000,1,2,2.84,C-4H,1,0.000000,6000.000000,0.000000,251.226217
123,1517.000,2003-10-27,3.000,1,2,2.84,D-1H,1,-926.028100,-12.153578,-97228.307640,225.000000
123,1517.000,2003-10-27,3.000,1,2,2.84,D-2H,1,-2554.331124,-240.096144,-266766.452884,225.000000
123,1517.000,2003-10-27,3.000,1,2,2.84,D-3AH,1,-3683.874596,-667.719891,-367360.800828,225.000000
123,1517.000,2003-10-27,3.000,1,2,2.84,D-4H,1,-727.248198,-323.908819,-74348.435198,225.000000
123,1517.000,2003-10-27,3.000,1,2,2.84,E-1H,1,-2598.813871,-9.832432,-265503.551815,225.000000
123,1517.000,2003-10-27,3.000,1,2,2.84,E-2H,1,-3563.679955,-3.481759,-367551.198360,225.000000
123,1517.000,2003-10-27,3.000,1,2,2.84,E-3AH,1,-164.087415,-482.620132,-16415.731549,225.000000
123,1517.000,2003-10-27,3.000,1,2,2.84,E-3H,1,-204.142268,-831.483485,-22012.543723,225.000000
123,1517.000,2003-10-27,3.000,1,2,2.84,E-4AH,1,-932.735709,-24.460585,-87846.683434,225.000000
123,1517.000,2003-10-27,3.000,1,2,2.84,F-1H,1,0.000000,6000.000000,0.000000,318.809893
123,1517.000,2003-10-27,3.000,1,2,2.84,F-2H,1,0.000000,6000.000000,0.000000,364.721203
123,1517.000,2003-10-27,3.000,1,2,2.84,F-3H,1,0.000000,6000.000000,0.000000,265.188042
123,1517.000,2003-10-27,3.000,1,2,2.84,F-4H,1,0.000000,6000.000000,0.000000,392.268039
124,1548.000,2003-11-27,31.000,1,4,5.42,B-1H,1,-6354.321828,-63.864347,-633743.704952,225.000000
124,1548.000,2003-11-27,31.000,1,4,5.42,B-2H,1,-1794.836026,-34.529476,-185982.284845,225.000000
124,1548.000,2003-11-27,31.000,1,4,5.42,B-3H,1,-3416.499579,-998.060605,-351369.489722,225.000000
124,1548.000,2003-11-27,31.000,1,4,5.42,B-4BH,1,-3119.149276,-35.085145,-314835.256017,225.000000
124,1548.000,2003-11-27,31.000,1,4,5.42,B-4H,1,-2211.756407,-376.273448,-226453.246734,225.000000
124,1548.000,2003-11-27,31.000,1,4,5.42,C-1H,1,0.000000,6000.000000,0.000000,321.771343
124,1548.000,2003-11-27,31.000,1,4,5.42,C-2H,1,0.000000,6000.000000,0.000000,273.849748
124,1548.000,2003-11-27,31.000,1,4,5.42,C-3H,1,0.000000,6000.000000,0.000000,278.876447
124,1548.000,2003-11-27,31.000,1,4,5.42,C-4H,1,0.000000,6000.000000,0.000000,251.542989
124,1548.000,2003-11-27,31.000,1,4,5.42,D-1H,1,-942.411807,-12.896801,-99096.576967,225.000000
124,1548.000,2003-11-27,31.000,1,4,5.42,D-2H,1,-2526.946504,-261.591542,-264254.427367,225.000000
124,1548.000,2003-11-27,31.000,1,4,5.42,D-3AH,1,-3546.721257,-770.903169,-354238.638908,225.000000
124,1548.000,2003-11-27,31.000,1,4,5.42,D-4H,1,-723.212425,-349.879413,-74050.748965,225.000000
124,1548.000,2003-11-27,31.000,1,4,5.42,E-1H,1,-2700.872297,-10.050600,-276099.741059,225.000000
124,1548.000,2003-11-27,31.000,1,4,5.42,E-2H,1,-3638.582967,-3.588839,-375574.639208,225.000000
124,1548.000,2003-11-27,31.000,1,4,5.42,E-3AH,1,-165.399742,-488.960632,-16542.381658,225.000000
124,1548.000,2003-11-27,31.000,1,4,5.42,E-3H,1,-194.686126,-870.840498,-21024.100223,225.000000
124,1548.000,2003-11-27,31.000,1,4,5.42,E-4AH,1,-974.851072,-25.196089,-91814.720717,225.000000
124,1548.000,2003-11-27,31.000,1,4,5.42,F-1H,1,0.000000,6000.000000,0.000000,319.296609
124,1548.000,2003-11-27,31.000,1,4,5.42,F-2H,1,0.000000,6000.000000,0.000000,365.226756
124,1548.000,2003-11-27,31.000,1,4,5.42,F-3H,1,0.000000,6000.000000,0.000000,265.466670
124,1548.000,2003-11-27,31.000,1,4,5.42,F-4H,1,0.000000,6000.000000,0.000000,395.999224
125,1559.000,2003-12-08,11.000,1,3,3.75,B-1H,1,-6386.355846,-71.768515,-637121.826490,225.000000
125,1559.000,2003-12-08,11.000,1,3,3.75,B-2H,1,-1800.881308,-35.682403,-186724.397958,225.000000
125,1559.000,2003-12-08,11.000,1,3,3.75,B-3H,1,-3392.259857,-1030.444792,-349645.032018,225.000000
125,1559.000,2003-12-08,11.000,1,3,3.75,B-4BH,1,-3028.724603,-45.916933,-305703.384666,225.000000
125,1559.000,2003-12-08,11.000,1,3,3.75,B-4H,1,-2213.153621,-385.335553,-226735.969828,225.000000
125,1559.000,2003-12-08,11.000,1,3,3.75,C-1H,1,0.000000,6000.000000,0.000000,321.935046
125,1559.000,2003-12-08,11.000,1,3,3.75,C-2H,1,0.000000,6000.000000,0.000000,273.958654
125,1559.000,2003-12-08,11.000,1,3,3.75,C-3H,1,0.000000,6000.000000,0.000000,279.018986
125,1559.000,2003-12-08,11.000,1,3,3.75,C-4H,1,0.000000,6000.000000,0.000000,251.657117
125,1559.000,2003-12-08,11.000,1,3,3.75,D-1H,1,-948.261178,-13.169333,-99765.926037,225.000000
125,1559.000,2003-12-08,11.000,1,3,3.75,D-2H,1,-2516.751341,-269.377031,-263315.185757,225.000000
125,1559.000,2003-12-08,11.000,1,3,3.75,D-3AH,1,-3498.517023,-811.030472,-349620.787766,225.000000
125,1559.000,2003-12-08,11.000,1,3,3.75,D-4H,1,-721.347901,-358.909846,-73901.542802,225.000000
125,1559.000,2003-12-08,11.000,1,3,3.75,E-1H,1,-2736.950253,-10.126387,-279876.621328,225.000000
125,1559.000,2003-12-08,11.000,1,3,3.75,E-2H,1,-3663.358083,-3.628101,-378267.022019,225.000000
125,1559.000,2003-12-08,11.000,1,3,3.75,E-3AH,1,-165.973382,-491.313422,-16598.497997,225.000000
125,1559.000,2003-12-08,11.000,1,3,3.75,E-3H,1,-192.097698,-885.030203,-20755.203470,225.000000
125,1559.000,2003-12-08,11.000,1,3,3.75,E-4AH,1,-985.721638,-25.355910,-92839.070947,225.000000
125,1559.000,2003-12-08,11.000,1,3,3.75,F-1H,1,0.000000,6000.000000,0.000000,319.468288
125,1559.000,2003-12-08,11.000,1,3,3.75,F-2H,1,0.000000,6000.000000,0.000000,365.403865
125,1559.000,2003-12-08,11.000,1,3,3.75,F-3H,1,0.000000,6000.000000,0.000000,265.571220
125,1559.000,2003-12-08,11.000,1,3,3.75,F-4H,1,0.000000,6000.000000,0.000000,397.114816
126,1560.000,2003-12-09,1.000,1,2,2.66,B-1H,1,-6388.929648,-72.509546,-637395.520432,225.000000
126,1560.000,2003-12-09,1.000,1,2,2.66,B-2H,1,-1801.434331,-35.788400,-186792.293222,225.000000
126,1560.000,2003-12-09,1.000,1,2,2.66,B-3H,1,-3389.547438,-1032.484845,-349433.170158,225.000000
126,1560.000,2003-12-09,1.000,1,2,2.66,B-4BH,1,-3020.281862,-46.978493,-304849.038951,225.000000
126,1560.000,2003-12-09,1.000,1,2,2.66,B-4H,1,-2213.169153,-386.122503,-226750.112482,225.000000
126,1560.000,2003-12-09,1.000,1,2,2.66,C-1H,1,0.000000,6000.000000,0.000000,321.949896
126,1560.000,2003-12-09,1.000,1,2,2.66,C-2H,1,0.000000,6000.000000,0.000000,273.968593
126,1560.000,2003-12-09,1.000,1,2,2.66,C-3H,1,0.000000,6000.000000,0.000000,279.032003
126,1560.000,2003-12-09,1.000,1,2,2.66,C-4H,1,0.000000,6000.000000,0.000000,251.667473
126,1560.000,2003-12-09,1.000,1,2,2.66,D-1H,1,-948.787751,-13.193809,-99826.269723,225.000000
126,1560.000,2003-12-09,1.000,1,2,2.66,D-2H,1,-2515.779860,-270.086286,-263225.017426,225.000000
126,1560.000,2003-12-09,1.000,1,2,2.66,D-3AH,1,-3493.778303,-814.663818,-349165.450558,225.000000
126,1560.000,2003-12-09,1.000,1,2,2.66,D-4H,1,-721.076057,-359.591441,-73877.432144,225.000000
126,1560.000,2003-12-09,1.000,1,2,2.66,E-1H,1,-2740.236023,-10.133254,-280220.927040,225.000000
126,1560.000,2003-12-09,1.000,1,2,2.66,E-2H,1,-3665.587382,-3.631668,-378509.784740,225.000000
126,1560.000,2003-12-09,1.000,1,2,2.66,E-3AH,1,-166.027667,-491.525819,-16603.813756,225.000000
126,1560.000,2003-12-09,1.000,1,2,2.66,E-3H,1,-191.900962,-886.337265,-20734.884636,225.000000
126,1560.000,2003-12-09,1.000,1,2,2.66,E-4AH,1,-986.681608,-25.369691,-92929.532038,225.000000
126,1560.000,2003-12-09,1.000,1,2,2.66,F-1H,1,0.000000,6000.000000,0.000000,319.483873
126,1560.000,2003-12-09,1.000,1,2,2.66,F-2H,1,0.000000,6000.000000,0.000000,365.419937
126,1560.000,2003-12-09,1.000,1,2,2.66,F-3H,1,0.000000,6000.000000,0.000000,265.580581
126,1560.000,2003-12-09,1.000,1,2,2.66,F-4H,1,0.000000,6000.000000,0.000000,397.214491
127,1576.000,2003-12-25,16.000,1,3,3.79,B-1H,1,-6427.689239,-84.989832,-641549.973953,225.000000
127,1576.000,2003-12-25,16.000,1,3,3.79,B-2H,1,-1810.182623,-37.516675,-187872.311259,225.000000
127,1576.000,2003-12-25,16.000,1,3,3.79,B-3H,1,-3352.379930,-1085.804763,-346649.244657,225.000000
127,1576.000,2003-12-25,16.000,1,3,3.79,B-4BH,1,-2861.804789,-69.137476,-288917.808717,225.000000
127,1576.000,2003-12-25,16.000,1,3,3.79,B-4H,1,-2216.260097,-399.783441,-227269.678832,225.000000
127,1576.000,2003-12-25,16.000,1,3,3.79,C-1H,1,0.000000,6000.000000,0.000000,322.177024
127,1576.000,2003-12-25,16.000,1,3,3.79,C-2H,1,0.000000,6000.000000,0.000000,274.130560
127,1576.000,2003-12-25,16.000,1,3,3.79,C-3H,1,0.000000,6000.000000,0.000000,279.241806
127,1576.000,2003-12-25,16.000,1,3,3.79,C-4H,1,0.000000,6000.000000,0.000000,251.836407
127,1576.000,2003-12-25,16.000,1,3,3.79,D-1H,1,-957.300969,-13.614015,-100804.570886,225.000000
127,1576.000,2003-12-25,16.000,1,3,3.79,D-2H,1,-2500.677434,-281.482284,-261840.644478,225.000000
127,1576.000,2003-12-25,16.000,1,3,3.79,D-3AH,1,-3430.166118,-873.658890,-343084.310870,225.000000
127,1576.000,2003-12-25,16.000,1,3,3.79,D-4H,1,-718.525822,-373.703404,-73679.343113,225.000000
127,1576.000,2003-12-25,16.000,1,3,3.79,E-1H,1,-2792.188023,-10.240789,-285713.434856,225.000000
127,1576.000,2003-12-25,16.000,1,3,3.79,E-2H,1,-3698.009903,-3.695093,-382111.296141,225.000000
127,1576.000,2003-12-25,16.000,1,3,3.79,E-3AH,1,-167.082242,-495.197259,-16708.499116,225.000000
127,1576.000,2003-12-25,16.000,1,3,3.79,E-3H,1,-188.249231,-907.114892,-20355.144050,225.000000
127,1576.000,2003-12-25,16.000,1,3,3.79,E-4AH,1,-996.544794,-25.467445,-93859.191481,225.000000
127,1576.000,2003-12-25,16.000,1,3,3.79,F-1H,1,0.000000,6000.000000,0.000000,319.731150
127,1576.000,2003-12-25,16.000,1,3,3.79,F-2H,1,0.000000,6000.000000,0.000000,365.673402
127,1576.000,2003-12-25,16.000,1,3,3.79,F-3H,1,0.000000,6000.000000,0.000000,265.735867
127,1576.000,2003-12-25,16.000,1,3,3.79,F-4H,1,0.000000,6000.000000,0.000000,398.552214
128,1607.000,2004-01-25,31.000,1,4,4.98,B-1H,1,-6461.192614,-113.051568,-645515.701839,225.000000
128,1607.000,2004-01-25,31.000,1,4,4.98,B-2H,1,-1826.545293,-41.018371,-189917.676397,225.000000
128,1607.000,2004-01-25,31.000,1,4,4.98,B-3H,1,-3260.440710,-1191.429561,-338820.203226,225.000000
128,1607.000,2004-01-25,31.000,1,4,4.98,B-4BH,1,-2533.910522,-130.068893,-256272.749957,225.000000
128,1607.000,2004-01-25,31.000,1,4,4.98,B-4H,1,-2224.724337,-427.664793,-228538.569584,225.000000
128,1607.000,2004-01-25,31.000,1,4,4.98,C-1H,1,0.000000,6000.000000,0.000000,322.600587
128,1607.000,2004-01-25,31.000,1,4,4.98,C-2H,1,0.000000,6000.000000,0.000000,274.456202
128,1607.000,2004-01-25,31.000,1,4,4.98,C-3H,1,0.000000,6000.000000,0.000000,279.654708
128,1607.000,2004-01-25,31.000,1,4,4.98,C-4H,1,0.000000,6000.000000,0.000000,252.174497
128,1607.000,2004-01-25,31.000,1,4,4.98,D-1H,1,-973.735629,-14.491337,-102705.803409,225.000000
128,1607.000,2004-01-25,31.000,1,4,4.98,D-2H,1,-2470.219300,-304.368462,-259052.866577,225.000000
128,1607.000,2004-01-25,31.000,1,4,4.98,D-3AH,1,-3322.357341,-992.041961,-332825.270518,225.000000
128,1607.000,2004-01-25,31.000,1,4,4.98,D-4H,1,-711.307472,-401.512967,-73067.530317,225.000000
128,1607.000,2004-01-25,31.000,1,4,4.98,E-1H,1,-2890.878870,-10.439947,-296268.992638,225.000000
128,1607.000,2004-01-25,31.000,1,4,4.98,E-2H,1,-3740.519769,-4.005194,-387162.056044,225.000000
128,1607.000,2004-01-25,31.000,1,4,4.98,E-3AH,1,-169.829685,-502.678344,-16984.945973,225.000000
128,1607.000,2004-01-25,31.000,1,4,4.98,E-3H,1,-181.424433,-947.313657,-19644.587083,225.000000
128,1607.000,2004-01-25,31.000,1,4,4.98,E-4AH,1,-1003.766819,-25.411850,-94540.555615,225.000000
128,1607.000,2004-01-25,31.000,1,4,4.98,F-1H,1,0.000000,6000.000000,0.000000,320.203731
128,1607.000,2004-01-25,31.000,1,4,4.98,F-2H,1,0.000000,6000.000000,0.000000,366.154381
128,1607.000,2004-01-25,31.000,1,4,4.98,F-3H,1,0.000000,6000.000000,0.000000,266.060163
128,1607.000,2004-01-25,31.000,1,4,4.98,F-4H,1,0.000000,5970.024430,0.000000,400.000000
129,1637.000,2004-02-24,30.000,1,3,3.95,B-1H,1,-6453.211229,-147.489263,-645391.326160,225.000000
129,1637.000,2004-02-24,30.000,1,3,3.95,B-2H,1,-1841.821489,-44.637041,-191853.641711,225.000000
129,1637.000,2004-02-24,30.000,1,3,3.95,B-3H,1,-3154.537306,-1299.881584,-329118.640326,225.000000
129,1637.000,2004-02-24,30.000,1,3,3.95,B-4BH,1,-2235.694640,-204.507063,-226655.235345,225.000000
129,1637.000,2004-02-24,30.000,1,3,3.95,B-4H,1,-2234.057129,-455.419445,-229896.013610,225.000000
129,1637.000,2004-02-24,30.000,1,3,3.95,C-1H,1,0.000000,6000.000000,0.000000,323.000666
129,1637.000,2004-02-24,30.000,1,3,3.95,C-2H,1,0.000000,6000.000000,0.000000,274.781466
129,1637.000,2004-02-24,30.000,1,3,3.95,C-3H,1,0.000000,6000.000000,0.000000,280.060619
129,1637.000,2004-02-24,30.000,1,3,3.95,C-4H,1,0.000000,6000.000000,0.000000,252.512035
129,1637.000,2004-02-24,30.000,1,3,3.95,D-1H,1,-989.379050,-15.396467,-104529.331354,225.000000
129,1637.000,2004-02-24,30.000,1,3,3.95,D-2H,1,-2443.055712,-327.628912,-256614.558773,225.000000
129,1637.000,2004-02-24,30.000,1,3,3.95,D-3AH,1,-3233.646795,-1113.178845,-324438.175485,225.000000
129,1637.000,2004-02-24,30.000,1,3,3.95,D-4H,1,-702.180413,-429.609228,-72256.731675,225.000000
129,1637.000,2004-02-24,30.000,1,3,3.95,E-1H,1,-2982.717508,-10.617474,-306189.504759,225.000000
129,1637.000,2004-02-24,30.000,1,3,3.95,E-2H,1,-3746.569778,-5.196822,-388551.379588,225.000000
129,1637.000,2004-02-24,30.000,1,3,3.95,E-3AH,1,-173.139731,-509.906458,-17320.118491,225.000000
129,1637.000,2004-02-24,30.000,1,3,3.95,E-3H,1,-175.532129,-985.375697,-19033.321018,225.000000
129,1637.000,2004-02-24,30.000,1,3,3.95,E-4AH,1,-1002.252640,-25.198414,-94398.884157,225.000000
129,1637.000,2004-02-24,30.000,1,3,3.95,F-1H,1,0.000000,6000.000000,0.000000,320.656096
129,1637.000,2004-02-24,30.000,1,3,3.95,F-2H,1,0.000000,6000.000000,0.000000,366.611951
129,1637.000,2004-02-24,30.000,1,3,3.95,F-3H,1,0.000000,6000.000000,0.000000,266.389497
129,1637.000,2004-02-24,30.000,1,3,3.95,F-4H,1,0.000000,5895.479625,0.000000,400.000000
130,1668.000,2004-03-26,31.000,1,3,3.98,B-1H,1,-6404.858839,-192.172091,-641322.495234,225.000000
130,1668.000,2004-03-26,31.000,1,3,3.98,B-2H,1,-1856.159141,-48.629444,-193718.761247,225.000000
130,1668.000,2004-03-26,31.000,1,3,3.98,B-3H,1,-3025.553319,-1417.825383,-316796.823565,225.000000
130,1668.000,2004-03-26,31.000,1,3,3.98,B-4BH,1,-1977.451647,-289.799322,-201051.188161,225.000000
130,1668.000,2004-03-26,31.000,1,3,3.98,B-4H,1,-2243.788852,-485.398305,-231329.621018,225.000000
130,1668.000,2004-03-26,31.000,1,3,3.98,C-1H,1,0.000000,6000.000000,0.000000,323.411134
130,1668.000,2004-03-26,31.000,1,3,3.98,C-2H,1,0.000000,6000.000000,0.000000,275.129632
130,1668.000,2004-03-26,31.000,1,3,3.98,C-3H,1,0.000000,6000.000000,0.000000,280.485884
130,1668.000,2004-03-26,31.000,1,3,3.98,C-4H,1,0.000000,6000.000000,0.000000,252.873608
130,1668.000,2004-03-26,31.000,1,3,3.98,D-1H,1,-1005.654522,-16.489333,-106435.923550,225.000000
130,1668.000,2004-03-26,31.000,1,3,3.98,D-2H,1,-2417.355125,-353.303056,-254353.993772,225.000000
130,1668.000,2004-03-26,31.000,1,3,3.98,D-3AH,1,-3150.067748,-1246.191556,-316574.382723,225.000000
130,1668.000,2004-03-26,31.000,1,3,3.98,D-4H,1,-691.154186,-459.935416,-71254.960771,225.000000
130,1668.000,2004-03-26,31.000,1,3,3.98,E-1H,1,-3073.526803,-10.785227,-316077.088370,225.000000
130,1668.000,2004-03-26,31.000,1,3,3.98,E-2H,1,-3702.634876,-10.345898,-384826.258693,225.000000
130,1668.000,2004-03-26,31.000,1,3,3.98,E-3AH,1,-177.288886,-517.254433,-17741.692625,225.000000
130,1668.000,2004-03-26,31.000,1,3,3.98,E-3H,1,-169.790578,-1024.260513,-18437.803633,225.000000
130,1668.000,2004-03-26,31.000,1,3,3.98,E-4AH,1,-996.211712,-24.904539,-93830.721253,225.000000
130,1668.000,2004-03-26,31.000,1,3,3.98,F-1H,1,0.000000,6000.000000,0.000000,321.119957
130,1668.000,2004-03-26,31.000,1,3,3.98,F-2H,1,0.000000,6000.000000,0.000000,367.078744
130,1668.000,2004-03-26,31.000,1,3,3.98,F-3H,1,0.000000,6000.000000,0.000000,266.751142
130,1668.000,2004-03-26,31.000,1,3,3.98,F-4H,1,0.000000,5839.766884,0.000000,400.000000
131,1698.000,2004-04-25,30.000,1,3,3.96,B-1H,1,-6321.616601,-245.285086,-633788.190805,225.000000
131,1698.000,2004-04-25,30.000,1,3,3.96,B-2H,1,-1869.163340,-52.814223,-195448.726100,225.000000
131,1698.000,2004-04-25,30.000,1,3,3.96,B-3H,1,-2885.782195,-1538.726673,-303005.687104,225.000000
131,1698.000,2004-04-25,30.000,1,3,3.96,B-4BH,1,-1771.501790,-374.952284,-180591.588826,225.000000
131,1698.000,2004-04-25,30.000,1,3,3.96,B-4H,1,-2252.638919,-515.677212,-232673.306210,225.000000
131,1698.000,2004-04-25,30.000,1,3,3.96,C-1H,1,0.000000,6000.000000,0.000000,323.811710
131,1698.000,2004-04-25,30.000,1,3,3.96,C-2H,1,0.000000,6000.000000,0.000000,275.477141
131,1698.000,2004-04-25,30.000,1,3,3.96,C-3H,1,0.000000,6000.000000,0.000000,280.903516
131,1698.000,2004-04-25,30.000,1,3,3.96,C-4H,1,0.000000,6000.000000,0.000000,253.236916
131,1698.000,2004-04-25,30.000,1,3,3.96,D-1H,1,-1021.442729,-17.631132,-108295.236960,225.000000
131,1698.000,2004-04-25,30.000,1,3,3.96,D-2H,1,-2393.027323,-379.588271,-252231.026844,225.000000
131,1698.000,2004-04-25,30.000,1,3,3.96,D-3AH,1,-3077.612769,-1381.635219,-309805.079451,225.000000
131,1698.000,2004-04-25,30.000,1,3,3.96,D-4H,1,-679.937017,-489.796888,-70228.323143,225.000000
131,1698.000,2004-04-25,30.000,1,3,3.96,E-1H,1,-3157.742894,-10.934067,-325304.673733,225.000000
131,1698.000,2004-04-25,30.000,1,3,3.96,E-2H,1,-3625.459878,-23.140825,-377593.985056,225.000000
131,1698.000,2004-04-25,30.000,1,3,3.96,E-3AH,1,-181.957810,-524.065647,-18217.340752,225.000000
131,1698.000,2004-04-25,30.000,1,3,3.96,E-3H,1,-164.493146,-1061.643815,-17888.336618,225.000000
131,1698.000,2004-04-25,30.000,1,3,3.96,E-4AH,1,-988.683022,-24.606837,-93122.276153,225.000000
131,1698.000,2004-04-25,30.000,1,3,3.96,F-1H,1,0.000000,6000.000000,0.000000,321.568075
131,1698.000,2004-04-25,30.000,1,3,3.96,F-2H,1,0.000000,6000.000000,0.000000,367.528367
131,1698.000,2004-04-25,30.000,1,3,3.96,F-3H,1,0.000000,6000.000000,0.000000,267.119198
131,1698.000,2004-04-25,30.000,1,3,3.96,F-4H,1,0.000000,5795.982550,0.000000,400.000000
132,1705.000,2004-05-02,7.000,1,2,2.77,B-1H,1,-6297.883983,-259.353252,-631602.058646,225.000000
132,1705.000,2004-05-02,7.000,1,2,2.77,B-2H,1,-1872.060032,-53.863829,-195839.645859,225.000000
132,1705.000,2004-05-02,7.000,1,2,2.77,B-3H,1,-2850.955009,-1567.497334,-299509.373353,225.000000
132,1705.000,2004-05-02,7.000,1,2,2.77,B-4BH,1,-1726.809262,-396.376866,-176144.313277,225.000000
132,1705.000,2004-05-02,7.000,1,2,2.77,B-4H,1,-2254.317837,-522.774085,-232947.425552,225.000000
132,1705.000,2004-05-02,7.000,1,2,2.77,C-1H,1,0.000000,6000.000000,0.000000,323.906062
132,1705.000,2004-05-02,7.000,1,2,2.77,C-2H,1,0.000000,6000.000000,0.000000,275.559506
132,1705.000,2004-05-02,7.000,1,2,2.77,C-3H,1,0.000000,6000.000000,0.000000,281.001786
132,1705.000,2004-05-02,7.000,1,2,2.77,C-4H,1,0.000000,6000.000000,0.000000,253.322871
132,1705.000,2004-05-02,7.000,1,2,2.77,D-1H,1,-1025.128326,-17.903245,-108730.375269,225.000000
132,1705.000,2004-05-02,7.000,1,2,2.77,D-2H,1,-2387.390973,-385.847383,-251739.534390,225.000000
132,1705.000,2004-05-02,7.000,1,2,2.77,D-3AH,1,-3059.997170,-1414.889044,-308154.993348,225.000000
132,1705.000,2004-05-02,7.000,1,2,2.77,D-4H,1,-676.780757,-496.545139,-69932.616292,225.000000
132,1705.000,2004-05-02,7.000,1,2,2.77,E-1H,1,-3177.179849,-10.967699,-327440.692359,225.000000
132,1705.000,2004-05-02,7.000,1,2,2.77,E-2H,1,-3606.085182,-27.352781,-375750.580514,225.000000
132,1705.000,2004-05-02,7.000,1,2,2.77,E-3AH,1,-183.088611,-525.621078,-18332.694019,225.000000
132,1705.000,2004-05-02,7.000,1,2,2.77,E-3H,1,-163.302290,-1070.992347,-17764.548484,225.000000
132,1705.000,2004-05-02,7.000,1,2,2.77,E-4AH,1,-986.916577,-24.538787,-92956.046465,225.000000
132,1705.000,2004-05-02,7.000,1,2,2.77,F-1H,1,0.000000,6000.000000,0.000000,321.672603
132,1705.000,2004-05-02,7.000,1,2,2.77,F-2H,1,0.000000,6000.000000,0.000000,367.633199
132,1705.000,2004-05-02,7.000,1,2,2.77,F-3H,1,0.000000,6000.000000,0.000000,267.206502
132,1705.000,2004-05-02,7.000,1,2,2.77,F-4H,1,0.000000,5786.429380,0.000000,399.999996
133,1708.000,2004-05-05,3.000,1,2,2.63,B-1H,1,-6283.769437,-265.538689,-630273.143153,225.000000
133,1708.000,2004-05-05,3.000,1,2,2.63,B-2H,1,-1873.199066,-54.314780,-195996.735327,225.000000
133,1708.000,2004-05-05,3.000,1,2,2.63,B-3H,1,-3569.803490,-1960.092536,-380572.785300,225.000000
133,1708.000,2004-05-05,3.000,1,2,2.63,B-4BH,1,-1706.405175,-405.204956,-174117.959418,225.000000
133,1708.000,2004-05-05,3.000,1,2,2.63,B-4H,1,-2254.081234,-525.576026,-232972.423447,225.000000
133,1708.000,2004-05-05,3.000,1,2,2.63,C-1H,1,0.000000,6000.000000,0.000000,323.944061
133,1708.000,2004-05-05,3.000,1,2,2.63,C-2H,1,0.000000,6000.000000,0.000000,275.594530
133,1708.000,2004-05-05,3.000,1,2,2.63,C-3H,1,0.000000,6000.000000,0.000000,281.043704
133,1708.000,2004-05-05,3.000,1,2,2.63,C-4H,1,0.000000,6000.000000,0.000000,253.347857
133,1708.000,2004-05-05,3.000,1,2,2.63,D-1H,1,-1026.694657,-18.021100,-108915.651710,225.000000
133,1708.000,2004-05-05,3.000,1,2,2.63,D-2H,1,-2384.848946,-388.544939,-251515.958930,225.000000
133,1708.000,2004-05-05,3.000,1,2,2.63,D-3AH,1,-3042.712400,-1424.516850,-306427.472169,225.000000
133,1708.000,2004-05-05,3.000,1,2,2.63,D-4H,1,-675.354267,-499.472213,-69798.495802,225.000000
133,1708.000,2004-05-05,3.000,1,2,2.63,E-1H,1,-3185.059170,-10.980845,-328311.010776,225.000000
133,1708.000,2004-05-05,3.000,1,2,2.63,E-2H,1,-3593.888070,-29.164309,-374568.532836,225.000000
133,1708.000,2004-05-05,3.000,1,2,2.63,E-3AH,1,-183.577511,-526.262215,-18382.648089,225.000000
133,1708.000,2004-05-05,3.000,1,2,2.63,E-3H,1,-162.783576,-1074.913086,-17710.414694,225.000000
133,1708.000,2004-05-05,3.000,1,2,2.63,E-4AH,1,-986.153146,-24.509740,-92884.202720,225.000000
133,1708.000,2004-05-05,3.000,1,2,2.63,F-1H,1,0.000000,6000.000000,0.000000,321.716426
133,1708.000,2004-05-05,3.000,1,2,2.63,F-2H,1,0.000000,6000.000000,0.000000,367.677461
133,1708.000,2004-05-05,3.000,1,2,2.63,F-3H,1,0.000000,6000.000000,0.000000,267.204096
133,1708.000,2004-05-05,3.000,1,2,2.63,F-4H,1,0.000000,5782.466723,0.000000,400.000000
134,1712.000,2004-05-09,4.000,1,2,2.92,B-1H,1,-6260.071386,-273.658332,-628010.182452,225.000000
134,1712.000,2004-05-09,4.000,1,2,2.92,B-2H,1,-1874.385841,-54.910294,-196171.706597,225.000000
134,1712.000,2004-05-09,4.000,1,2,2.92,B-3H,1,-3422.420853,-1932.095828,-365534.836456,225.000000
134,1712.000,2004-05-09,4.000,1,2,2.92,B-4BH,1,-1678.661943,-416.264141,-171355.249963,225.000000
134,1712.000,2004-05-09,4.000,1,2,2.92,B-4H,1,-2252.573038,-528.958370,-232883.726338,225.000000
134,1712.000,2004-05-09,4.000,1,2,2.92,C-1H,1,0.000000,6000.000000,0.000000,323.990552
134,1712.000,2004-05-09,4.000,1,2,2.92,C-2H,1,0.000000,6000.000000,0.000000,275.639907
134,1712.000,2004-05-09,4.000,1,2,2.92,C-3H,1,0.000000,6000.000000,0.000000,281.097965
134,1712.000,2004-05-09,4.000,1,2,2.92,C-4H,1,0.000000,6000.000000,0.000000,253.374272
134,1712.000,2004-05-09,4.000,1,2,2.92,D-1H,1,-1028.713682,-18.178580,-109155.568686,225.000000
134,1712.000,2004-05-09,4.000,1,2,2.92,D-2H,1,-2381.077952,-392.128548,-251178.971666,225.000000
134,1712.000,2004-05-09,4.000,1,2,2.92,D-3AH,1,-3019.659004,-1437.312076,-304122.899204,225.000000
134,1712.000,2004-05-09,4.000,1,2,2.92,D-4H,1,-673.228555,-503.358823,-69597.050968,225.000000
134,1712.000,2004-05-09,4.000,1,2,2.92,E-1H,1,-3194.516170,-10.995422,-329365.374815,225.000000
134,1712.000,2004-05-09,4.000,1,2,2.92,E-2H,1,-3574.774701,-31.681051,-372703.238527,225.000000
134,1712.000,2004-05-09,4.000,1,2,2.92,E-3AH,1,-184.233687,-527.081379,-18449.766651,225.000000
134,1712.000,2004-05-09,4.000,1,2,2.92,E-3H,1,-162.069534,-1079.903823,-17635.501028,225.000000
134,1712.000,2004-05-09,4.000,1,2,2.92,E-4AH,1,-985.132078,-24.471395,-92788.111455,225.000000
134,1712.000,2004-05-09,4.000,1,2,2.92,F-1H,1,0.000000,6000.000000,0.000000,321.771945
134,1712.000,2004-05-09,4.000,1,2,2.92,F-2H,1,0.000000,6000.000000,0.000000,367.734049
134,1712.000,2004-05-09,4.000,1,2,2.92,F-3H,1,0.000000,6000.000000,0.000000,267.198057
134,1712.000,2004-05-09,4.000,1,2,2.92,F-4H,1,0.000000,5777.374424,0.000000,400.000002
135,1729.000,2004-05-26,17.000,1,3,3.87,B-1H,1,-6150.885372,-310.658904,-617497.369702,225.000000
135,1729.000,2004-05-26,17.000,1,3,3.87,B-2H,1,-1877.083110,-57.391559,-196661.283220,225.000000
135,1729.000,2004-05-26,17.000,1,3,3.87,B-3H,1,-3245.132074,-1978.251160,-345823.464816,225.000000
135,1729.000,2004-05-26,17.000,1,3,3.87,B-4BH,1,-1581.995766,-461.565450,-161662.248840,225.000000
135,1729.000,2004-05-26,17.000,1,3,3.87,B-4H,1,-2249.031882,-544.299145,-232726.802306,225.000000
135,1729.000,2004-05-26,17.000,1,3,3.87,C-1H,1,0.000000,6000.000000,0.000000,324.176667
135,1729.000,2004-05-26,17.000,1,3,3.87,C-2H,1,0.000000,6000.000000,0.000000,275.822079
135,1729.000,2004-05-26,17.000,1,3,3.87,C-3H,1,0.000000,6000.000000,0.000000,281.312921
135,1729.000,2004-05-26,17.000,1,3,3.87,C-4H,1,0.000000,6000.000000,0.000000,253.519872
135,1729.000,2004-05-26,17.000,1,3,3.87,D-1H,1,-1036.153216,-18.842820,-110053.405198,225.000000
135,1729.000,2004-05-26,17.000,1,3,3.87,D-2H,1,-2361.544780,-407.156333,-249366.792236,225.000000
135,1729.000,2004-05-26,17.000,1,3,3.87,D-3AH,1,-2955.316034,-1506.941855,-297823.752108,225.000000
135,1729.000,2004-05-26,17.000,1,3,3.87,D-4H,1,-662.811202,-519.709236,-68593.689293,225.000000
135,1729.000,2004-05-26,17.000,1,3,3.87,E-1H,1,-3228.140968,-11.038761,-333169.690211,225.000000
135,1729.000,2004-05-26,17.000,1,3,3.87,E-2H,1,-3503.557566,-44.388596,-365751.863306,225.000000
135,1729.000,2004-05-26,17.000,1,3,3.87,E-3AH,1,-187.108826,-530.128294,-18744.354749,225.000000
135,1729.000,2004-05-26,17.000,1,3,3.87,E-3H,1,-159.233789,-1099.758313,-17337.705903,225.000000
135,1729.000,2004-05-26,17.000,1,3,3.87,E-4AH,1,-980.580649,-24.310315,-92359.735007,225.000000
135,1729.000,2004-05-26,17.000,1,3,3.87,F-1H,1,0.000000,6000.000000,0.000000,321.981974
135,1729.000,2004-05-26,17.000,1,3,3.87,F-2H,1,0.000000,6000.000000,0.000000,367.947244
135,1729.000,2004-05-26,17.000,1,3,3.87,F-3H,1,0.000000,6000.000000,0.000000,267.286131
135,1729.000,2004-05-26,17.000,1,3,3.87,F-4H,1,0.000000,5757.578585,0.000000,400.000000
136,1742.000,2004-06-08,13.000,1,2,2.87,B-1H,1,-6067.365050,-342.843517,-609451.488883,225.000000
136,1742.000,2004-06-08,13.000,1,2,2.87,B-2H,1,-1878.937362,-59.337846,-197009.794781,225.000000
136,1742.000,2004-06-08,13.000,1,2,2.87,B-3H,1,-3144.801613,-2032.514708,-334394.790652,225.000000
136,1742.000,2004-06-08,13.000,1,2,2.87,B-4BH,1,-1519.546032,-495.869669,-155392.868776,225.000000
136,1742.000,2004-06-08,13.000,1,2,2.87,B-4H,1,-2249.096787,-556.806838,-232878.857470,225.000000
136,1742.000,2004-06-08,13.000,1,2,2.87,C-1H,1,0.000000,6000.000000,0.000000,324.322536
136,1742.000,2004-06-08,13.000,1,2,2.87,C-2H,1,0.000000,6000.000000,0.000000,275.959127
136,1742.000,2004-06-08,13.000,1,2,2.87,C-3H,1,0.000000,6000.000000,0.000000,281.474446
136,1742.000,2004-06-08,13.000,1,2,2.87,C-4H,1,0.000000,6000.000000,0.000000,253.648397
136,1742.000,2004-06-08,13.000,1,2,2.87,D-1H,1,-1041.505090,-19.356103,-110703.403874,225.000000
136,1742.000,2004-06-08,13.000,1,2,2.87,D-2H,1,-2345.940394,-418.870756,-247901.530922,225.000000
136,1742.000,2004-06-08,13.000,1,2,2.87,D-3AH,1,-2916.361113,-1565.267545,-294072.561145,225.000000
136,1742.000,2004-06-08,13.000,1,2,2.87,D-4H,1,-654.432833,-532.152903,-67779.982121,225.000000
136,1742.000,2004-06-08,13.000,1,2,2.87,E-1H,1,-3253.077076,-11.070092,-335993.751596,225.000000
136,1742.000,2004-06-08,13.000,1,2,2.87,E-2H,1,-3454.895501,-54.902451,-360994.989070,225.000000
136,1742.000,2004-06-08,13.000,1,2,2.87,E-3AH,1,-189.383222,-532.308784,-18977.496641,225.000000
136,1742.000,2004-06-08,13.000,1,2,2.87,E-3H,1,-157.184353,-1114.765739,-17122.691125,225.000000
136,1742.000,2004-06-08,13.000,1,2,2.87,E-4AH,1,-977.088900,-24.190834,-92031.076666,225.000000
136,1742.000,2004-06-08,13.000,1,2,2.87,F-1H,1,0.000000,6000.000000,0.000000,322.137373
136,1742.000,2004-06-08,13.000,1,2,2.87,F-2H,1,0.000000,6000.000000,0.000000,368.103972
136,1742.000,2004-06-08,13.000,1,2,2.87,F-3H,1,0.000000,6000.000000,0.000000,267.389278
136,1742.000,2004-06-08,13.000,1,2,2.87,F-4H,1,0.000000,5743.913978,0.000000,399.999987
137,1760.000,2004-06-26,18.000,1,3,3.98,B-1H,1,-5944.095096,-390.651887,-597570.750670,225.000000
137,1760.000,2004-06-26,18.000,1,3,3.98,B-2H,1,-1882.782393,-62.177375,-197624.627681,225.000000
137,1760.000,2004-06-26,18.000,1,3,3.98,B-3H,1,-3020.077804,-2117.062195,-320472.123907,225.000000
137,1760.000,2004-06-26,18.000,1,3,3.98,B-4BH,1,-1442.659968,-542.204087,-147676.138359,225.000000
137,1760.000,2004-06-26,18.000,1,3,3.98,B-4H,1,-2252.663333,-575.168065,-233459.506825,225.000000
137,1760.000,2004-06-26,18.000,1,3,3.98,C-1H,1,0.000000,6000.000000,0.000000,324.535723
137,1760.000,2004-06-26,18.000,1,3,3.98,C-2H,1,0.000000,6000.000000,0.000000,276.150850
137,1760.000,2004-06-26,18.000,1,3,3.98,C-3H,1,0.000000,6000.000000,0.000000,281.701430
137,1760.000,2004-06-26,18.000,1,3,3.98,C-4H,1,0.000000,6000.000000,0.000000,253.845450
137,1760.000,2004-06-26,18.000,1,3,3.98,D-1H,1,-1049.006068,-20.120449,-111612.001998,225.000000
137,1760.000,2004-06-26,18.000,1,3,3.98,D-2H,1,-2323.193970,-435.574389,-245742.375808,225.000000
137,1760.000,2004-06-26,18.000,1,3,3.98,D-3AH,1,-2877.465193,-1651.015474,-290420.964923,225.000000
137,1760.000,2004-06-26,18.000,1,3,3.98,D-4H,1,-643.142963,-550.012103,-66681.405035,225.000000
137,1760.000,2004-06-26,18.000,1,3,3.98,E-1H,1,-3288.118411,-11.123433,-339945.615588,225.000000
137,1760.000,2004-06-26,18.000,1,3,3.98,E-2H,1,-3396.608180,-72.010269,-355342.896602,225.000000
137,1760.000,2004-06-26,18.000,1,3,3.98,E-3AH,1,-192.684854,-535.091263,-19315.980299,225.000000
137,1760.000,2004-06-26,18.000,1,3,3.98,E-3H,1,-154.494224,-1135.534624,-16841.210451,225.000000
137,1760.000,2004-06-26,18.000,1,3,3.98,E-4AH,1,-972.122892,-24.028735,-91563.617911,225.000000
137,1760.000,2004-06-26,18.000,1,3,3.98,F-1H,1,0.000000,6000.000000,0.000000,322.353956
137,1760.000,2004-06-26,18.000,1,3,3.98,F-2H,1,0.000000,6000.000000,0.000000,368.321558
137,1760.000,2004-06-26,18.000,1,3,3.98,F-3H,1,0.000000,6000.000000,0.000000,267.560834
137,1760.000,2004-06-26,18.000,1,3,3.98,F-4H,1,0.000000,5726.339473,0.000000,400.000000
138,1761.000,2004-06-27,1.000,1,2,2.78,B-1H,1,-5934.399840,-393.392439,-596626.531866,225.000000
138,1761.000,2004-06-27,1.000,1,2,2.78,B-2H,1,-1882.966751,-62.336262,-197655.743623,225.000000
138,1761.000,2004-06-27,1.000,1,2,2.78,B-3H,1,-3017.142090,-2123.683885,-320147.545921,225.000000
138,1761.000,2004-06-27,1.000,1,2,2.78,B-4BH,1,-1438.406068,-544.942201,-147248.961973,225.000000
138,1761.000,2004-06-27,1.000,1,2,2.78,B-4H,1,-2252.693147,-576.088756,-233474.028757,225.000000
138,1761.000,2004-06-27,1.000,1,2,2.78,C-1H,1,0.000000,6000.000000,0.000000,324.547673
138,1761.000,2004-06-27,1.000,1,2,2.78,C-2H,1,0.000000,6000.000000,0.000000,276.161515
138,1761.000,2004-06-27,1.000,1,2,2.78,C-3H,1,0.000000,6000.000000,0.000000,281.714098
138,1761.000,2004-06-27,1.000,1,2,2.78,C-4H,1,0.000000,6000.000000,0.000000,253.856375
138,1761.000,2004-06-27,1.000,1,2,2.78,D-1H,1,-1049.404343,-20.163538,-111660.530834,225.000000
138,1761.000,2004-06-27,1.000,1,2,2.78,D-2H,1,-2321.896407,-436.496844,-245618.448549,225.000000
138,1761.000,2004-06-27,1.000,1,2,2.78,D-3AH,1,-2875.121218,-1655.680552,-290199.921139,225.000000
138,1761.000,2004-06-27,1.000,1,2,2.78,D-4H,1,-642.374637,-550.752487,-66605.561485,225.000000
138,1761.000,2004-06-27,1.000,1,2,2.78,E-1H,1,-3290.042424,-11.126377,-340163.012438,225.000000
138,1761.000,2004-06-27,1.000,1,2,2.78,E-2H,1,-3393.558980,-73.018224,-355047.451017,225.000000
138,1761.000,2004-06-27,1.000,1,2,2.78,E-3AH,1,-192.869166,-535.255774,-19334.906560,225.000000
138,1761.000,2004-06-27,1.000,1,2,2.78,E-3H,1,-154.364733,-1136.728996,-16827.713907,225.000000
138,1761.000,2004-06-27,1.000,1,2,2.78,E-4AH,1,-971.850721,-24.019858,-91537.998035,225.000000
138,1761.000,2004-06-27,1.000,1,2,2.78,F-1H,1,0.000000,6000.000000,0.000000,322.365971
138,1761.000,2004-06-27,1.000,1,2,2.78,F-2H,1,0.000000,6000.000000,0.000000,368.333624
138,1761.000,2004-06-27,1.000,1,2,2.78,F-3H,1,0.000000,6000.000000,0.000000,267.570474
138,1761.000,2004-06-27,1.000,1,2,2.78,F-4H,1,0.000000,5725.356827,0.000000,400.000000
139,1774.000,2004-07-10,13.000,1,3,3.88,B-1H,1,-5839.331378,-432.678148,-587465.540341,225.000000
139,1774.000,2004-07-10,13.000,1,3,3.88,B-2H,1,-1885.958679,-64.454070,-198123.948446,225.000000
139,1774.000,2004-07-10,13.000,1,3,3.88,B-3H,1,-2936.448680,-2187.400846,-311396.493315,225.000000
139,1774.000,2004-07-10,13.000,1,3,3.88,B-4BH,1,-1388.677169,-579.208823,-142261.544391,225.000000
139,1774.000,2004-07-10,13.000,1,3,3.88,B-4H,1,-2256.201974,-589.878626,-233999.936706,225.000000
139,1774.000,2004-07-10,13.000,1,3,3.88,C-1H,1,0.000000,6000.000000,0.000000,324.707551
139,1774.000,2004-07-10,13.000,1,3,3.88,C-2H,1,0.000000,6000.000000,0.000000,276.303087
139,1774.000,2004-07-10,13.000,1,3,3.88,C-3H,1,0.000000,6000.000000,0.000000,281.881248
139,1774.000,2004-07-10,13.000,1,3,3.88,C-4H,1,0.000000,6000.000000,0.000000,254.005330
139,1774.000,2004-07-10,13.000,1,3,3.88,D-1H,1,-1054.962016,-20.775693,-112332.278997,225.000000
139,1774.000,2004-07-10,13.000,1,3,3.88,D-2H,1,-2305.261888,-448.842103,-244037.717324,225.000000
139,1774.000,2004-07-10,13.000,1,3,3.88,D-3AH,1,-2851.974583,-1720.633928,-288067.316097,225.000000
139,1774.000,2004-07-10,13.000,1,3,3.88,D-4H,1,-634.711654,-564.118563,-65861.548528,225.000000
139,1774.000,2004-07-10,13.000,1,3,3.88,E-1H,1,-3315.145381,-11.173660,-342991.073622,225.000000
139,1774.000,2004-07-10,13.000,1,3,3.88,E-2H,1,-3354.211255,-85.492420,-351263.271187,225.000000
139,1774.000,2004-07-10,13.000,1,3,3.88,E-3AH,1,-195.338171,-537.169034,-19588.105862,225.000000
139,1774.000,2004-07-10,13.000,1,3,3.88,E-3H,1,-152.474674,-1151.812994,-16630.238629,225.000000
139,1774.000,2004-07-10,13.000,1,3,3.88,E-4AH,1,-968.298972,-23.907103,-91203.652947,225.000000
139,1774.000,2004-07-10,13.000,1,3,3.88,F-1H,1,0.000000,6000.000000,0.000000,322.524899
139,1774.000,2004-07-10,13.000,1,3,3.88,F-2H,1,0.000000,6000.000000,0.000000,368.493193
139,1774.000,2004-07-10,13.000,1,3,3.88,F-3H,1,0.000000,6000.000000,0.000000,267.701667
139,1774.000,2004-07-10,13.000,1,3,3.88,F-4H,1,0.000000,5713.368350,0.000000,400.000000
140,1790.000,2004-07-26,16.000,1,3,3.97,B-1H,1,-5701.990769,-484.071642,-574188.444897,225.000000
140,1790.000,2004-07-26,16.000,1,3,3.97,B-2H,1,-1890.047922,-67.132966,-198747.317962,225.000000
140,1790.000,2004-07-26,16.000,1,3,3.97,B-3H,1,-2850.002823,-2268.657655,-302301.502653,225.000000
140,1790.000,2004-07-26,16.000,1,3,3.97,B-4BH,1,-1336.219240,-620.967447,-137014.241048,225.000000
140,1790.000,2004-07-26,16.000,1,3,3.97,B-4H,1,-2262.579156,-607.265863,-234872.510396,225.000000
140,1790.000,2004-07-26,16.000,1,3,3.97,C-1H,1,0.000000,6000.000000,0.000000,324.910675
140,1790.000,2004-07-26,16.000,1,3,3.97,C-2H,1,0.000000,6000.000000,0.000000,276.482588
140,1790.000,2004-07-26,16.000,1,3,3.97,C-3H,1,0.000000,6000.000000,0.000000,282.091703
140,1790.000,2004-07-26,16.000,1,3,3.97,C-4H,1,0.000000,6000.000000,0.000000,254.193956
140,1790.000,2004-07-26,16.000,1,3,3.97,D-1H,1,-1061.901276,-21.561226,-113171.396336,225.000000
140,1790.000,2004-07-26,16.000,1,3,3.97,D-2H,1,-2283.575034,-464.240808,-241966.078727,225.000000
140,1790.000,2004-07-26,16.000,1,3,3.97,D-3AH,1,-2829.430149,-1802.859104,-286045.344963,225.000000
140,1790.000,2004-07-26,16.000,1,3,3.97,D-4H,1,-625.122978,-580.852781,-64928.211583,225.000000
140,1790.000,2004-07-26,16.000,1,3,3.97,E-1H,1,-3345.206177,-11.252390,-346377.968615,225.000000
140,1790.000,2004-07-26,16.000,1,3,3.97,E-2H,1,-3308.495029,-101.992560,-346884.948200,225.000000
140,1790.000,2004-07-26,16.000,1,3,3.97,E-3AH,1,-198.468705,-539.477480,-19909.289309,225.000000
140,1790.000,2004-07-26,16.000,1,3,3.97,E-3H,1,-150.247229,-1170.425690,-16397.986662,225.000000
140,1790.000,2004-07-26,16.000,1,3,3.97,E-4AH,1,-963.921566,-23.772496,-90791.565506,225.000000
140,1790.000,2004-07-26,16.000,1,3,3.97,F-1H,1,0.000000,6000.000000,0.000000,322.723716
140,1790.000,2004-07-26,16.000,1,3,3.97,F-2H,1,0.000000,6000.000000,0.000000,368.692878
140,1790.000,2004-07-26,16.000,1,3,3.97,F-3H,1,0.000000,6000.000000,0.000000,267.866383
140,1790.000,2004-07-26,16.000,1,3,3.97,F-4H,1,0.000000,5699.181684,0.000000,400.000000
141,1796.000,2004-08-01,6.000,1,2,2.66,B-1H,1,-5645.794037,-504.938672,-568741.207299,225.000000
141,1796.000,2004-08-01,6.000,1,2,2.66,B-2H,1,-1891.736971,-68.154585,-198998.286790,225.000000
141,1796.000,2004-08-01,6.000,1,2,2.66,B-3H,1,-2820.250752,-2300.275505,-299217.057010,225.000000
141,1796.000,2004-08-01,6.000,1,2,2.66,B-4BH,1,-1317.416316,-636.971081,-135133.649438,225.000000
141,1796.000,2004-08-01,6.000,1,2,2.66,B-4H,1,-2264.889797,-613.831753,-235192.628674,225.000000
141,1796.000,2004-08-01,6.000,1,2,2.66,C-1H,1,0.000000,6000.000000,0.000000,324.987954
141,1796.000,2004-08-01,6.000,1,2,2.66,C-2H,1,0.000000,6000.000000,0.000000,276.551030
141,1796.000,2004-08-01,6.000,1,2,2.66,C-3H,1,0.000000,6000.000000,0.000000,282.171518
141,1796.000,2004-08-01,6.000,1,2,2.66,C-4H,1,0.000000,6000.000000,0.000000,254.265473
141,1796.000,2004-08-01,6.000,1,2,2.66,D-1H,1,-1064.506402,-21.859394,-113486.869590,225.000000
141,1796.000,2004-08-01,6.000,1,2,2.66,D-2H,1,-2275.360749,-470.216084,-241180.880403,225.000000
141,1796.000,2004-08-01,6.000,1,2,2.66,D-3AH,1,-2821.317048,-1834.168015,-285322.400612,225.000000
141,1796.000,2004-08-01,6.000,1,2,2.66,D-4H,1,-621.384076,-587.088614,-64562.729910,225.000000
141,1796.000,2004-08-01,6.000,1,2,2.66,E-1H,1,-3356.418114,-11.285867,-347641.329897,225.000000
141,1796.000,2004-08-01,6.000,1,2,2.66,E-2H,1,-3292.471239,-108.541624,-345361.059941,225.000000
141,1796.000,2004-08-01,6.000,1,2,2.66,E-3AH,1,-199.657387,-540.325633,-20031.325373,225.000000
141,1796.000,2004-08-01,6.000,1,2,2.66,E-3H,1,-149.425547,-1177.440889,-16312.295231,225.000000
141,1796.000,2004-08-01,6.000,1,2,2.66,E-4AH,1,-962.251324,-23.721930,-90634.325361,225.000000
141,1796.000,2004-08-01,6.000,1,2,2.66,F-1H,1,0.000000,6000.000000,0.000000,322.798644
141,1796.000,2004-08-01,6.000,1,2,2.66,F-2H,1,0.000000,6000.000000,0.000000,368.768159
141,1796.000,2004-08-01,6.000,1,2,2.66,F-3H,1,0.000000,6000.000000,0.000000,267.928106
141,1796.000,2004-08-01,6.000,1,2,2.66,F-4H,1,0.000000,5693.875632,0.000000,400.000002
142,1803.000,2004-08-08,7.000,1,7,8.87,B-1H,1,-5579.870346,-531.057934,-562351.304629,225.000000
142,1803.000,2004-08-08,7.000,1,7,8.87,B-2H,1,-1893.751063,-69.362095,-199296.762218,225.000000
142,1803.000,2004-08-08,7.000,1,7,8.87,B-3H,1,-2784.406060,-2335.870775,-295509.587663,225.000000
142,1803.000,2004-08-08,7.000,1,7,8.87,B-4BH,1,-1296.289699,-655.432742,-133019.163083,225.000000
142,1803.000,2004-08-08,7.000,1,7,8.87,B-4H,1,-2267.769030,-621.648675,-235587.030389,225.000000
142,1803.000,2004-08-08,7.000,1,7,8.87,C-1H,1,0.000000,6000.000000,0.000000,325.079082
142,1803.000,2004-08-08,7.000,1,7,8.87,C-2H,1,0.000000,6000.000000,0.000000,276.632223
142,1803.000,2004-08-08,7.000,1,7,8.87,C-3H,1,0.000000,6000.000000,0.000000,282.265713
142,1803.000,2004-08-08,7.000,1,7,8.87,C-4H,1,0.000000,6000.000000,0.000000,254.349917
142,1803.000,2004-08-08,7.000,1,7,8.87,D-1H,1,-1067.606359,-22.215888,-113861.956212,225.000000
142,1803.000,2004-08-08,7.000,1,7,8.87,D-2H,1,-2265.610319,-477.189973,-240247.587769,225.000000
142,1803.000,2004-08-08,7.000,1,7,8.87,D-3AH,1,-2812.792327,-1871.193224,-284573.761516,225.000000
142,1803.000,2004-08-08,7.000,1,7,8.87,D-4H,1,-617.102770,-594.693635,-64144.799857,225.000000
142,1803.000,2004-08-08,7.000,1,7,8.87,E-1H,1,-3369.166566,-11.331484,-349080.225312,225.000000
142,1803.000,2004-08-08,7.000,1,7,8.87,E-2H,1,-3272.360224,-116.235052,-343437.027095,225.000000
142,1803.000,2004-08-08,7.000,1,7,8.87,E-3AH,1,-201.066603,-541.280320,-20176.022948,225.000000
142,1803.000,2004-08-08,7.000,1,7,8.87,E-3H,1,-148.702345,-1185.731213,-16237.992003,225.000000
142,1803.000,2004-08-08,7.000,1,7,8.87,E-4AH,1,-960.280434,-23.663151,-90448.777104,225.000000
142,1803.000,2004-08-08,7.000,1,7,8.87,F-1H,1,0.000000,6000.000000,0.000000,322.886537
142,1803.000,2004-08-08,7.000,1,7,8.87,F-2H,1,0.000000,6000.000000,0.000000,368.856531
142,1803.000,2004-08-08,7.000,1,7,8.87,F-3H,1,0.000000,6000.000000,0.000000,268.000216
142,1803.000,2004-08-08,7.000,1,7,8.87,F-4H,1,0.000000,5687.855938,0.000000,400.000000
143,1821.000,2004-08-26,18.000,1,7,9.10,B-1H,1,-5411.097075,-600.221900,-545988.793897,225.000000
143,1821.000,2004-08-26,18.000,1,7,9.10,B-2H,1,-1898.965400,-72.573584,-200074.672966,225.000000
143,1821.000,2004-08-26,18.000,1,7,9.10,B-3H,1,-2699.375016,-2423.868498,-286862.371839,225.000000
143,1821.000,2004-08-26,18.000,1,7,9.10,B-4BH,1,-1248.076619,-701.503374,-128201.577871,225.000000
143,1821.000,2004-08-26,18.000,1,7,9.10,B-4H,1,-2275.505718,-642.076318,-236644.767145,225.000000
143,1821.000,2004-08-26,18.000,1,7,9.10,C-1H,1,0.000000,6000.000000,0.000000,325.317134
143,1821.000,2004-08-26,18.000,1,7,9.10,C-2H,1,0.000000,6000.000000,0.000000,276.846517
143,1821.000,2004-08-26,18.000,1,7,9.10,C-3H,1,0.000000,6000.000000,0.000000,282.512724
143,1821.000,2004-08-26,18.000,1,7,9.10,C-4H,1,0.000000,6000.000000,0.000000,254.570904
143,1821.000,2004-08-26,18.000,1,7,9.10,D-1H,1,-1075.625640,-23.169484,-114835.329777,225.000000
143,1821.000,2004-08-26,18.000,1,7,9.10,D-2H,1,-2238.925736,-495.330814,-237681.442439,225.000000
143,1821.000,2004-08-26,18.000,1,7,9.10,D-3AH,1,-2793.811417,-1966.547363,-282943.634972,225.000000
143,1821.000,2004-08-26,18.000,1,7,9.10,D-4H,1,-606.133538,-614.617974,-63074.564866,225.000000
143,1821.000,2004-08-26,18.000,1,7,9.10,E-1H,1,-3397.472363,-11.539381,-352314.737349,225.000000
143,1821.000,2004-08-26,18.000,1,7,9.10,E-2H,1,-3217.839440,-135.717117,-338161.802730,225.000000
143,1821.000,2004-08-26,18.000,1,7,9.10,E-3AH,1,-204.811914,-543.576003,-20560.836000,225.000000
143,1821.000,2004-08-26,18.000,1,7,9.10,E-3H,1,-146.759294,-1207.517555,-16037.418388,225.000000
143,1821.000,2004-08-26,18.000,1,7,9.10,E-4AH,1,-955.212912,-23.516480,-89971.679242,225.000000
143,1821.000,2004-08-26,18.000,1,7,9.10,F-1H,1,0.000000,6000.000000,0.000000,323.114108
143,1821.000,2004-08-26,18.000,1,7,9.10,F-2H,1,0.000000,6000.000000,0.000000,369.085397
143,1821.000,2004-08-26,18.000,1,7,9.10,F-3H,1,0.000000,6000.000000,0.000000,268.187427
143,1821.000,2004-08-26,18.000,1,7,9.10,F-4H,1,0.000000,5673.016333,0.000000,400.000000
144,1836.000,2004-09-10,15.000,1,3,4.17,B-1H,1,-5256.972010,-662.082609,-531000.280791,225.000000
144,1836.000,2004-09-10,15.000,1,3,4.17,B-2H,1,-1903.154700,-75.368143,-200711.531280,225.000000
144,1836.000,2004-09-10,15.000,1,3,4.17,B-3H,1,-2639.243374,-2497.769668,-280924.644204,225.000000
144,1836.000,2004-09-10,15.000,1,3,4.17,B-4BH,1,-1212.339347,-739.938849,-124634.806111,225.000000
144,1836.000,2004-09-10,15.000,1,3,4.17,B-4H,1,-2281.732323,-659.296962,-237507.268864,225.000000
144,1836.000,2004-09-10,15.000,1,3,4.17,C-1H,1,0.000000,6000.000000,0.000000,325.518657
144,1836.000,2004-09-10,15.000,1,3,4.17,C-2H,1,0.000000,6000.000000,0.000000,277.028954
144,1836.000,2004-09-10,15.000,1,3,4.17,C-3H,1,0.000000,6000.000000,0.000000,282.721801
144,1836.000,2004-09-10,15.000,1,3,4.17,C-4H,1,0.000000,6000.000000,0.000000,254.757230
144,1836.000,2004-09-10,15.000,1,3,4.17,D-1H,1,-1082.371215,-23.993769,-115656.654248,225.000000
144,1836.000,2004-09-10,15.000,1,3,4.17,D-2H,1,-2215.667612,-510.832533,-235438.539858,225.000000
144,1836.000,2004-09-10,15.000,1,3,4.17,D-3AH,1,-2780.013617,-2047.420321,-281789.272776,225.000000
144,1836.000,2004-09-10,15.000,1,3,4.17,D-4H,1,-596.821840,-631.380923,-62166.254638,225.000000
144,1836.000,2004-09-10,15.000,1,3,4.17,E-1H,1,-3417.934531,-11.947414,-354686.701987,225.000000
144,1836.000,2004-09-10,15.000,1,3,4.17,E-2H,1,-3168.208521,-152.227116,-333306.709970,225.000000
144,1836.000,2004-09-10,15.000,1,3,4.17,E-3AH,1,-208.018186,-545.464941,-20890.415700,225.000000
144,1836.000,2004-09-10,15.000,1,3,4.17,E-3H,1,-145.115743,-1225.970445,-15867.409578,225.000000
144,1836.000,2004-09-10,15.000,1,3,4.17,E-4AH,1,-950.939342,-23.395866,-89569.315238,225.000000
144,1836.000,2004-09-10,15.000,1,3,4.17,F-1H,1,0.000000,6000.000000,0.000000,323.305198
144,1836.000,2004-09-10,15.000,1,3,4.17,F-2H,1,0.000000,6000.000000,0.000000,369.277635
144,1836.000,2004-09-10,15.000,1,3,4.17,F-3H,1,0.000000,6000.000000,0.000000,268.345454
144,1836.000,2004-09-10,15.000,1,3,4.17,F-4H,1,0.000000,5661.049961,0.000000,400.000000
145,1851.000,2004-09-25,15.000,1,3,3.70,B-1H,1,-5098.057691,-728.334581,-515538.905138,225.000000
145,1851.000,2004-09-25,15.000,1,3,3.70,B-2H,1,-1907.112843,-78.295042,-201328.432044,225.000000
145,1851.000,2004-09-25,15.000,1,3,3.70,B-3H,1,-2585.942474,-2572.149744,-275764.981728,225.000000
145,1851.000,2004-09-25,15.000,1,3,3.70,B-4BH,1,-1180.051834,-778.407442,-121416.127247,225.000000
145,1851.000,2004-09-25,15.000,1,3,3.70,B-4H,1,-2287.794000,-676.737709,-238356.117095,225.000000
145,1851.000,2004-09-25,15.000,1,3,3.70,C-1H,1,0.000000,6000.000000,0.000000,325.721893
145,1851.000,2004-09-25,15.000,1,3,3.70,C-2H,1,0.000000,6000.000000,0.000000,277.214836
145,1851.000,2004-09-25,15.000,1,3,3.70,C-3H,1,0.000000,6000.000000,0.000000,282.933019
145,1851.000,2004-09-25,15.000,1,3,3.70,C-4H,1,0.000000,6000.000000,0.000000,254.944659
145,1851.000,2004-09-25,15.000,1,3,3.70,D-1H,1,-1089.030298,-24.849388,-116472.067409,225.000000
145,1851.000,2004-09-25,15.000,1,3,3.70,D-2H,1,-2191.940619,-526.749377,-233146.292413,225.000000
145,1851.000,2004-09-25,15.000,1,3,3.70,D-3AH,1,-2770.466886,-2129.039858,-281059.847697,225.000000
145,1851.000,2004-09-25,15.000,1,3,3.70,D-4H,1,-588.577050,-648.321150,-61367.293118,225.000000
145,1851.000,2004-09-25,15.000,1,3,3.70,E-1H,1,-3435.268736,-12.626389,-356736.392556,225.000000
145,1851.000,2004-09-25,15.000,1,3,3.70,E-2H,1,-3114.297714,-169.694992,-327974.368270,225.000000
145,1851.000,2004-09-25,15.000,1,3,3.70,E-3AH,1,-211.286976,-547.291214,-21226.855623,225.000000
145,1851.000,2004-09-25,15.000,1,3,3.70,E-3H,1,-143.509986,-1244.523343,-15701.613254,225.000000
145,1851.000,2004-09-25,15.000,1,3,3.70,E-4AH,1,-946.626825,-23.276902,-89163.270531,225.000000
145,1851.000,2004-09-25,15.000,1,3,3.70,F-1H,1,0.000000,6000.000000,0.000000,323.498440
145,1851.000,2004-09-25,15.000,1,3,3.70,F-2H,1,0.000000,6000.000000,0.000000,369.472083
145,1851.000,2004-09-25,15.000,1,3,3.70,F-3H,1,0.000000,6000.000000,0.000000,268.505503
145,1851.000,2004-09-25,15.000,1,3,3.70,F-4H,1,0.000000,5649.238470,0.000000,400.000000
146,1874.000,2004-10-18,23.000,1,3,3.98,B-1H,1,-4868.150883,-832.110586,-493149.842558,225.000000
146,1874.000,2004-10-18,23.000,1,3,3.98,B-2H,1,-1912.320402,-82.873256,-202189.472688,225.000000
146,1874.000,2004-10-18,23.000,1,3,3.98,B-3H,1,-2511.152035,-2683.013340,-268604.083549,225.000000
146,1874.000,2004-10-18,23.000,1,3,3.98,B-4BH,1,-1135.464548,-836.896164,-116976.525759,225.000000
146,1874.000,2004-10-18,23.000,1,3,3.98,B-4H,1,-2296.887927,-703.558507,-239642.026762,225.000000
146,1874.000,2004-10-18,23.000,1,3,3.98,C-1H,1,0.000000,6000.000000,0.000000,326.032771
146,1874.000,2004-10-18,23.000,1,3,3.98,C-2H,1,0.000000,6000.000000,0.000000,277.502762
146,1874.000,2004-10-18,23.000,1,3,3.98,C-3H,1,0.000000,6000.000000,0.000000,283.258222
146,1874.000,2004-10-18,23.000,1,3,3.98,C-4H,1,0.000000,6000.000000,0.000000,255.232508
146,1874.000,2004-10-18,23.000,1,3,3.98,D-1H,1,-1098.861108,-26.259273,-117687.169570,225.000000
146,1874.000,2004-10-18,23.000,1,3,3.98,D-2H,1,-2156.468907,-551.452855,-229726.978988,225.000000
146,1874.000,2004-10-18,23.000,1,3,3.98,D-3AH,1,-2760.224344,-2254.666935,-280370.523043,225.000000
146,1874.000,2004-10-18,23.000,1,3,3.98,D-4H,1,-576.729547,-674.070604,-60222.419694,225.000000
146,1874.000,2004-10-18,23.000,1,3,3.98,E-1H,1,-3449.373034,-14.232321,-358598.157948,225.000000
146,1874.000,2004-10-18,23.000,1,3,3.98,E-2H,1,-3030.268618,-197.535982,-319647.308817,225.000000
146,1874.000,2004-10-18,23.000,1,3,3.98,E-3AH,1,-216.386350,-550.067774,-21752.734917,225.000000
146,1874.000,2004-10-18,23.000,1,3,3.98,E-3H,1,-141.159374,-1272.931389,-15459.631792,225.000000
146,1874.000,2004-10-18,23.000,1,3,3.98,E-4AH,1,-939.932615,-23.097780,-88532.948583,225.000000
146,1874.000,2004-10-18,23.000,1,3,3.98,F-1H,1,0.000000,6000.000000,0.000000,323.799418
146,1874.000,2004-10-18,23.000,1,3,3.98,F-2H,1,0.000000,6000.000000,0.000000,369.775157
146,1874.000,2004-10-18,23.000,1,3,3.98,F-3H,1,0.000000,6000.000000,0.000000,268.753697
146,1874.000,2004-10-18,23.000,1,3,3.98,F-4H,1,0.000000,5631.167953,0.000000,400.000000
147,1882.000,2004-10-26,8.000,1,2,2.74,B-1H,1,-4783.712477,-869.416293,-484902.584784,225.000000
147,1882.000,2004-10-26,8.000,1,2,2.74,B-2H,1,-1914.068139,-84.496898,-202483.405329,225.000000
147,1882.000,2004-10-26,8.000,1,2,2.74,B-3H,1,-2487.252777,-2723.177104,-266351.698433,225.000000
147,1882.000,2004-10-26,8.000,1,2,2.74,B-4BH,1,-1120.057780,-857.918767,-115440.050619,225.000000
147,1882.000,2004-10-26,8.000,1,2,2.74,B-4H,1,-2299.795152,-712.864857,-240062.825472,225.000000
147,1882.000,2004-10-26,8.000,1,2,2.74,C-1H,1,0.000000,6000.000000,0.000000,326.141447
147,1882.000,2004-10-26,8.000,1,2,2.74,C-2H,1,0.000000,6000.000000,0.000000,277.603955
147,1882.000,2004-10-26,8.000,1,2,2.74,C-3H,1,0.000000,6000.000000,0.000000,283.372054
147,1882.000,2004-10-26,8.000,1,2,2.74,C-4H,1,0.000000,6000.000000,0.000000,255.332815
147,1882.000,2004-10-26,8.000,1,2,2.74,D-1H,1,-1102.356521,-26.764755,-118119.129161,225.000000
147,1882.000,2004-10-26,8.000,1,2,2.74,D-2H,1,-2143.768192,-560.169117,-228496.928005,225.000000
147,1882.000,2004-10-26,8.000,1,2,2.74,D-3AH,1,-2757.036129,-2299.062472,-280169.130390,225.000000
147,1882.000,2004-10-26,8.000,1,2,2.74,D-4H,1,-572.432576,-682.860669,-59805.079669,225.000000
147,1882.000,2004-10-26,8.000,1,2,2.74,E-1H,1,-3452.228230,-14.907767,-359033.875189,225.000000
147,1882.000,2004-10-26,8.000,1,2,2.74,E-2H,1,-3001.287843,-207.669634,-316782.913484,225.000000
147,1882.000,2004-10-26,8.000,1,2,2.74,E-3AH,1,-218.185921,-551.003614,-21938.423311,225.000000
147,1882.000,2004-10-26,8.000,1,2,2.74,E-3H,1,-140.360335,-1282.884863,-15377.396642,225.000000
147,1882.000,2004-10-26,8.000,1,2,2.74,E-4AH,1,-937.612775,-23.036312,-88314.510974,225.000000
147,1882.000,2004-10-26,8.000,1,2,2.74,F-1H,1,0.000000,6000.000000,0.000000,323.904646
147,1882.000,2004-10-26,8.000,1,2,2.74,F-2H,1,0.000000,6000.000000,0.000000,369.881162
147,1882.000,2004-10-26,8.000,1,2,2.74,F-3H,1,0.000000,6000.000000,0.000000,268.840445
147,1882.000,2004-10-26,8.000,1,2,2.74,F-4H,1,0.000000,5624.899412,0.000000,400.000003
148,1883.000,2004-10-27,1.000,1,2,2.73,B-1H,1,-4772.113889,-873.988923,-483766.274345,225.000000
148,1883.000,2004-10-27,1.000,1,2,2.73,B-2H,1,-1914.278184,-84.702590,-202519.278585,225.000000
148,1883.000,2004-10-27,1.000,1,2,2.73,B-3H,1,-2484.787889,-2728.587389,-266130.833074,225.000000
148,1883.000,2004-10-27,1.000,1,2,2.73,B-4BH,1,-1118.172872,-860.566226,-115252.249166,225.000000
148,1883.000,2004-10-27,1.000,1,2,2.73,B-4H,1,-2300.114623,-713.998373,-240110.749101,225.000000
148,1883.000,2004-10-27,1.000,1,2,2.73,C-1H,1,0.000000,6000.000000,0.000000,326.155081
148,1883.000,2004-10-27,1.000,1,2,2.73,C-2H,1,0.000000,6000.000000,0.000000,277.616630
148,1883.000,2004-10-27,1.000,1,2,2.73,C-3H,1,0.000000,6000.000000,0.000000,283.386363
148,1883.000,2004-10-27,1.000,1,2,2.73,C-4H,1,0.000000,6000.000000,0.000000,255.345339
148,1883.000,2004-10-27,1.000,1,2,2.73,D-1H,1,-1102.789395,-26.826795,-118172.712284,225.000000
148,1883.000,2004-10-27,1.000,1,2,2.73,D-2H,1,-2142.159165,-561.270260,-228340.608422,225.000000
148,1883.000,2004-10-27,1.000,1,2,2.73,D-3AH,1,-2756.574225,-2304.590782,-280137.655367,225.000000
148,1883.000,2004-10-27,1.000,1,2,2.73,D-4H,1,-571.858707,-683.900839,-59749.043128,225.000000
148,1883.000,2004-10-27,1.000,1,2,2.73,E-1H,1,-3452.517128,-14.994758,-359081.352734,225.000000
148,1883.000,2004-10-27,1.000,1,2,2.73,E-2H,1,-2997.633035,-208.963020,-316421.377144,225.000000
148,1883.000,2004-10-27,1.000,1,2,2.73,E-3AH,1,-218.411448,-551.124150,-21961.708924,225.000000
148,1883.000,2004-10-27,1.000,1,2,2.73,E-3H,1,-140.265536,-1284.144483,-15367.672348,225.000000
148,1883.000,2004-10-27,1.000,1,2,2.73,E-4AH,1,-937.322649,-23.028637,-88287.192505,225.000000
148,1883.000,2004-10-27,1.000,1,2,2.73,F-1H,1,0.000000,6000.000000,0.000000,323.917803
148,1883.000,2004-10-27,1.000,1,2,2.73,F-2H,1,0.000000,6000.000000,0.000000,369.894415
148,1883.000,2004-10-27,1.000,1,2,2.73,F-3H,1,0.000000,6000.000000,0.000000,268.851285
148,1883.000,2004-10-27,1.000,1,2,2.73,F-4H,1,0.000000,5624.170695,0.000000,399.999992
149,1893.000,2004-11-06,10.000,1,3,3.87,B-1H,1,-4673.382446,-923.445024,-474135.181782,225.000000
149,1893.000,2004-11-06,10.000,1,3,3.87,B-2H,1,-1916.276210,-86.775866,-202867.860748,225.000000
149,1893.000,2004-11-06,10.000,1,3,3.87,B-3H,1,-2452.566812,-2777.305000,-263002.812494,225.000000
149,1893.000,2004-11-06,10.000,1,3,3.87,B-4BH,1,-1099.402488,-886.881563,-113379.493949,225.000000
149,1893.000,2004-11-06,10.000,1,3,3.87,B-4H,1,-2303.961768,-725.792053,-240660.330608,225.000000
149,1893.000,2004-11-06,10.000,1,3,3.87,C-1H,1,0.000000,6000.000000,0.000000,326.290773
149,1893.000,2004-11-06,10.000,1,3,3.87,C-2H,1,0.000000,6000.000000,0.000000,277.743655
149,1893.000,2004-11-06,10.000,1,3,3.87,C-3H,1,0.000000,6000.000000,0.000000,283.529061
149,1893.000,2004-11-06,10.000,1,3,3.87,C-4H,1,0.000000,6000.000000,0.000000,255.470837
149,1893.000,2004-11-06,10.000,1,3,3.87,D-1H,1,-1107.160092,-27.488836,-118714.033112,225.000000
149,1893.000,2004-11-06,10.000,1,3,3.87,D-2H,1,-2126.381485,-572.342240,-226814.037898,225.000000
149,1893.000,2004-11-06,10.000,1,3,3.87,D-3AH,1,-2753.503302,-2360.418678,-279975.901130,225.000000
149,1893.000,2004-11-06,10.000,1,3,3.87,D-4H,1,-566.693428,-695.156483,-59248.224727,225.000000
149,1893.000,2004-11-06,10.000,1,3,3.87,E-1H,1,-3451.965147,-16.039852,-359201.829974,225.000000
149,1893.000,2004-11-06,10.000,1,3,3.87,E-2H,1,-2960.316786,-221.559148,-312725.382127,225.000000
149,1893.000,2004-11-06,10.000,1,3,3.87,E-3AH,1,-220.684563,-552.236681,-22196.331421,225.000000
149,1893.000,2004-11-06,10.000,1,3,3.87,E-3H,1,-139.300209,-1296.552939,-15268.692265,225.000000
149,1893.000,2004-11-06,10.000,1,3,3.87,E-4AH,1,-934.454463,-22.953577,-88017.118007,225.000000
149,1893.000,2004-11-06,10.000,1,3,3.87,F-1H,1,0.000000,6000.000000,0.000000,324.050620
149,1893.000,2004-11-06,10.000,1,3,3.87,F-2H,1,0.000000,6000.000000,0.000000,370.028303
149,1893.000,2004-11-06,10.000,1,3,3.87,F-3H,1,0.000000,6000.000000,0.000000,268.960254
149,1893.000,2004-11-06,10.000,1,3,3.87,F-4H,1,0.000000,5616.461864,0.000000,400.000000
150,1901.000,2004-11-14,8.000,1,2,2.75,B-1H,1,-4593.319558,-963.738616,-466317.767650,225.000000
150,1901.000,2004-11-14,8.000,1,2,2.75,B-2H,1,-1917.978130,-88.450544,-203158.356693,225.000000
150,1901.000,2004-11-14,8.000,1,2,2.75,B-3H,1,-2428.468221,-2817.193218,-260658.726923,225.000000
150,1901.000,2004-11-14,8.000,1,2,2.75,B-4BH,1,-1084.383531,-908.127082,-111879.197417,225.000000
150,1901.000,2004-11-14,8.000,1,2,2.75,B-4H,1,-2306.956647,-735.154507,-241091.688039,225.000000
150,1901.000,2004-11-14,8.000,1,2,2.75,C-1H,1,0.000000,6000.000000,0.000000,326.399095
150,1901.000,2004-11-14,8.000,1,2,2.75,C-2H,1,0.000000,6000.000000,0.000000,277.845332
150,1901.000,2004-11-14,8.000,1,2,2.75,C-3H,1,0.000000,6000.000000,0.000000,283.642847
150,1901.000,2004-11-14,8.000,1,2,2.75,C-4H,1,0.000000,6000.000000,0.000000,255.571097
150,1901.000,2004-11-14,8.000,1,2,2.75,D-1H,1,-1110.535943,-28.028120,-119134.788532,225.000000
150,1901.000,2004-11-14,8.000,1,2,2.75,D-2H,1,-2113.716151,-581.238866,-225588.123854,225.000000
150,1901.000,2004-11-14,8.000,1,2,2.75,D-3AH,1,-2750.884436,-2405.514891,-279829.136728,225.000000
150,1901.000,2004-11-14,8.000,1,2,2.75,D-4H,1,-562.450032,-704.022284,-58835.401424,225.000000
150,1901.000,2004-11-14,8.000,1,2,2.75,E-1H,1,-3449.493151,-17.124736,-359090.679512,225.000000
150,1901.000,2004-11-14,8.000,1,2,2.75,E-2H,1,-2930.770799,-231.835748,-309791.052670,225.000000
150,1901.000,2004-11-14,8.000,1,2,2.75,E-3AH,1,-222.514771,-553.117971,-22385.368250,225.000000
150,1901.000,2004-11-14,8.000,1,2,2.75,E-3H,1,-138.560550,-1306.490765,-15193.046639,225.000000
150,1901.000,2004-11-14,8.000,1,2,2.75,E-4AH,1,-932.186713,-22.894741,-87803.579524,225.000000
150,1901.000,2004-11-14,8.000,1,2,2.75,F-1H,1,0.000000,6000.000000,0.000000,324.157534
150,1901.000,2004-11-14,8.000,1,2,2.75,F-2H,1,0.000000,6000.000000,0.000000,370.136124
150,1901.000,2004-11-14,8.000,1,2,2.75,F-3H,1,0.000000,6000.000000,0.000000,269.047636
150,1901.000,2004-11-14,8.000,1,2,2.75,F-4H,1,0.000000,5610.246388,0.000000,400.000002
151,1913.000,2004-11-26,12.000,1,3,3.94,B-1H,1,-4483.361991,-1023.676060,-455584.441599,225.000000
151,1913.000,2004-11-26,12.000,1,3,3.94,B-2H,1,-1920.105240,-90.997524,-203549.313278,225.000000
151,1913.000,2004-11-26,12.000,1,3,3.94,B-3H,1,-2392.864012,-2876.021875,-257159.580674,225.000000
151,1913.000,2004-11-26,12.000,1,3,3.94,B-4BH,1,-1062.954640,-940.313982,-109741.676384,225.000000
151,1913.000,2004-11-26,12.000,1,3,3.94,B-4H,1,-2311.507265,-749.185588,-241745.644123,225.000000
151,1913.000,2004-11-26,12.000,1,3,3.94,C-1H,1,0.000000,6000.000000,0.000000,326.560336
151,1913.000,2004-11-26,12.000,1,3,3.94,C-2H,1,0.000000,6000.000000,0.000000,277.998765
151,1913.000,2004-11-26,12.000,1,3,3.94,C-3H,1,0.000000,6000.000000,0.000000,283.813429
151,1913.000,2004-11-26,12.000,1,3,3.94,C-4H,1,0.000000,6000.000000,0.000000,255.721035
151,1913.000,2004-11-26,12.000,1,3,3.94,D-1H,1,-1115.482370,-28.865770,-119754.286131,225.000000
151,1913.000,2004-11-26,12.000,1,3,3.94,D-2H,1,-2094.263398,-594.700747,-223698.205845,225.000000
151,1913.000,2004-11-26,12.000,1,3,3.94,D-3AH,1,-2746.253947,-2473.411901,-279533.154417,225.000000
151,1913.000,2004-11-26,12.000,1,3,3.94,D-4H,1,-556.117865,-717.312084,-58218.575795,225.000000
151,1913.000,2004-11-26,12.000,1,3,3.94,E-1H,1,-3443.399033,-19.289447,-358682.663344,225.000000
151,1913.000,2004-11-26,12.000,1,3,3.94,E-2H,1,-2893.041739,-247.590092,-306089.912990,225.000000
151,1913.000,2004-11-26,12.000,1,3,3.94,E-3AH,1,-225.272550,-554.352458,-22670.573977,225.000000
151,1913.000,2004-11-26,12.000,1,3,3.94,E-3H,1,-137.474681,-1321.327987,-15082.125925,225.000000
151,1913.000,2004-11-26,12.000,1,3,3.94,E-4AH,1,-928.709794,-22.805797,-87476.173412,225.000000
151,1913.000,2004-11-26,12.000,1,3,3.94,F-1H,1,0.000000,6000.000000,0.000000,324.318679
151,1913.000,2004-11-26,12.000,1,3,3.94,F-2H,1,0.000000,6000.000000,0.000000,370.298750
151,1913.000,2004-11-26,12.000,1,3,3.94,F-3H,1,0.000000,6000.000000,0.000000,269.177724
151,1913.000,2004-11-26,12.000,1,3,3.94,F-4H,1,0.000000,5600.984990,0.000000,400.000000
152,1926.000,2004-12-09,13.000,1,3,3.68,B-1H,1,-4370.146522,-1088.237444,-444530.179325,225.000000
152,1926.000,2004-12-09,13.000,1,3,3.68,B-2H,1,-1921.797215,-93.800630,-203908.034541,225.000000
152,1926.000,2004-12-09,13.000,1,3,3.68,B-3H,1,-2357.721375,-2939.602349,-253740.493094,225.000000
152,1926.000,2004-12-09,13.000,1,3,3.68,B-4BH,1,-1040.323529,-975.872755,-107482.034001,225.000000
152,1926.000,2004-12-09,13.000,1,3,3.68,B-4H,1,-2316.396159,-764.352453,-242450.677298,225.000000
152,1926.000,2004-12-09,13.000,1,3,3.68,C-1H,1,0.000000,6000.000000,0.000000,326.733151
152,1926.000,2004-12-09,13.000,1,3,3.68,C-2H,1,0.000000,6000.000000,0.000000,278.164439
152,1926.000,2004-12-09,13.000,1,3,3.68,C-3H,1,0.000000,6000.000000,0.000000,283.997585
152,1926.000,2004-12-09,13.000,1,3,3.68,C-4H,1,0.000000,6000.000000,0.000000,255.882253
152,1926.000,2004-12-09,13.000,1,3,3.68,D-1H,1,-1120.560740,-29.802429,-120396.445496,225.000000
152,1926.000,2004-12-09,13.000,1,3,3.68,D-2H,1,-2073.190108,-609.531556,-221648.413619,225.000000
152,1926.000,2004-12-09,13.000,1,3,3.68,D-3AH,1,-2740.698127,-2546.614316,-279152.110158,225.000000
152,1926.000,2004-12-09,13.000,1,3,3.68,D-4H,1,-549.276694,-731.729221,-57550.896173,225.000000
152,1926.000,2004-12-09,13.000,1,3,3.68,E-1H,1,-3433.069960,-21.857683,-357859.422531,225.000000
152,1926.000,2004-12-09,13.000,1,3,3.68,E-2H,1,-2855.063434,-263.882861,-302387.993184,225.000000
152,1926.000,2004-12-09,13.000,1,3,3.68,E-3AH,1,-228.264400,-555.635421,-22980.315886,225.000000
152,1926.000,2004-12-09,13.000,1,3,3.68,E-3H,1,-136.322900,-1337.339274,-14964.525438,225.000000
152,1926.000,2004-12-09,13.000,1,3,3.68,E-4AH,1,-924.822404,-22.707744,-87110.104452,225.000000
152,1926.000,2004-12-09,13.000,1,3,3.68,F-1H,1,0.000000,6000.000000,0.000000,324.493339
152,1926.000,2004-12-09,13.000,1,3,3.68,F-2H,1,0.000000,6000.000000,0.000000,370.475067
152,1926.000,2004-12-09,13.000,1,3,3.68,F-3H,1,0.000000,6000.000000,0.000000,269.316666
152,1926.000,2004-12-09,13.000,1,3,3.68,F-4H,1,0.000000,5590.777730,0.000000,400.000000
153,1941.000,2004-12-24,15.000,1,4,4.85,B-1H,1,-4247.705439,-1162.539354,-432572.437695,225.000000
153,1941.000,2004-12-24,15.000,1,4,4.85,B-2H,1,-1922.845961,-97.080436,-204225.462266,225.000000
153,1941.000,2004-12-24,15.000,1,4,4.85,B-3H,1,-2319.167830,-3012.102483,-250013.916519,225.000000
153,1941.000,2004-12-24,15.000,1,4,4.85,B-4BH,1,-1015.780873,-1016.618213,-105031.434759,225.000000
153,1941.000,2004-12-24,15.000,1,4,4.85,B-4H,1,-2322.014094,-782.078334,-243262.461965,225.000000
153,1941.000,2004-12-24,15.000,1,4,4.85,C-1H,1,0.000000,6000.000000,0.000000,326.929126
153,1941.000,2004-12-24,15.000,1,4,4.85,C-2H,1,0.000000,6000.000000,0.000000,278.354172
153,1941.000,2004-12-24,15.000,1,4,4.85,C-3H,1,0.000000,6000.000000,0.000000,284.208088
153,1941.000,2004-12-24,15.000,1,4,4.85,C-4H,1,0.000000,6000.000000,0.000000,256.065838
153,1941.000,2004-12-24,15.000,1,4,4.85,D-1H,1,-1126.027587,-30.919154,-121096.138033,225.000000
153,1941.000,2004-12-24,15.000,1,4,4.85,D-2H,1,-2049.357880,-626.704529,-219328.296464,225.000000
153,1941.000,2004-12-24,15.000,1,4,4.85,D-3AH,1,-2733.738600,-2631.828232,-278647.764493,225.000000
153,1941.000,2004-12-24,15.000,1,4,4.85,D-4H,1,-542.178438,-748.203226,-56862.161160,225.000000
153,1941.000,2004-12-24,15.000,1,4,4.85,E-1H,1,-3414.212895,-25.196778,-356196.289164,225.000000
153,1941.000,2004-12-24,15.000,1,4,4.85,E-2H,1,-2813.739200,-282.250805,-298364.913788,225.000000
153,1941.000,2004-12-24,15.000,1,4,4.85,E-3AH,1,-231.696015,-557.162049,-23335.705318,225.000000
153,1941.000,2004-12-24,15.000,1,4,4.85,E-3H,1,-135.027017,-1355.716249,-14832.313643,225.000000
153,1941.000,2004-12-24,15.000,1,4,4.85,E-4AH,1,-920.334826,-22.596087,-86687.507017,225.000000
153,1941.000,2004-12-24,15.000,1,4,4.85,F-1H,1,0.000000,6000.000000,0.000000,324.694406
153,1941.000,2004-12-24,15.000,1,4,4.85,F-2H,1,0.000000,6000.000000,0.000000,370.678206
153,1941.000,2004-12-24,15.000,1,4,4.85,F-3H,1,0.000000,6000.000000,0.000000,269.473985
153,1941.000,2004-12-24,15.000,1,4,4.85,F-4H,1,0.000000,5579.124688,0.000000,400.000000
154,1946.000,2004-12-29,5.000,1,2,2.91,B-1H,1,-4205.809421,-1187.455510,-428469.177540,225.000000
154,1946.000,2004-12-29,5.000,1,2,2.91,B-2H,1,-1923.048590,-98.184497,-204315.662216,225.000000
154,1946.000,2004-12-29,5.000,1,2,2.91,B-3H,1,-2307.298202,-3036.882721,-248884.097057,225.000000
154,1946.000,2004-12-29,5.000,1,2,2.91,B-4BH,1,-1008.106368,-1030.501110,-104267.467659,225.000000
154,1946.000,2004-12-29,5.000,1,2,2.91,B-4H,1,-2323.765103,-787.920174,-243520.158157,225.000000
154,1946.000,2004-12-29,5.000,1,2,2.91,C-1H,1,0.000000,6000.000000,0.000000,326.994157
154,1946.000,2004-12-29,5.000,1,2,2.91,C-2H,1,0.000000,6000.000000,0.000000,278.417163
154,1946.000,2004-12-29,5.000,1,2,2.91,C-3H,1,0.000000,6000.000000,0.000000,284.277938
154,1946.000,2004-12-29,5.000,1,2,2.91,C-4H,1,0.000000,6000.000000,0.000000,256.126724
154,1946.000,2004-12-29,5.000,1,2,2.91,D-1H,1,-1127.777326,-31.296897,-121321.761692,225.000000
154,1946.000,2004-12-29,5.000,1,2,2.91,D-2H,1,-2041.272374,-632.431810,-218538.831909,225.000000
154,1946.000,2004-12-29,5.000,1,2,2.91,D-3AH,1,-2731.186450,-2660.609233,-278455.266087,225.000000
154,1946.000,2004-12-29,5.000,1,2,2.91,D-4H,1,-539.981956,-753.580499,-56650.192674,225.000000
154,1946.000,2004-12-29,5.000,1,2,2.91,E-1H,1,-3407.100883,-26.649962,-355556.344126,225.000000
154,1946.000,2004-12-29,5.000,1,2,2.91,E-2H,1,-2800.876686,-288.454570,-297114.431528,225.000000
154,1946.000,2004-12-29,5.000,1,2,2.91,E-3AH,1,-232.841286,-557.666564,-23454.446506,225.000000
154,1946.000,2004-12-29,5.000,1,2,2.91,E-3H,1,-134.603143,-1361.869387,-14789.083088,225.000000
154,1946.000,2004-12-29,5.000,1,2,2.91,E-4AH,1,-918.847969,-22.559267,-86547.488020,225.000000
154,1946.000,2004-12-29,5.000,1,2,2.91,F-1H,1,0.000000,6000.000000,0.000000,324.761378
154,1946.000,2004-12-29,5.000,1,2,2.91,F-2H,1,0.000000,6000.000000,0.000000,370.745916
154,1946.000,2004-12-29,5.000,1,2,2.91,F-3H,1,0.000000,6000.000000,0.000000,269.526057
154,1946.000,2004-12-29,5.000,1,2,2.91,F-4H,1,0.000000,5575.211671,0.000000,400.000015
155,1947.000,2004-12-30,1.000,1,2,2.65,B-1H,1,-4197.032263,-1192.386387,-427608.125375,225.000000
155,1947.000,2004-12-30,1.000,1,2,2.65,B-2H,1,-1923.083459,-98.406031,-204333.092858,225.000000
155,1947.000,2004-12-30,1.000,1,2,2.65,B-3H,1,-2305.089900,-3041.970864,-248677.292982,225.000000
155,1947.000,2004-12-30,1.000,1,2,2.65,B-4BH,1,-1006.569458,-1033.319816,-104114.539702,225.000000
155,1947.000,2004-12-30,1.000,1,2,2.65,B-4H,1,-2324.068779,-789.074345,-243567.016263,225.000000
155,1947.000,2004-12-30,1.000,1,2,2.65,C-1H,1,0.000000,6000.000000,0.000000,327.007180
155,1947.000,2004-12-30,1.000,1,2,2.65,C-2H,1,0.000000,6000.000000,0.000000,278.430095
155,1947.000,2004-12-30,1.000,1,2,2.65,C-3H,1,0.000000,6000.000000,0.000000,284.291926
155,1947.000,2004-12-30,1.000,1,2,2.65,C-4H,1,0.000000,6000.000000,0.000000,256.138896
155,1947.000,2004-12-30,1.000,1,2,2.65,D-1H,1,-1128.122208,-31.379871,-121366.339765,225.000000
155,1947.000,2004-12-30,1.000,1,2,2.65,D-2H,1,-2039.642853,-633.577840,-218379.462596,225.000000
155,1947.000,2004-12-30,1.000,1,2,2.65,D-3AH,1,-2730.641245,-2666.363566,-278413.233878,225.000000
155,1947.000,2004-12-30,1.000,1,2,2.65,D-4H,1,-539.529225,-754.636382,-56606.369034,225.000000
155,1947.000,2004-12-30,1.000,1,2,2.65,E-1H,1,-3405.877165,-26.943253,-355448.581504,225.000000
155,1947.000,2004-12-30,1.000,1,2,2.65,E-2H,1,-2798.310784,-289.695801,-296864.858361,225.000000
155,1947.000,2004-12-30,1.000,1,2,2.65,E-3AH,1,-233.070671,-557.768521,-23478.235051,225.000000
155,1947.000,2004-12-30,1.000,1,2,2.65,E-3H,1,-134.519615,-1363.104774,-14780.569681,225.000000
155,1947.000,2004-12-30,1.000,1,2,2.65,E-4AH,1,-918.550997,-22.551920,-86519.521720,225.000000
155,1947.000,2004-12-30,1.000,1,2,2.65,F-1H,1,0.000000,6000.000000,0.000000,324.774768
155,1947.000,2004-12-30,1.000,1,2,2.65,F-2H,1,0.000000,6000.000000,0.000000,370.759456
155,1947.000,2004-12-30,1.000,1,2,2.65,F-3H,1,0.000000,6000.000000,0.000000,269.536477
155,1947.000,2004-12-30,1.000,1,2,2.65,F-4H,1,0.000000,5574.473768,0.000000,400.000001
156,1972.000,2005-01-24,25.000,1,4,4.81,B-1H,1,-3984.558896,-1308.450295,-406658.020817,225.000000
156,1972.000,2005-01-24,25.000,1,4,4.81,B-2H,1,-1912.503582,-103.458037,-203508.347798,225.000000
156,1972.000,2005-01-24,25.000,1,4,4.81,B-3H,1,-2487.144785,-3849.482725,-267428.281186,225.000000
156,1972.000,2005-01-24,25.000,1,4,4.81,B-4BH,1,-968.406591,-1096.241494,-100296.435883,225.000000
156,1972.000,2005-01-24,25.000,1,4,4.81,B-4H,1,-2307.744154,-805.919922,-242144.813122,225.000000
156,1972.000,2005-01-24,25.000,1,4,4.81,C-1H,1,0.000000,6000.000000,0.000000,327.247400
156,1972.000,2005-01-24,25.000,1,4,4.81,C-2H,1,0.000000,6000.000000,0.000000,278.678132
156,1972.000,2005-01-24,25.000,1,4,4.81,C-3H,1,0.000000,6000.000000,0.000000,284.560435
156,1972.000,2005-01-24,25.000,1,4,4.81,C-4H,1,0.000000,6000.000000,0.000000,256.238246
156,1972.000,2005-01-24,25.000,1,4,4.81,D-1H,1,-1131.974957,-33.415190,-121955.412204,225.000000
156,1972.000,2005-01-24,25.000,1,4,4.81,D-2H,1,-1989.913935,-659.499059,-213408.659545,225.000000
156,1972.000,2005-01-24,25.000,1,4,4.81,D-3AH,1,-2687.122779,-2776.940908,-274143.512838,225.000000
156,1972.000,2005-01-24,25.000,1,4,4.81,D-4H,1,-526.257022,-777.170324,-55310.045584,225.000000
156,1972.000,2005-01-24,25.000,1,4,4.81,E-1H,1,-3343.409406,-34.914283,-349462.744144,225.000000
156,1972.000,2005-01-24,25.000,1,4,4.81,E-2H,1,-2743.587070,-317.231736,-291604.224022,225.000000
156,1972.000,2005-01-24,25.000,1,4,4.81,E-3AH,1,-238.573509,-559.696151,-24050.847885,225.000000
156,1972.000,2005-01-24,25.000,1,4,4.81,E-3H,1,-132.391075,-1391.919784,-14561.653721,225.000000
156,1972.000,2005-01-24,25.000,1,4,4.81,E-4AH,1,-910.645541,-22.359969,-85775.019988,225.000000
156,1972.000,2005-01-24,25.000,1,4,4.81,F-1H,1,0.000000,6000.000000,0.000000,325.076985
156,1972.000,2005-01-24,25.000,1,4,4.81,F-2H,1,0.000000,6000.000000,0.000000,371.067025
156,1972.000,2005-01-24,25.000,1,4,4.81,F-3H,1,0.000000,6000.000000,0.000000,269.697253
156,1972.000,2005-01-24,25.000,1,4,4.81,F-4H,1,0.000000,5556.052340,0.000000,400.000000
157,2002.000,2005-02-23,30.000,1,3,4.07,B-1H,1,-3751.107494,-1443.548684,-383590.125387,225.000000
157,2002.000,2005-02-23,30.000,1,3,4.07,B-2H,1,-1898.673985,-109.959978,-202345.256636,225.000000
157,2002.000,2005-02-23,30.000,1,3,4.07,B-3H,1,-2390.289634,-4027.670973,-257280.370795,225.000000
157,2002.000,2005-02-23,30.000,1,3,4.07,B-4BH,1,-927.823785,-1171.655003,-96215.194959,225.000000
157,2002.000,2005-02-23,30.000,1,3,4.07,B-4H,1,-2299.976955,-831.027490,-241551.700666,225.000000
157,2002.000,2005-02-23,30.000,1,3,4.07,C-1H,1,0.000000,6000.000000,0.000000,327.524261
157,2002.000,2005-02-23,30.000,1,3,4.07,C-2H,1,0.000000,6000.000000,0.000000,278.946585
157,2002.000,2005-02-23,30.000,1,3,4.07,C-3H,1,0.000000,6000.000000,0.000000,284.855177
157,2002.000,2005-02-23,30.000,1,3,4.07,C-4H,1,0.000000,6000.000000,0.000000,256.453939
157,2002.000,2005-02-23,30.000,1,3,4.07,D-1H,1,-1133.886271,-35.890238,-122345.288660,225.000000
157,2002.000,2005-02-23,30.000,1,3,4.07,D-2H,1,-1926.571076,-689.937490,-206966.847372,225.000000
157,2002.000,2005-02-23,30.000,1,3,4.07,D-3AH,1,-2649.567061,-2919.011399,-270563.631427,225.000000
157,2002.000,2005-02-23,30.000,1,3,4.07,D-4H,1,-511.321801,-803.273015,-53830.819712,225.000000
157,2002.000,2005-02-23,30.000,1,3,4.07,E-1H,1,-3231.884605,-48.035575,-338439.312434,225.000000
157,2002.000,2005-02-23,30.000,1,3,4.07,E-2H,1,-2691.686200,-348.671351,-286668.581053,225.000000
157,2002.000,2005-02-23,30.000,1,3,4.07,E-3AH,1,-244.834453,-561.491098,-24704.441704,225.000000
157,2002.000,2005-02-23,30.000,1,3,4.07,E-3H,1,-130.020118,-1427.009260,-14316.900443,225.000000
157,2002.000,2005-02-23,30.000,1,3,4.07,E-4AH,1,-900.301456,-22.112924,-84800.808987,225.000000
157,2002.000,2005-02-23,30.000,1,3,4.07,F-1H,1,0.000000,6000.000000,0.000000,325.415653
157,2002.000,2005-02-23,30.000,1,3,4.07,F-2H,1,0.000000,6000.000000,0.000000,371.412400
157,2002.000,2005-02-23,30.000,1,3,4.07,F-3H,1,0.000000,6000.000000,0.000000,269.903318
157,2002.000,2005-02-23,30.000,1,3,4.07,F-4H,1,0.000000,5534.481513,0.000000,400.000000
158,2033.000,2005-03-26,31.000,1,3,4.26,B-1H,1,-3568.375578,-1577.747728,-369014.020558,225.000000
158,2033.000,2005-03-26,31.000,1,3,4.26,B-2H,1,-1885.850903,-116.736555,-201277.567653,225.000000
158,2033.000,2005-03-26,31.000,1,3,4.26,B-3H,1,-2318.874346,-4181.387719,-249825.678339,225.000000
158,2033.000,2005-03-26,31.000,1,3,4.26,B-4BH,1,-888.778803,-1250.276250,-92282.343092,225.000000
158,2033.000,2005-03-26,31.000,1,3,4.26,B-4H,1,-2298.869053,-860.325044,-241697.332128,225.000000
158,2033.000,2005-03-26,31.000,1,3,4.26,C-1H,1,0.000000,6000.000000,0.000000,327.810278
158,2033.000,2005-03-26,31.000,1,3,4.26,C-2H,1,0.000000,6000.000000,0.000000,279.222070
158,2033.000,2005-03-26,31.000,1,3,4.26,C-3H,1,0.000000,6000.000000,0.000000,285.162396
158,2033.000,2005-03-26,31.000,1,3,4.26,C-4H,1,0.000000,6000.000000,0.000000,256.710388
158,2033.000,2005-03-26,31.000,1,3,4.26,D-1H,1,-1134.853296,-38.561459,-122624.533167,225.000000
158,2033.000,2005-03-26,31.000,1,3,4.26,D-2H,1,-1863.081638,-722.366942,-200469.890626,225.000000
158,2033.000,2005-03-26,31.000,1,3,4.26,D-3AH,1,-2610.231764,-3071.386839,-266807.328602,225.000000
158,2033.000,2005-03-26,31.000,1,3,4.26,D-4H,1,-497.699162,-830.557241,-52476.285229,225.000000
158,2033.000,2005-03-26,31.000,1,3,4.26,E-1H,1,-3083.360938,-66.391987,-323526.427938,225.000000
158,2033.000,2005-03-26,31.000,1,3,4.26,E-2H,1,-2648.320491,-380.322847,-282567.060905,225.000000
158,2033.000,2005-03-26,31.000,1,3,4.26,E-3AH,1,-250.929961,-563.094258,-25342.370665,225.000000
158,2033.000,2005-03-26,31.000,1,3,4.26,E-3H,1,-127.776361,-1462.826327,-14085.921867,225.000000
158,2033.000,2005-03-26,31.000,1,3,4.26,E-4AH,1,-888.871401,-21.843432,-83724.276094,225.000000
158,2033.000,2005-03-26,31.000,1,3,4.26,F-1H,1,0.000000,6000.000000,0.000000,325.758616
158,2033.000,2005-03-26,31.000,1,3,4.26,F-2H,1,0.000000,6000.000000,0.000000,371.762752
158,2033.000,2005-03-26,31.000,1,3,4.26,F-3H,1,0.000000,6000.000000,0.000000,270.128170
158,2033.000,2005-03-26,31.000,1,3,4.26,F-4H,1,0.000000,5512.455863,0.000000,400.000000
159,2035.000,2005-03-28,2.000,1,2,3.01,B-1H,1,-3554.873725,-1585.677579,-367855.720882,225.000000
159,2035.000,2005-03-28,2.000,1,2,3.01,B-2H,1,-1885.151604,-117.176756,-201222.252435,225.000000
159,2035.000,2005-03-28,2.000,1,2,3.01,B-3H,1,-2316.236091,-4193.615809,-249579.204449,225.000000
159,2035.000,2005-03-28,2.000,1,2,3.01,B-4BH,1,-886.248910,-1255.559408,-92027.442722,225.000000
159,2035.000,2005-03-28,2.000,1,2,3.01,B-4H,1,-2298.633944,-862.146759,-241689.229435,225.000000
159,2035.000,2005-03-28,2.000,1,2,3.01,C-1H,1,0.000000,6000.000000,0.000000,327.828856
159,2035.000,2005-03-28,2.000,1,2,3.01,C-2H,1,0.000000,6000.000000,0.000000,279.240001
159,2035.000,2005-03-28,2.000,1,2,3.01,C-3H,1,0.000000,6000.000000,0.000000,285.182398
159,2035.000,2005-03-28,2.000,1,2,3.01,C-4H,1,0.000000,6000.000000,0.000000,256.726979
159,2035.000,2005-03-28,2.000,1,2,3.01,D-1H,1,-1134.818600,-38.714827,-122631.871348,225.000000
159,2035.000,2005-03-28,2.000,1,2,3.01,D-2H,1,-1859.156864,-724.518116,-200067.561686,225.000000
159,2035.000,2005-03-28,2.000,1,2,3.01,D-3AH,1,-2607.338294,-3081.073863,-266529.254606,225.000000
159,2035.000,2005-03-28,2.000,1,2,3.01,D-4H,1,-496.694858,-832.059396,-52375.280997,225.000000
159,2035.000,2005-03-28,2.000,1,2,3.01,E-1H,1,-3073.689085,-67.707142,-322551.536333,225.000000
159,2035.000,2005-03-28,2.000,1,2,3.01,E-2H,1,-2645.778086,-382.376974,-282328.472137,225.000000
159,2035.000,2005-03-28,2.000,1,2,3.01,E-3AH,1,-251.324909,-563.212689,-25383.777548,225.000000
159,2035.000,2005-03-28,2.000,1,2,3.01,E-3H,1,-127.645501,-1465.207733,-14072.513030,225.000000
159,2035.000,2005-03-28,2.000,1,2,3.01,E-4AH,1,-888.132195,-21.826016,-83654.654240,225.000000
159,2035.000,2005-03-28,2.000,1,2,3.01,F-1H,1,0.000000,6000.000000,0.000000,325.780700
159,2035.000,2005-03-28,2.000,1,2,3.01,F-2H,1,0.000000,6000.000000,0.000000,371.785313
159,2035.000,2005-03-28,2.000,1,2,3.01,F-3H,1,0.000000,6000.000000,0.000000,270.142811
159,2035.000,2005-03-28,2.000,1,2,3.01,F-4H,1,0.000000,5510.986435,0.000000,399.999991
160,2063.000,2005-04-25,28.000,1,4,5.59,B-1H,1,-3419.242123,-1703.537179,-355312.046482,225.000000
160,2063.000,2005-04-25,28.000,1,4,5.59,B-2H,1,-1874.045322,-123.407219,-200296.138500,225.000000
160,2063.000,2005-04-25,28.000,1,4,5.59,B-3H,1,-2253.227975,-4308.030747,-243044.491223,225.000000
160,2063.000,2005-04-25,28.000,1,4,5.59,B-4BH,1,-848.613261,-1316.091315,-88215.619420,225.000000
160,2063.000,2005-04-25,28.000,1,4,5.59,B-4H,1,-2297.568327,-889.080452,-241838.289291,225.000000
160,2063.000,2005-04-25,28.000,1,4,5.59,C-1H,1,0.000000,6000.000000,0.000000,328.045578
160,2063.000,2005-04-25,28.000,1,4,5.59,C-2H,1,0.000000,6000.000000,0.000000,279.481340
160,2063.000,2005-04-25,28.000,1,4,5.59,C-3H,1,0.000000,6000.000000,0.000000,285.452668
160,2063.000,2005-04-25,28.000,1,4,5.59,C-4H,1,0.000000,6000.000000,0.000000,256.945137
160,2063.000,2005-04-25,28.000,1,4,5.59,D-1H,1,-1134.625437,-41.310856,-122761.933010,225.000000
160,2063.000,2005-04-25,28.000,1,4,5.59,D-2H,1,-1807.999734,-754.539719,-194836.347280,225.000000
160,2063.000,2005-04-25,28.000,1,4,5.59,D-3AH,1,-2564.635631,-3206.932286,-262354.772461,225.000000
160,2063.000,2005-04-25,28.000,1,4,5.59,D-4AH,1,-554.861307,-534.055338,-58560.885205,225.000000
160,2063.000,2005-04-25,28.000,1,4,5.59,D-4H,1,-485.661381,-856.089615,-51279.305123,225.000000
160,2063.000,2005-04-25,28.000,1,4,5.59,E-1H,1,-2890.386233,-88.925595,-303851.103726,225.000000
160,2063.000,2005-04-25,28.000,1,4,5.59,E-2H,1,-2580.821715,-406.516546,-275816.697125,225.000000
160,2063.000,2005-04-25,28.000,1,4,5.59,E-3AH,1,-254.905657,-558.061064,-25768.869724,225.000000
160,2063.000,2005-04-25,28.000,1,4,5.59,E-3H,1,-122.405435,-1467.870022,-13474.613393,225.000000
160,2063.000,2005-04-25,28.000,1,4,5.59,E-4AH,1,-877.064166,-21.567236,-82612.183447,225.000000
160,2063.000,2005-04-25,28.000,1,4,5.59,F-1H,1,0.000000,6000.000000,0.000000,325.222045
160,2063.000,2005-04-25,28.000,1,4,5.59,F-2H,1,0.000000,6000.000000,0.000000,371.035821
160,2063.000,2005-04-25,28.000,1,4,5.59,F-3H,1,0.000000,6000.000000,0.000000,270.148511
160,2063.000,2005-04-25,28.000,1,4,5.59,F-4H,1,0.000000,5493.852192,0.000000,400.000000
161,2072.000,2005-05-04,9.000,1,3,3.79,B-1H,1,-3375.122822,-1740.222736,-350991.812054,225.000000
161,2072.000,2005-05-04,9.000,1,3,3.79,B-2H,1,-1870.162766,-125.432277,-199963.523020,225.000000
161,2072.000,2005-05-04,9.000,1,3,3.79,B-3H,1,-2235.003212,-4345.494531,-241189.420809,225.000000
161,2072.000,2005-05-04,9.000,1,3,3.79,B-4BH,1,-836.873758,-1335.135192,-87021.199667,225.000000
161,2072.000,2005-05-04,9.000,1,3,3.79,B-4H,1,-2296.925590,-897.570587,-241855.317048,225.000000
161,2072.000,2005-05-04,9.000,1,3,3.79,C-1H,1,0.000000,6000.000000,0.000000,328.111527
161,2072.000,2005-05-04,9.000,1,3,3.79,C-2H,1,0.000000,6000.000000,0.000000,279.558199
161,2072.000,2005-05-04,9.000,1,3,3.79,C-3H,1,0.000000,6000.000000,0.000000,285.538691
161,2072.000,2005-05-04,9.000,1,3,3.79,C-4H,1,0.000000,6000.000000,0.000000,257.013491
161,2072.000,2005-05-04,9.000,1,3,3.79,D-1H,1,-1134.509165,-42.170041,-122797.467357,225.000000
161,2072.000,2005-05-04,9.000,1,3,3.79,D-2H,1,-1791.627714,-764.262722,-193158.782863,225.000000
161,2072.000,2005-05-04,9.000,1,3,3.79,D-3AH,1,-2549.824578,-3246.265588,-260897.937685,225.000000
161,2072.000,2005-05-04,9.000,1,3,3.79,D-4AH,1,-529.557748,-511.064899,-55752.064914,225.000000
161,2072.000,2005-05-04,9.000,1,3,3.79,D-4H,1,-482.732213,-863.663869,-50992.150521,225.000000
161,2072.000,2005-05-04,9.000,1,3,3.79,E-1H,1,-2831.497001,-96.743394,-297821.259138,225.000000
161,2072.000,2005-05-04,9.000,1,3,3.79,E-2H,1,-2559.782121,-413.960238,-273708.630768,225.000000
161,2072.000,2005-05-04,9.000,1,3,3.79,E-3AH,1,-256.290400,-557.620951,-25919.072203,225.000000
161,2072.000,2005-05-04,9.000,1,3,3.79,E-3H,1,-120.908381,-1470.193187,-13305.109589,225.000000
161,2072.000,2005-05-04,9.000,1,3,3.79,E-4AH,1,-873.457615,-21.483092,-82272.488146,225.000000
161,2072.000,2005-05-04,9.000,1,3,3.79,F-1H,1,0.000000,6000.000000,0.000000,325.083524
161,2072.000,2005-05-04,9.000,1,3,3.79,F-2H,1,0.000000,6000.000000,0.000000,370.868068
161,2072.000,2005-05-04,9.000,1,3,3.79,F-3H,1,0.000000,6000.000000,0.000000,270.144411
161,2072.000,2005-05-04,9.000,1,3,3.79,F-4H,1,0.000000,5488.624563,0.000000,400.000000
162,2094.000,2005-05-26,22.000,1,3,4.11,B-1H,1,-3276.769328,-1830.970222,-341192.554791,225.000000
162,2094.000,2005-05-26,22.000,1,3,4.11,B-2H,1,-1859.219067,-130.373133,-198986.621636,225.000000
162,2094.000,2005-05-26,22.000,1,3,4.11,B-3H,1,-2188.631604,-4431.813153,-236384.187842,225.000000
162,2094.000,2005-05-26,22.000,1,3,4.11,B-4BH,1,-809.964375,-1382.065283,-84261.707391,225.000000
162,2094.000,2005-05-26,22.000,1,3,4.11,B-4H,1,-2295.130320,-917.887724,-241870.341829,225.000000
162,2094.000,2005-05-26,22.000,1,3,4.11,C-1H,1,0.000000,6000.000000,0.000000,328.263026
162,2094.000,2005-05-26,22.000,1,3,4.11,C-2H,1,0.000000,6000.000000,0.000000,279.739168
162,2094.000,2005-05-26,22.000,1,3,4.11,C-3H,1,0.000000,6000.000000,0.000000,285.741129
162,2094.000,2005-05-26,22.000,1,3,4.11,C-4H,1,0.000000,6000.000000,0.000000,257.173545
162,2094.000,2005-05-26,22.000,1,3,4.11,D-1H,1,-1133.343026,-44.394502,-122784.773609,225.000000
162,2094.000,2005-05-26,22.000,1,3,4.11,D-2H,1,-1752.260445,-787.936164,-189117.879533,225.000000
162,2094.000,2005-05-26,22.000,1,3,4.11,D-3AH,1,-2512.144957,-3340.969458,-257170.657984,225.000000
162,2094.000,2005-05-26,22.000,1,3,4.11,D-4AH,1,-506.096228,-511.272830,-53214.641977,225.000000
162,2094.000,2005-05-26,22.000,1,3,4.11,D-4H,1,-476.275030,-882.330880,-50360.329054,225.000000
162,2094.000,2005-05-26,22.000,1,3,4.11,E-1H,1,-2685.325911,-117.029602,-282746.354162,225.000000
162,2094.000,2005-05-26,22.000,1,3,4.11,E-2H,1,-2517.463898,-432.013500,-269383.268921,225.000000
162,2094.000,2005-05-26,22.000,1,3,4.11,E-3AH,1,-258.925356,-554.148854,-26197.955480,225.000000
162,2094.000,2005-05-26,22.000,1,3,4.11,E-3H,1,-118.067337,-1483.216114,-12989.819391,225.000000
162,2094.000,2005-05-26,22.000,1,3,4.11,E-4AH,1,-864.082018,-21.265245,-81389.398154,225.000000
162,2094.000,2005-05-26,22.000,1,3,4.11,F-1H,1,0.000000,6000.000000,0.000000,324.962362
162,2094.000,2005-05-26,22.000,1,3,4.11,F-2H,1,0.000000,6000.000000,0.000000,370.742533
162,2094.000,2005-05-26,22.000,1,3,4.11,F-3H,1,0.000000,6000.000000,0.000000,270.166072
162,2094.000,2005-05-26,22.000,1,3,4.11,F-4H,1,0.000000,5476.290367,0.000000,400.000000
163,2103.000,2005-06-04,9.000,1,2,2.94,B-1H,1,-3236.372929,-1867.720087,-337136.396994,225.000000
163,2103.000,2005-06-04,9.000,1,2,2.94,B-2H,1,-1854.422955,-132.401257,-198551.095190,225.000000
163,2103.000,2005-06-04,9.000,1,2,2.94,B-3H,1,-2171.203700,-4468.568395,-234575.530761,225.000000
163,2103.000,2005-06-04,9.000,1,2,2.94,B-4BH,1,-799.179420,-1401.670437,-83153.782528,225.000000
163,2103.000,2005-06-04,9.000,1,2,2.94,B-4H,1,-2294.190023,-926.043842,-241853.363817,225.000000
163,2103.000,2005-06-04,9.000,1,2,2.94,C-1H,1,0.000000,6000.000000,0.000000,328.324347
163,2103.000,2005-06-04,9.000,1,2,2.94,C-2H,1,0.000000,6000.000000,0.000000,279.812256
163,2103.000,2005-06-04,9.000,1,2,2.94,C-3H,1,0.000000,6000.000000,0.000000,285.822744
163,2103.000,2005-06-04,9.000,1,2,2.94,C-4H,1,0.000000,6000.000000,0.000000,257.238101
163,2103.000,2005-06-04,9.000,1,2,2.94,D-1H,1,-1132.601158,-45.342656,-122750.055699,225.000000
163,2103.000,2005-06-04,9.000,1,2,2.94,D-2H,1,-1736.195775,-797.567220,-187465.759148,225.000000
163,2103.000,2005-06-04,9.000,1,2,2.94,D-3AH,1,-2497.039781,-3380.485272,-255675.685189,225.000000
163,2103.000,2005-06-04,9.000,1,2,2.94,D-4AH,1,-498.755509,-514.210815,-52433.012162,225.000000
163,2103.000,2005-06-04,9.000,1,2,2.94,D-4H,1,-473.623093,-889.733725,-50099.506963,225.000000
163,2103.000,2005-06-04,9.000,1,2,2.94,E-1H,1,-2626.583674,-126.330788,-276662.244933,225.000000
163,2103.000,2005-06-04,9.000,1,2,2.94,E-2H,1,-2501.676096,-439.468627,-267754.112041,225.000000
163,2103.000,2005-06-04,9.000,1,2,2.94,E-3AH,1,-260.014175,-552.904590,-26312.961336,225.000000
163,2103.000,2005-06-04,9.000,1,2,2.94,E-3H,1,-117.022820,-1489.517841,-12874.885556,225.000000
163,2103.000,2005-06-04,9.000,1,2,2.94,E-4AH,1,-860.207125,-21.175339,-81024.418323,225.000000
163,2103.000,2005-06-04,9.000,1,2,2.94,F-1H,1,0.000000,6000.000000,0.000000,324.942866
163,2103.000,2005-06-04,9.000,1,2,2.94,F-2H,1,0.000000,6000.000000,0.000000,370.724666
163,2103.000,2005-06-04,9.000,1,2,2.94,F-3H,1,0.000000,6000.000000,0.000000,270.181363
163,2103.000,2005-06-04,9.000,1,2,2.94,F-4H,1,0.000000,5471.210431,0.000000,400.000009
164,2105.000,2005-06-06,2.000,1,2,2.91,B-1H,1,-3227.090006,-1875.619746,-336198.068453,225.000000
164,2105.000,2005-06-06,2.000,1,2,2.91,B-2H,1,-1853.341256,-132.852994,-198452.489601,225.000000
164,2105.000,2005-06-06,2.000,1,2,2.91,B-3H,1,-2167.566921,-4477.102449,-234200.027787,225.000000
164,2105.000,2005-06-06,2.000,1,2,2.91,B-4BH,1,-796.792012,-1406.055744,-82908.425774,225.000000
164,2105.000,2005-06-06,2.000,1,2,2.91,B-4H,1,-2293.955221,-927.835312,-241846.730687,225.000000
164,2105.000,2005-06-06,2.000,1,2,2.91,C-1H,1,0.000000,6000.000000,0.000000,328.337972
164,2105.000,2005-06-06,2.000,1,2,2.91,C-2H,1,0.000000,6000.000000,0.000000,279.828539
164,2105.000,2005-06-06,2.000,1,2,2.91,C-3H,1,0.000000,6000.000000,0.000000,285.840895
164,2105.000,2005-06-06,2.000,1,2,2.91,C-4H,1,0.000000,6000.000000,0.000000,257.252412
164,2105.000,2005-06-06,2.000,1,2,2.91,D-1H,1,-1132.413559,-45.566783,-122739.793498,225.000000
164,2105.000,2005-06-06,2.000,1,2,2.91,D-2H,1,-1732.614606,-799.706866,-187096.981728,225.000000
164,2105.000,2005-06-06,2.000,1,2,2.91,D-3AH,1,-2493.657556,-3389.328918,-255340.863566,225.000000
164,2105.000,2005-06-06,2.000,1,2,2.91,D-4AH,1,-497.292903,-514.948117,-52277.681459,225.000000
164,2105.000,2005-06-06,2.000,1,2,2.91,D-4H,1,-473.023783,-891.344598,-50040.408895,225.000000
164,2105.000,2005-06-06,2.000,1,2,2.91,E-1H,1,-2613.376514,-128.431166,-275291.894076,225.000000
164,2105.000,2005-06-06,2.000,1,2,2.91,E-2H,1,-2498.315922,-441.131018,-267406.785024,225.000000
164,2105.000,2005-06-06,2.000,1,2,2.91,E-3AH,1,-260.256624,-552.638969,-26338.570461,225.000000
164,2105.000,2005-06-06,2.000,1,2,2.91,E-3H,1,-116.797415,-1490.969120,-12850.129228,225.000000
164,2105.000,2005-06-06,2.000,1,2,2.91,E-4AH,1,-859.348432,-21.155426,-80943.537180,225.000000
164,2105.000,2005-06-06,2.000,1,2,2.91,F-1H,1,0.000000,6000.000000,0.000000,324.939925
164,2105.000,2005-06-06,2.000,1,2,2.91,F-2H,1,0.000000,6000.000000,0.000000,370.722201
164,2105.000,2005-06-06,2.000,1,2,2.91,F-3H,1,0.000000,6000.000000,0.000000,270.185066
164,2105.000,2005-06-06,2.000,1,2,2.91,F-4H,1,0.000000,5470.177437,0.000000,399.999992
165,2125.000,2005-06-26,20.000,1,3,4.65,B-1H,1,-3146.945391,-1956.623544,-328232.987088,225.000000
165,2125.000,2005-06-26,20.000,1,3,4.65,B-2H,1,-1841.902531,-137.339861,-197393.801667,225.000000
165,2125.000,2005-06-26,20.000,1,3,4.65,B-3H,1,-2129.733804,-4557.805312,-230213.249994,225.000000
165,2125.000,2005-06-26,20.000,1,3,4.65,B-4BH,1,-775.267614,-1450.807583,-80702.320187,225.000000
165,2125.000,2005-06-26,20.000,1,3,4.65,B-4H,1,-2291.956575,-945.720974,-241813.471807,225.000000
165,2125.000,2005-06-26,20.000,1,3,4.65,C-1H,1,0.000000,6000.000000,0.000000,328.474189
165,2125.000,2005-06-26,20.000,1,3,4.65,C-2H,1,0.000000,6000.000000,0.000000,279.987071
165,2125.000,2005-06-26,20.000,1,3,4.65,C-3H,1,0.000000,6000.000000,0.000000,286.017266
165,2125.000,2005-06-26,20.000,1,3,4.65,C-4H,1,0.000000,6000.000000,0.000000,257.393188
165,2125.000,2005-06-26,20.000,1,3,4.65,D-1H,1,-1130.068340,-47.950423,-122583.300598,225.000000
165,2125.000,2005-06-26,20.000,1,3,4.65,D-2H,1,-1697.347689,-820.920731,-183460.029348,225.000000
165,2125.000,2005-06-26,20.000,1,3,4.65,D-3AH,1,-2459.305388,-3478.789338,-251934.355312,225.000000
165,2125.000,2005-06-26,20.000,1,3,4.65,D-4AH,1,-485.382331,-525.682441,-51028.349791,225.000000
165,2125.000,2005-06-26,20.000,1,3,4.65,D-4H,1,-467.550621,-907.636403,-49501.485115,225.000000
165,2125.000,2005-06-26,20.000,1,3,4.65,E-1H,1,-2485.254843,-149.894855,-261963.519237,225.000000
165,2125.000,2005-06-26,20.000,1,3,4.65,E-2H,1,-2469.216374,-457.996542,-264374.358352,225.000000
165,2125.000,2005-06-26,20.000,1,3,4.65,E-3AH,1,-262.546106,-550.643407,-26581.774882,225.000000
165,2125.000,2005-06-26,20.000,1,3,4.65,E-3H,1,-114.829699,-1507.808666,-12637.031951,225.000000
165,2125.000,2005-06-26,20.000,1,3,4.65,E-4AH,1,-850.384442,-20.948198,-80099.197564,225.000000
165,2125.000,2005-06-26,20.000,1,3,4.65,F-1H,1,0.000000,6000.000000,0.000000,324.992228
165,2125.000,2005-06-26,20.000,1,3,4.65,F-2H,1,0.000000,6000.000000,0.000000,370.780209
165,2125.000,2005-06-26,20.000,1,3,4.65,F-3H,1,0.000000,6000.000000,0.000000,270.248325
165,2125.000,2005-06-26,20.000,1,3,4.65,F-4H,1,0.000000,5458.979733,0.000000,400.000000
166,2126.000,2005-06-27,1.000,1,2,2.98,B-1H,1,-3141.483960,-1959.426818,-327670.611028,225.000000
166,2126.000,2005-06-27,1.000,1,2,2.98,B-2H,1,-1841.285988,-137.562129,-197336.016242,225.000000
166,2126.000,2005-06-27,1.000,1,2,2.98,B-3H,1,-2128.862518,-4563.188466,-230135.286737,225.000000
166,2126.000,2005-06-27,1.000,1,2,2.98,B-4BH,1,-774.255204,-1453.086937,-80598.762711,225.000000
166,2126.000,2005-06-27,1.000,1,2,2.98,B-4H,1,-2291.757987,-946.513494,-241801.041853,225.000000
166,2126.000,2005-06-27,1.000,1,2,2.98,C-1H,1,0.000000,6000.000000,0.000000,328.481016
166,2126.000,2005-06-27,1.000,1,2,2.98,C-2H,1,0.000000,6000.000000,0.000000,279.995004
166,2126.000,2005-06-27,1.000,1,2,2.98,C-3H,1,0.000000,6000.000000,0.000000,286.026083
166,2126.000,2005-06-27,1.000,1,2,2.98,C-4H,1,0.000000,6000.000000,0.000000,257.400158
166,2126.000,2005-06-27,1.000,1,2,2.98,D-1H,1,-1129.856136,-48.046577,-122565.034548,225.000000
166,2126.000,2005-06-27,1.000,1,2,2.98,D-2H,1,-1695.569933,-822.004653,-183276.434890,225.000000
166,2126.000,2005-06-27,1.000,1,2,2.98,D-3AH,1,-2457.392629,-3483.054965,-251744.352201,225.000000
166,2126.000,2005-06-27,1.000,1,2,2.98,D-4AH,1,-484.741822,-526.148489,-50961.389043,225.000000
166,2126.000,2005-06-27,1.000,1,2,2.98,D-4H,1,-467.223775,-908.298482,-49468.769167,225.000000
166,2126.000,2005-06-27,1.000,1,2,2.98,E-1H,1,-2478.926171,-151.047525,-261303.998273,225.000000
166,2126.000,2005-06-27,1.000,1,2,2.98,E-2H,1,-2467.828424,-458.835510,-264229.702724,225.000000
166,2126.000,2005-06-27,1.000,1,2,2.98,E-3AH,1,-262.661992,-550.560433,-26594.110528,225.000000
166,2126.000,2005-06-27,1.000,1,2,2.98,E-3H,1,-114.740322,-1508.692591,-12627.356211,225.000000
166,2126.000,2005-06-27,1.000,1,2,2.98,E-4AH,1,-849.940170,-20.937929,-80057.350505,225.000000
166,2126.000,2005-06-27,1.000,1,2,2.98,F-1H,1,0.000000,6000.000000,0.000000,324.995035
166,2126.000,2005-06-27,1.000,1,2,2.98,F-2H,1,0.000000,6000.000000,0.000000,370.783302
166,2126.000,2005-06-27,1.000,1,2,2.98,F-3H,1,0.000000,6000.000000,0.000000,270.251542
166,2126.000,2005-06-27,1.000,1,2,2.98,F-4H,1,0.000000,5458.357198,0.000000,399.999988
167,2134.000,2005-07-05,8.000,1,2,3.01,B-1H,1,-3111.426174,-1992.177013,-324661.043957,225.000000
167,2134.000,2005-07-05,8.000,1,2,3.01,B-2H,1,-1836.537732,-139.364078,-196892.698999,225.000000
167,2134.000,2005-07-05,8.000,1,2,3.01,B-3H,1,-2114.154757,-4595.641694,-228589.042019,225.000000
167,2134.000,2005-07-05,8.000,1,2,3.01,B-4BH,1,-766.326163,-1471.125956,-79787.769013,225.000000
167,2134.000,2005-07-05,8.000,1,2,3.01,B-4H,1,-2290.892815,-953.649940,-241780.105552,225.000000
167,2134.000,2005-07-05,8.000,1,2,3.01,C-1H,1,0.000000,6000.000000,0.000000,328.535820
167,2134.000,2005-07-05,8.000,1,2,3.01,C-2H,1,0.000000,6000.000000,0.000000,280.057926
167,2134.000,2005-07-05,8.000,1,2,3.01,C-3H,1,0.000000,6000.000000,0.000000,286.095814
167,2134.000,2005-07-05,8.000,1,2,3.01,C-4H,1,0.000000,6000.000000,0.000000,257.456143
167,2134.000,2005-07-05,8.000,1,2,3.01,D-1H,1,-1128.735991,-49.017303,-122482.094537,225.000000
167,2134.000,2005-07-05,8.000,1,2,3.01,D-2H,1,-1682.037646,-830.804873,-181883.524579,225.000000
167,2134.000,2005-07-05,8.000,1,2,3.01,D-3AH,1,-2443.618147,-3520.166319,-250377.524515,225.000000
167,2134.000,2005-07-05,8.000,1,2,3.01,D-4AH,1,-480.166744,-530.946720,-50483.964245,225.000000
167,2134.000,2005-07-05,8.000,1,2,3.01,D-4H,1,-465.060238,-914.788432,-49255.164760,225.000000
167,2134.000,2005-07-05,8.000,1,2,3.01,E-1H,1,-2429.673714,-160.362253,-256165.375273,225.000000
167,2134.000,2005-07-05,8.000,1,2,3.01,E-2H,1,-2456.565837,-465.671028,-263052.034405,225.000000
167,2134.000,2005-07-05,8.000,1,2,3.01,E-3AH,1,-263.554411,-549.885693,-26689.222550,225.000000
167,2134.000,2005-07-05,8.000,1,2,3.01,E-3H,1,-113.996685,-1515.781951,-12547.255447,225.000000
167,2134.000,2005-07-05,8.000,1,2,3.01,E-4AH,1,-846.376600,-20.855737,-79721.687387,225.000000
167,2134.000,2005-07-05,8.000,1,2,3.01,F-1H,1,0.000000,6000.000000,0.000000,325.027380
167,2134.000,2005-07-05,8.000,1,2,3.01,F-2H,1,0.000000,6000.000000,0.000000,370.817820
167,2134.000,2005-07-05,8.000,1,2,3.01,F-3H,1,0.000000,6000.000000,0.000000,270.280817
167,2134.000,2005-07-05,8.000,1,2,3.01,F-4H,1,0.000000,5453.853930,0.000000,399.999998
168,2136.000,2005-07-07,2.000,1,2,2.69,B-1H,1,-3103.480296,-1999.946632,-323858.282333,225.000000
168,2136.000,2005-07-07,2.000,1,2,2.69,B-2H,1,-1835.323277,-139.814311,-196778.834355,225.000000
168,2136.000,2005-07-07,2.000,1,2,2.69,B-3H,1,-2110.859578,-4604.306904,-228248.094584,225.000000
168,2136.000,2005-07-07,2.000,1,2,2.69,B-4BH,1,-764.358747,-1475.659114,-79586.720133,225.000000
168,2136.000,2005-07-07,2.000,1,2,2.69,B-4H,1,-2290.636158,-955.393472,-241770.437917,225.000000
168,2136.000,2005-07-07,2.000,1,2,2.69,C-1H,1,0.000000,6000.000000,0.000000,328.549560
168,2136.000,2005-07-07,2.000,1,2,2.69,C-2H,1,0.000000,6000.000000,0.000000,280.073714
168,2136.000,2005-07-07,2.000,1,2,2.69,C-3H,1,0.000000,6000.000000,0.000000,286.113229
168,2136.000,2005-07-07,2.000,1,2,2.69,C-4H,1,0.000000,6000.000000,0.000000,257.470108
168,2136.000,2005-07-07,2.000,1,2,2.69,D-1H,1,-1128.411037,-49.251544,-122456.390828,225.000000
168,2136.000,2005-07-07,2.000,1,2,2.69,D-2H,1,-1678.654242,-833.019228,-181534.734890,225.000000
168,2136.000,2005-07-07,2.000,1,2,2.69,D-3AH,1,-2440.158055,-3529.327958,-250034.214932,225.000000
168,2136.000,2005-07-07,2.000,1,2,2.69,D-4AH,1,-479.012206,-532.130556,-50363.664743,225.000000
168,2136.000,2005-07-07,2.000,1,2,2.69,D-4H,1,-464.500432,-916.350264,-49199.679920,225.000000
168,2136.000,2005-07-07,2.000,1,2,2.69,E-1H,1,-2417.446336,-162.798935,-254888.615696,225.000000
168,2136.000,2005-07-07,2.000,1,2,2.69,E-2H,1,-2453.777897,-467.394389,-262760.073113,225.000000
168,2136.000,2005-07-07,2.000,1,2,2.69,E-3AH,1,-263.776888,-549.729539,-26712.958567,225.000000
168,2136.000,2005-07-07,2.000,1,2,2.69,E-3H,1,-113.816097,-1517.585819,-12527.826888,225.000000
168,2136.000,2005-07-07,2.000,1,2,2.69,E-4AH,1,-845.479766,-20.835055,-79637.211903,225.000000
168,2136.000,2005-07-07,2.000,1,2,2.69,F-1H,1,0.000000,6000.000000,0.000000,325.036036
168,2136.000,2005-07-07,2.000,1,2,2.69,F-2H,1,0.000000,6000.000000,0.000000,370.827011
168,2136.000,2005-07-07,2.000,1,2,2.69,F-3H,1,0.000000,6000.000000,0.000000,270.288355
168,2136.000,2005-07-07,2.000,1,2,2.69,F-4H,1,0.000000,5452.724742,0.000000,399.999974
169,2137.000,2005-07-08,1.000,1,2,2.71,B-1H,1,-3477.169529,-2009.869760,-362907.339859,225.000000
169,2137.000,2005-07-08,1.000,1,2,2.71,B-2H,1,-1834.568346,-140.035554,-196706.550204,225.000000
169,2137.000,2005-07-08,1.000,1,2,2.71,B-3H,1,-2109.074735,-4608.532362,-228062.579799,225.000000
169,2137.000,2005-07-08,1.000,1,2,2.71,B-4BH,1,-763.376068,-1477.923349,-79486.338219,225.000000
169,2137.000,2005-07-08,1.000,1,2,2.71,B-4H,1,-2290.389905,-956.202954,-241755.362503,225.000000
169,2137.000,2005-07-08,1.000,1,2,2.71,C-1H,1,0.000000,6000.000000,0.000000,328.556274
169,2137.000,2005-07-08,1.000,1,2,2.71,C-2H,1,0.000000,6000.000000,0.000000,280.081599
169,2137.000,2005-07-08,1.000,1,2,2.71,C-3H,1,0.000000,6000.000000,0.000000,286.121925
169,2137.000,2005-07-08,1.000,1,2,2.71,C-4H,1,0.000000,6000.000000,0.000000,257.473492
169,2137.000,2005-07-08,1.000,1,2,2.71,D-1H,1,-1128.252563,-49.371279,-122443.991169,225.000000
169,2137.000,2005-07-08,1.000,1,2,2.71,D-2H,1,-1676.959586,-834.136613,-181360.095881,225.000000
169,2137.000,2005-07-08,1.000,1,2,2.71,D-3AH,1,-2438.304459,-3533.749658,-249849.217701,225.000000
169,2137.000,2005-07-08,1.000,1,2,2.71,D-4AH,1,-478.443141,-532.738976,-50304.387841,225.000000
169,2137.000,2005-07-08,1.000,1,2,2.71,D-4H,1,-464.086299,-916.966185,-49159.599503,225.000000
169,2137.000,2005-07-08,1.000,1,2,2.71,E-1H,1,-2411.339359,-164.018276,-254250.755093,225.000000
169,2137.000,2005-07-08,1.000,1,2,2.71,E-2H,1,-2452.379648,-468.260127,-262613.556035,225.000000
169,2137.000,2005-07-08,1.000,1,2,2.71,E-3AH,1,-263.887611,-549.651686,-26724.774337,225.000000
169,2137.000,2005-07-08,1.000,1,2,2.71,E-3H,1,-113.725507,-1518.489218,-12518.085941,225.000000
169,2137.000,2005-07-08,1.000,1,2,2.71,E-4AH,1,-845.030310,-20.824690,-79594.876225,225.000000
169,2137.000,2005-07-08,1.000,1,2,2.71,F-1H,1,0.000000,6000.000000,0.000000,325.040494
169,2137.000,2005-07-08,1.000,1,2,2.71,F-2H,1,0.000000,6000.000000,0.000000,370.831747
169,2137.000,2005-07-08,1.000,1,2,2.71,F-3H,1,0.000000,6000.000000,0.000000,270.292075
169,2137.000,2005-07-08,1.000,1,2,2.71,F-4H,1,0.000000,5452.172826,0.000000,400.000001
170,2140.000,2005-07-11,3.000,1,2,2.89,B-1H,1,-4018.814069,-2019.441463,-418740.310590,225.000000
170,2140.000,2005-07-11,3.000,1,2,2.89,B-2H,1,-1828.974276,-140.495563,-196140.874313,225.000000
170,2140.000,2005-07-11,3.000,1,2,2.89,B-3H,1,-2102.491309,-4619.470430,-227381.561893,225.000000
170,2140.000,2005-07-11,3.000,1,2,2.89,B-4BH,1,-760.427793,-1484.630311,-79186.165154,225.000000
170,2140.000,2005-07-11,3.000,1,2,2.89,B-4H,1,-2287.011321,-956.709546,-241465.454224,225.000000
170,2140.000,2005-07-11,3.000,1,2,2.89,C-1H,1,0.000000,6000.000000,0.000000,328.569405
170,2140.000,2005-07-11,3.000,1,2,2.89,C-2H,1,0.000000,6000.000000,0.000000,280.103497
170,2140.000,2005-07-11,3.000,1,2,2.89,C-3H,1,0.000000,6000.000000,0.000000,286.146063
170,2140.000,2005-07-11,3.000,1,2,2.89,C-4H,1,0.000000,6000.000000,0.000000,257.448376
170,2140.000,2005-07-11,3.000,1,2,2.89,D-1H,1,-1127.540284,-49.726773,-122381.803514,225.000000
170,2140.000,2005-07-11,3.000,1,2,2.89,D-2H,1,-1671.315900,-837.372378,-180782.173435,225.000000
170,2140.000,2005-07-11,3.000,1,2,2.89,D-3AH,1,-2430.988953,-3544.909817,-249106.228345,225.000000
170,2140.000,2005-07-11,3.000,1,2,2.89,D-4AH,1,-476.764362,-534.607962,-50129.694384,225.000000
170,2140.000,2005-07-11,3.000,1,2,2.89,D-4H,1,-461.183488,-916.618621,-48880.548438,225.000000
170,2140.000,2005-07-11,3.000,1,2,2.89,E-1H,1,-2393.227905,-167.598519,-252358.288589,225.000000
170,2140.000,2005-07-11,3.000,1,2,2.89,E-2H,1,-2448.207232,-470.857169,-262176.524878,225.000000
170,2140.000,2005-07-11,3.000,1,2,2.89,E-3AH,1,-264.216043,-549.431011,-26759.861384,225.000000
170,2140.000,2005-07-11,3.000,1,2,2.89,E-3H,1,-113.455902,-1521.215289,-12489.135882,225.000000
170,2140.000,2005-07-11,3.000,1,2,2.89,E-4AH,1,-843.675262,-20.793460,-79467.239805,225.000000
170,2140.000,2005-07-11,3.000,1,2,2.89,F-1H,1,0.000000,6000.000000,0.000000,325.054964
170,2140.000,2005-07-11,3.000,1,2,2.89,F-2H,1,0.000000,6000.000000,0.000000,370.846998
170,2140.000,2005-07-11,3.000,1,2,2.89,F-3H,1,0.000000,6000.000000,0.000000,270.302950
170,2140.000,2005-07-11,3.000,1,2,2.89,F-4H,1,0.000000,5450.427754,0.000000,400.000000
171,2155.000,2005-07-26,15.000,1,3,4.20,B-1H,1,-3870.616976,-2067.155984,-403361.326551,225.000000
171,2155.000,2005-07-26,15.000,1,3,4.20,B-2H,1,-1803.653412,-142.643972,-193518.435869,225.000000
171,2155.000,2005-07-26,15.000,1,3,4.20,B-3H,1,-2065.157693,-4668.102928,-223454.860959,225.000000
171,2155.000,2005-07-26,15.000,1,3,4.20,B-4BH,1,-745.757693,-1516.649041,-77694.834562,225.000000
171,2155.000,2005-07-26,15.000,1,3,4.20,B-4H,1,-2273.217325,-958.406571,-240093.081752,225.000000
171,2155.000,2005-07-26,15.000,1,3,4.20,C-1H,1,0.000000,6000.000000,0.000000,328.588077
171,2155.000,2005-07-26,15.000,1,3,4.20,C-2H,1,0.000000,6000.000000,0.000000,280.165976
171,2155.000,2005-07-26,15.000,1,3,4.20,C-3H,1,0.000000,6000.000000,0.000000,286.212855
171,2155.000,2005-07-26,15.000,1,3,4.20,C-4H,1,0.000000,6000.000000,0.000000,257.416976
171,2155.000,2005-07-26,15.000,1,3,4.20,D-1H,1,-1120.429677,-51.356472,-121674.977743,225.000000
171,2155.000,2005-07-26,15.000,1,3,4.20,D-2H,1,-1641.044045,-851.360211,-177649.004084,225.000000
171,2155.000,2005-07-26,15.000,1,3,4.20,D-3AH,1,-2388.556599,-3598.376700,-244774.402131,225.000000
171,2155.000,2005-07-26,15.000,1,3,4.20,D-4AH,1,-469.118540,-544.344277,-49338.314907,225.000000
171,2155.000,2005-07-26,15.000,1,3,4.20,D-4H,1,-449.577300,-919.218037,-47696.166491,225.000000
171,2155.000,2005-07-26,15.000,1,3,4.20,E-1H,1,-2307.729450,-185.432429,-243437.071947,225.000000
171,2155.000,2005-07-26,15.000,1,3,4.20,E-2H,1,-2427.178787,-483.269122,-259986.791390,225.000000
171,2155.000,2005-07-26,15.000,1,3,4.20,E-3AH,1,-265.738683,-548.601655,-26923.897654,225.000000
171,2155.000,2005-07-26,15.000,1,3,4.20,E-3H,1,-112.200862,-1534.885933,-12354.949161,225.000000
171,2155.000,2005-07-26,15.000,1,3,4.20,E-4AH,1,-836.817128,-20.635897,-78821.244006,225.000000
171,2155.000,2005-07-26,15.000,1,3,4.20,F-1H,1,0.000000,6000.000000,0.000000,325.139613
171,2155.000,2005-07-26,15.000,1,3,4.20,F-2H,1,0.000000,6000.000000,0.000000,370.935122
171,2155.000,2005-07-26,15.000,1,3,4.20,F-3H,1,0.000000,6000.000000,0.000000,270.347294
171,2155.000,2005-07-26,15.000,1,3,4.20,F-4H,1,0.000000,5442.282576,0.000000,400.000000
172,2177.000,2005-08-17,22.000,1,2,3.23,B-1H,1,-3743.317335,-2146.276676,-390257.651065,225.000000
172,2177.000,2005-08-17,22.000,1,2,3.23,B-2H,1,-1777.447731,-146.493720,-190770.599973,225.000000
172,2177.000,2005-08-17,22.000,1,2,3.23,B-3H,1,-2017.810480,-4745.028856,-218430.465939,225.000000
172,2177.000,2005-08-17,22.000,1,2,3.23,B-4BH,1,-725.323335,-1562.791446,-75608.786321,225.000000
172,2177.000,2005-08-17,22.000,1,2,3.23,B-4H,1,-2260.815375,-967.745426,-238783.092285,225.000000
172,2177.000,2005-08-17,22.000,1,2,3.23,C-1H,1,0.000000,6000.000000,0.000000,328.640893
172,2177.000,2005-08-17,22.000,1,2,3.23,C-2H,1,0.000000,6000.000000,0.000000,280.232348
172,2177.000,2005-08-17,22.000,1,2,3.23,C-3H,1,0.000000,6000.000000,0.000000,286.289557
172,2177.000,2005-08-17,22.000,1,2,3.23,C-4H,1,0.000000,6000.000000,0.000000,257.459512
172,2177.000,2005-08-17,22.000,1,2,3.23,D-1H,1,-1109.349186,-53.716598,-120536.850769,225.000000
172,2177.000,2005-08-17,22.000,1,2,3.23,D-2H,1,-1600.700184,-871.251709,-173398.524501,225.000000
172,2177.000,2005-08-17,22.000,1,2,3.23,D-3AH,1,-2333.964871,-3682.704822,-239234.151999,225.000000
172,2177.000,2005-08-17,22.000,1,2,3.23,D-4AH,1,-458.462276,-558.553908,-48238.290791,225.000000
172,2177.000,2005-08-17,22.000,1,2,3.23,D-4H,1,-438.054298,-930.000359,-46473.916636,225.000000
172,2177.000,2005-08-17,22.000,1,2,3.23,E-1H,1,-2194.244637,-211.384015,-231616.521703,225.000000
172,2177.000,2005-08-17,22.000,1,2,3.23,E-2H,1,-2394.997809,-500.744287,-256637.603223,225.000000
172,2177.000,2005-08-17,22.000,1,2,3.23,E-3AH,1,-267.734389,-547.815994,-27141.185413,225.000000
172,2177.000,2005-08-17,22.000,1,2,3.23,E-3H,1,-110.585428,-1554.666698,-12183.245390,225.000000
172,2177.000,2005-08-17,22.000,1,2,3.23,E-4AH,1,-826.088125,-20.389692,-77810.624790,225.000000
172,2177.000,2005-08-17,22.000,1,2,3.23,F-1H,1,0.000000,6000.000000,0.000000,325.274611
172,2177.000,2005-08-17,22.000,1,2,3.23,F-2H,1,0.000000,6000.000000,0.000000,371.074127
172,2177.000,2005-08-17,22.000,1,2,3.23,F-3H,1,0.000000,6000.000000,0.000000,270.414936
172,2177.000,2005-08-17,22.000,1,2,3.23,F-4H,1,0.000000,5430.160165,0.000000,400.000023
173,2186.000,2005-08-26,9.000,1,2,2.72,B-1H,1,-3696.829780,-2179.305077,-385443.276966,225.000000
173,2186.000,2005-08-26,9.000,1,2,2.72,B-2H,1,-1767.964406,-148.220773,-189772.066631,225.000000
173,2186.000,2005-08-26,9.000,1,2,2.72,B-3H,1,-2000.192667,-4778.856072,-216632.003291,225.000000
173,2186.000,2005-08-26,9.000,1,2,2.72,B-4BH,1,-717.164220,-1581.797307,-74774.278074,225.000000
173,2186.000,2005-08-26,9.000,1,2,2.72,B-4H,1,-2256.519792,-972.391707,-238329.552183,225.000000
173,2186.000,2005-08-26,9.000,1,2,2.72,C-1H,1,0.000000,6000.000000,0.000000,328.668522
173,2186.000,2005-08-26,9.000,1,2,2.72,C-2H,1,0.000000,6000.000000,0.000000,280.259406
173,2186.000,2005-08-26,9.000,1,2,2.72,C-3H,1,0.000000,6000.000000,0.000000,286.321878
173,2186.000,2005-08-26,9.000,1,2,2.72,C-4H,1,0.000000,6000.000000,0.000000,257.485335
173,2186.000,2005-08-26,9.000,1,2,2.72,D-1H,1,-1104.854987,-54.670558,-120071.295985,225.000000
173,2186.000,2005-08-26,9.000,1,2,2.72,D-2H,1,-1584.914828,-879.440884,-171724.964398,225.000000
173,2186.000,2005-08-26,9.000,1,2,2.72,D-3AH,1,-2313.507794,-3717.912781,-237163.112516,225.000000
173,2186.000,2005-08-26,9.000,1,2,2.72,D-4AH,1,-454.173829,-564.404198,-47795.945149,225.000000
173,2186.000,2005-08-26,9.000,1,2,2.72,D-4H,1,-433.861182,-934.969452,-46025.579208,225.000000
173,2186.000,2005-08-26,9.000,1,2,2.72,E-1H,1,-2149.727066,-222.307789,-226976.491570,225.000000
173,2186.000,2005-08-26,9.000,1,2,2.72,E-2H,1,-2380.327401,-507.883160,-255105.254041,225.000000
173,2186.000,2005-08-26,9.000,1,2,2.72,E-3AH,1,-268.517613,-547.562769,-27226.789631,225.000000
173,2186.000,2005-08-26,9.000,1,2,2.72,E-3H,1,-109.952574,-1562.756787,-12116.078431,225.000000
173,2186.000,2005-08-26,9.000,1,2,2.72,E-4AH,1,-821.744504,-20.290280,-77401.475344,225.000000
173,2186.000,2005-08-26,9.000,1,2,2.72,F-1H,1,0.000000,6000.000000,0.000000,325.331079
173,2186.000,2005-08-26,9.000,1,2,2.72,F-2H,1,0.000000,6000.000000,0.000000,371.132031
173,2186.000,2005-08-26,9.000,1,2,2.72,F-3H,1,0.000000,6000.000000,0.000000,270.443932
173,2186.000,2005-08-26,9.000,1,2,2.72,F-4H,1,0.000000,5425.441711,0.000000,399.999995
174,2203.000,2005-09-12,17.000,1,4,4.78,B-1H,1,-3548.970973,-2213.470210,-370259.539174,225.000000
174,2203.000,2005-09-12,17.000,1,4,4.78,B-2H,1,-1565.560724,-141.108734,-168283.153517,225.000000
174,2203.000,2005-09-12,17.000,1,4,4.78,B-3H,1,-1950.181471,-4805.656147,-211385.780212,225.000000
174,2203.000,2005-09-12,17.000,1,4,4.78,B-4BH,1,-700.760114,-1611.444651,-73105.497592,225.000000
174,2203.000,2005-09-12,17.000,1,4,4.78,B-4H,1,-2183.827435,-957.444654,-230752.348304,225.000000
174,2203.000,2005-09-12,17.000,1,4,4.78,C-1H,1,0.000000,6000.000000,0.000000,328.380833
174,2203.000,2005-09-12,17.000,1,4,4.78,C-2H,1,0.000000,6000.000000,0.000000,279.481691
174,2203.000,2005-09-12,17.000,1,4,4.78,C-3H,1,0.000000,6000.000000,0.000000,285.728891
174,2203.000,2005-09-12,17.000,1,4,4.78,C-4H,1,0.000000,6000.000000,0.000000,257.140208
174,2203.000,2005-09-12,17.000,1,4,4.78,D-1CH,1,-4765.485158,-41.531675,-495058.535819,225.000000
174,2203.000,2005-09-12,17.000,1,4,4.78,D-1H,1,-939.164005,-50.870384,-102234.217058,225.000000
174,2203.000,2005-09-12,17.000,1,4,4.78,D-2H,1,-1483.453343,-865.848902,-161200.673423,225.000000
174,2203.000,2005-09-12,17.000,1,4,4.78,D-3AH,1,-2257.144723,-3751.958233,-231333.297323,225.000000
174,2203.000,2005-09-12,17.000,1,4,4.78,D-4AH,1,-446.299081,-575.283726,-46982.756993,225.000000
174,2203.000,2005-09-12,17.000,1,4,4.78,D-4H,1,-409.909163,-916.862691,-43561.117188,225.000000
174,2203.000,2005-09-12,17.000,1,4,4.78,E-1H,1,-2069.521578,-241.066623,-218654.041864,225.000000
174,2203.000,2005-09-12,17.000,1,4,4.78,E-2H,1,-2342.745813,-519.972357,-251179.482431,225.000000
174,2203.000,2005-09-12,17.000,1,4,4.78,E-3AH,1,-269.664545,-546.176823,-27353.203009,225.000000
174,2203.000,2005-09-12,17.000,1,4,4.78,E-3H,1,-108.730203,-1576.841153,-11985.097799,225.000000
174,2203.000,2005-09-12,17.000,1,4,4.78,E-4AH,1,-812.881297,-20.087136,-76566.597389,225.000000
174,2203.000,2005-09-12,17.000,1,4,4.78,F-1H,1,0.000000,6000.000000,0.000000,325.418312
174,2203.000,2005-09-12,17.000,1,4,4.78,F-2H,1,0.000000,6000.000000,0.000000,371.224657
174,2203.000,2005-09-12,17.000,1,4,4.78,F-3H,1,0.000000,6000.000000,0.000000,270.438328
174,2203.000,2005-09-12,17.000,1,4,4.78,F-4H,1,0.000000,5417.713888,0.000000,400.000000
175,2216.000,2005-09-25,13.000,1,3,3.82,B-1H,1,-3438.149766,-2232.799779,-358656.687651,225.000000
175,2216.000,2005-09-25,13.000,1,3,3.82,B-2H,1,-1483.971895,-141.038351,-159100.151930,225.000000
175,2216.000,2005-09-25,13.000,1,3,3.82,B-3H,1,-1908.016685,-4818.209146,-206858.897661,225.000000
175,2216.000,2005-09-25,13.000,1,3,3.82,B-4BH,1,-687.867011,-1631.414048,-71784.916473,225.000000
175,2216.000,2005-09-25,13.000,1,3,3.82,B-4H,1,-2125.145902,-946.029166,-224440.442746,225.000000
175,2216.000,2005-09-25,13.000,1,3,3.82,C-1H,1,0.000000,6000.000000,0.000000,328.148126
175,2216.000,2005-09-25,13.000,1,3,3.82,C-2H,1,0.000000,6000.000000,0.000000,278.912090
175,2216.000,2005-09-25,13.000,1,3,3.82,C-3H,1,0.000000,6000.000000,0.000000,285.250125
175,2216.000,2005-09-25,13.000,1,3,3.82,C-4H,1,0.000000,6000.000000,0.000000,256.880128
175,2216.000,2005-09-25,13.000,1,3,3.82,D-1CH,1,-4448.068006,-38.393106,-462549.940191,225.000000
175,2216.000,2005-09-25,13.000,1,3,3.82,D-1H,1,-890.091128,-50.533840,-96728.121464,225.000000
175,2216.000,2005-09-25,13.000,1,3,3.82,D-2H,1,-1418.162631,-859.545705,-154064.047958,225.000000
175,2216.000,2005-09-25,13.000,1,3,3.82,D-3AH,1,-2208.581488,-3769.432240,-226290.593615,225.000000
175,2216.000,2005-09-25,13.000,1,3,3.82,D-4AH,1,-440.484445,-583.615288,-46379.424592,225.000000
175,2216.000,2005-09-25,13.000,1,3,3.82,D-4H,1,-392.504410,-905.117889,-41722.575370,225.000000
175,2216.000,2005-09-25,13.000,1,3,3.82,E-1H,1,-2011.268957,-254.746356,-212624.438685,225.000000
175,2216.000,2005-09-25,13.000,1,3,3.82,E-2H,1,-2307.889429,-528.626723,-247524.476183,225.000000
175,2216.000,2005-09-25,13.000,1,3,3.82,E-3AH,1,-270.772143,-546.989869,-27477.524404,225.000000
175,2216.000,2005-09-25,13.000,1,3,3.82,E-3H,1,-107.779826,-1586.891085,-11882.426727,225.000000
175,2216.000,2005-09-25,13.000,1,3,3.82,E-4AH,1,-806.031644,-19.930359,-75921.385529,225.000000
175,2216.000,2005-09-25,13.000,1,3,3.82,F-1H,1,0.000000,6000.000000,0.000000,325.477667
175,2216.000,2005-09-25,13.000,1,3,3.82,F-2H,1,0.000000,6000.000000,0.000000,371.281530
175,2216.000,2005-09-25,13.000,1,3,3.82,F-3H,1,0.000000,6000.000000,0.000000,270.412239
175,2216.000,2005-09-25,13.000,1,3,3.82,F-4H,1,0.000000,5412.577052,0.000000,400.000000
176,2223.000,2005-10-02,7.000,1,3,3.59,B-1H,1,-3382.460108,-2242.569800,-352760.932375,225.000000
176,2223.000,2005-10-02,7.000,1,3,3.59,B-2H,1,-1450.254619,-141.752604,-155227.276646,225.000000
176,2223.000,2005-10-02,7.000,1,3,3.59,B-3H,1,-1885.367375,-4824.630452,-204388.880209,225.000000
176,2223.000,2005-10-02,7.000,1,3,3.59,B-4BH,1,-680.856465,-1641.759173,-71063.257825,225.000000
176,2223.000,2005-10-02,7.000,1,3,3.59,B-4H,1,-2095.508301,-940.905565,-221199.173405,225.000000
176,2223.000,2005-10-02,7.000,1,3,3.59,C-1H,1,0.000000,6000.000000,0.000000,328.033679
176,2223.000,2005-10-02,7.000,1,3,3.59,C-2H,1,0.000000,6000.000000,0.000000,278.639653
176,2223.000,2005-10-02,7.000,1,3,3.59,C-3H,1,0.000000,6000.000000,0.000000,285.014604
176,2223.000,2005-10-02,7.000,1,3,3.59,C-4H,1,0.000000,6000.000000,0.000000,256.754126
176,2223.000,2005-10-02,7.000,1,3,3.59,D-1CH,1,-4348.583949,-37.185195,-452893.073705,225.000000
176,2223.000,2005-10-02,7.000,1,3,3.59,D-1H,1,-871.178322,-50.675676,-94570.531573,225.000000
176,2223.000,2005-10-02,7.000,1,3,3.59,D-2H,1,-1387.345840,-857.661383,-150634.961136,225.000000
176,2223.000,2005-10-02,7.000,1,3,3.59,D-3AH,1,-2182.305512,-3778.148391,-223560.971750,225.000000
176,2223.000,2005-10-02,7.000,1,3,3.59,D-4AH,1,-437.418859,-587.879545,-46061.204329,225.000000
176,2223.000,2005-10-02,7.000,1,3,3.59,D-4H,1,-383.979449,-900.108063,-40807.403219,225.000000
176,2223.000,2005-10-02,7.000,1,3,3.59,E-1H,1,-1980.137749,-262.053870,-209400.975321,225.000000
176,2223.000,2005-10-02,7.000,1,3,3.59,E-2H,1,-2287.675340,-533.186465,-245401.600942,225.000000
176,2223.000,2005-10-02,7.000,1,3,3.59,E-3AH,1,-271.218632,-546.731226,-27527.296850,225.000000
176,2223.000,2005-10-02,7.000,1,3,3.59,E-3H,1,-107.263800,-1592.115618,-11826.483128,225.000000
176,2223.000,2005-10-02,7.000,1,3,3.59,E-4AH,1,-802.238095,-19.843462,-75564.046847,225.000000
176,2223.000,2005-10-02,7.000,1,3,3.59,F-1H,1,0.000000,6000.000000,0.000000,325.503885
176,2223.000,2005-10-02,7.000,1,3,3.59,F-2H,1,0.000000,6000.000000,0.000000,371.308108
176,2223.000,2005-10-02,7.000,1,3,3.59,F-3H,1,0.000000,6000.000000,0.000000,270.394563
176,2223.000,2005-10-02,7.000,1,3,3.59,F-4H,1,0.000000,5410.032646,0.000000,400.000000
177,2224.000,2005-10-03,1.000,1,2,2.58,B-1H,1,-3374.250925,-2243.618815,-351888.563187,225.000000
177,2224.000,2005-10-03,1.000,1,2,2.58,B-2H,1,-1445.597175,-141.860927,-154691.293787,225.000000
177,2224.000,2005-10-03,1.000,1,2,2.58,B-3H,1,-1882.361986,-4825.908657,-204063.497655,225.000000
177,2224.000,2005-10-03,1.000,1,2,2.58,B-4BH,1,-679.856522,-1643.233192,-70960.279103,225.000000
177,2224.000,2005-10-03,1.000,1,2,2.58,B-4H,1,-2091.306413,-940.147088,-220738.598749,225.000000
177,2224.000,2005-10-03,1.000,1,2,2.58,C-1H,1,0.000000,6000.000000,0.000000,328.017590
177,2224.000,2005-10-03,1.000,1,2,2.58,C-2H,1,0.000000,6000.000000,0.000000,278.601594
177,2224.000,2005-10-03,1.000,1,2,2.58,C-3H,1,0.000000,6000.000000,0.000000,284.981500
177,2224.000,2005-10-03,1.000,1,2,2.58,C-4H,1,0.000000,6000.000000,0.000000,256.736494
177,2224.000,2005-10-03,1.000,1,2,2.58,D-1CH,1,-4335.545670,-37.020181,-451755.802554,225.000000
177,2224.000,2005-10-03,1.000,1,2,2.58,D-1H,1,-868.548862,-50.688816,-94270.268730,225.000000
177,2224.000,2005-10-03,1.000,1,2,2.58,D-2H,1,-1383.050682,-857.407159,-150155.129481,225.000000
177,2224.000,2005-10-03,1.000,1,2,2.58,D-3AH,1,-2178.511618,-3779.306918,-223167.028662,225.000000
177,2224.000,2005-10-03,1.000,1,2,2.58,D-4AH,1,-436.970373,-588.466247,-46014.669136,225.000000
177,2224.000,2005-10-03,1.000,1,2,2.58,D-4H,1,-382.766487,-899.362296,-40676.875275,225.000000
177,2224.000,2005-10-03,1.000,1,2,2.58,E-1H,1,-1975.812205,-263.096117,-208953.228324,225.000000
177,2224.000,2005-10-03,1.000,1,2,2.58,E-2H,1,-2284.847717,-533.832821,-245104.861408,225.000000
177,2224.000,2005-10-03,1.000,1,2,2.58,E-3AH,1,-271.283267,-546.698242,-27534.492082,225.000000
177,2224.000,2005-10-03,1.000,1,2,2.58,E-3H,1,-107.191489,-1592.866108,-11818.640394,225.000000
177,2224.000,2005-10-03,1.000,1,2,2.58,E-4AH,1,-801.697221,-19.831072,-75513.098530,225.000000
177,2224.000,2005-10-03,1.000,1,2,2.58,F-1H,1,0.000000,6000.000000,0.000000,325.507550
177,2224.000,2005-10-03,1.000,1,2,2.58,F-2H,1,0.000000,6000.000000,0.000000,371.311821
177,2224.000,2005-10-03,1.000,1,2,2.58,F-3H,1,0.000000,6000.000000,0.000000,270.391969
177,2224.000,2005-10-03,1.000,1,2,2.58,F-4H,1,0.000000,5409.604289,0.000000,399.999999
178,2233.000,2005-10-12,9.000,1,3,3.78,B-1H,1,-3310.035130,-2257.892559,-345047.535077,225.000000
178,2233.000,2005-10-12,9.000,1,3,3.78,B-2H,1,-1411.193165,-143.390490,-150708.072695,225.000000
178,2233.000,2005-10-12,9.000,1,3,3.78,B-3H,1,-1853.630913,-4834.694235,-200872.597212,225.000000
178,2233.000,2005-10-12,9.000,1,3,3.78,B-4BH,1,-670.918684,-1656.224839,-70033.559630,225.000000
178,2233.000,2005-10-12,9.000,1,3,3.78,B-4H,1,-2058.250409,-936.126525,-217061.412540,225.000000
178,2233.000,2005-10-12,9.000,1,3,3.78,C-1H,1,0.000000,6000.000000,0.000000,327.897982
178,2233.000,2005-10-12,9.000,1,3,3.78,C-2H,1,0.000000,6000.000000,0.000000,278.318780
178,2233.000,2005-10-12,9.000,1,3,3.78,C-3H,1,0.000000,6000.000000,0.000000,284.732166
178,2233.000,2005-10-12,9.000,1,3,3.78,C-4H,1,0.000000,6000.000000,0.000000,256.604211
178,2233.000,2005-10-12,9.000,1,3,3.78,D-1CH,1,-4255.583866,-35.761085,-444253.795483,225.000000
178,2233.000,2005-10-12,9.000,1,3,3.78,D-1H,1,-849.688552,-51.188709,-92099.433133,225.000000
178,2233.000,2005-10-12,9.000,1,3,3.78,D-2H,1,-1349.670308,-857.099904,-146349.262414,225.000000
178,2233.000,2005-10-12,9.000,1,3,3.78,D-3AH,1,-2145.845098,-3792.047492,-219775.967632,225.000000
178,2233.000,2005-10-12,9.000,1,3,3.78,D-4AH,1,-433.033360,-593.810110,-45605.224474,225.000000
178,2233.000,2005-10-12,9.000,1,3,3.78,D-4H,1,-373.307409,-895.736769,-39642.834207,225.000000
178,2233.000,2005-10-12,9.000,1,3,3.78,E-1H,1,-1937.808344,-271.941777,-205018.595590,225.000000
178,2233.000,2005-10-12,9.000,1,3,3.78,E-2H,1,-2254.703676,-539.589742,-241920.340548,225.000000
178,2233.000,2005-10-12,9.000,1,3,3.78,E-3AH,1,-271.827958,-546.392571,-27595.485345,225.000000
178,2233.000,2005-10-12,9.000,1,3,3.78,E-3H,1,-106.522676,-1599.280031,-11745.915106,225.000000
178,2233.000,2005-10-12,9.000,1,3,3.78,E-4AH,1,-796.585756,-19.713856,-75031.616484,225.000000
178,2233.000,2005-10-12,9.000,1,3,3.78,F-1H,1,0.000000,6000.000000,0.000000,325.535447
178,2233.000,2005-10-12,9.000,1,3,3.78,F-2H,1,0.000000,6000.000000,0.000000,371.339900
178,2233.000,2005-10-12,9.000,1,3,3.78,F-3H,1,0.000000,6000.000000,0.000000,270.367972
178,2233.000,2005-10-12,9.000,1,3,3.78,F-4H,1,0.000000,5406.660001,0.000000,400.000000
179,2247.000,2005-10-26,14.000,1,3,3.81,B-1H,1,-3220.869374,-2282.750108,-335542.109828,225.000000
179,2247.000,2005-10-26,14.000,1,3,3.81,B-2H,1,-1367.724102,-146.529745,-145702.654898,225.000000
179,2247.000,2005-10-26,14.000,1,3,3.81,B-3H,1,-1814.310205,-4855.903165,-196489.716160,225.000000
179,2247.000,2005-10-26,14.000,1,3,3.81,B-4BH,1,-658.048825,-1676.408745,-68691.483736,225.000000
179,2247.000,2005-10-26,14.000,1,3,3.81,B-4H,1,-2016.577032,-934.068472,-212383.222472,225.000000
179,2247.000,2005-10-26,14.000,1,3,3.81,C-1H,1,0.000000,6000.000000,0.000000,327.764453
179,2247.000,2005-10-26,14.000,1,3,3.81,C-2H,1,0.000000,6000.000000,0.000000,277.998009
179,2247.000,2005-10-26,14.000,1,3,3.81,C-3H,1,0.000000,6000.000000,0.000000,284.449640
179,2247.000,2005-10-26,14.000,1,3,3.81,C-4H,1,0.000000,6000.000000,0.000000,256.453594
179,2247.000,2005-10-26,14.000,1,3,3.81,D-1CH,1,-4173.830970,-34.209189,-436201.128788,225.000000
179,2247.000,2005-10-26,14.000,1,3,3.81,D-1H,1,-826.009944,-52.301039,-89374.978270,225.000000
179,2247.000,2005-10-26,14.000,1,3,3.81,D-2H,1,-1306.642190,-859.810385,-141404.995140,225.000000
179,2247.000,2005-10-26,14.000,1,3,3.81,D-3AH,1,-2100.693131,-3816.616120,-215098.053667,225.000000
179,2247.000,2005-10-26,14.000,1,3,3.81,D-4AH,1,-426.899840,-601.759359,-44966.668517,225.000000
179,2247.000,2005-10-26,14.000,1,3,3.81,D-4H,1,-361.103171,-893.859436,-38308.163694,225.000000
179,2247.000,2005-10-26,14.000,1,3,3.81,E-1H,1,-1882.569126,-284.773134,-199288.337770,225.000000
179,2247.000,2005-10-26,14.000,1,3,3.81,E-2H,1,-2197.648254,-548.750612,-235845.908081,225.000000
179,2247.000,2005-10-26,14.000,1,3,3.81,E-3AH,1,-272.601872,-545.950561,-27682.673904,225.000000
179,2247.000,2005-10-26,14.000,1,3,3.81,E-3H,1,-105.514377,-1609.093487,-11636.229635,225.000000
179,2247.000,2005-10-26,14.000,1,3,3.81,E-4AH,1,-788.062152,-19.518200,-74228.722394,225.000000
179,2247.000,2005-10-26,14.000,1,3,3.81,F-1H,1,0.000000,6000.000000,0.000000,325.573492
179,2247.000,2005-10-26,14.000,1,3,3.81,F-2H,1,0.000000,6000.000000,0.000000,371.377879
179,2247.000,2005-10-26,14.000,1,3,3.81,F-3H,1,0.000000,6000.000000,0.000000,270.338825
179,2247.000,2005-10-26,14.000,1,3,3.81,F-4H,1,0.000000,5402.063291,0.000000,400.000000
180,2265.000,2005-11-13,18.000,1,3,3.88,B-1H,1,-3122.196465,-2319.402151,-325087.555539,225.000000
180,2265.000,2005-11-13,18.000,1,3,3.88,B-2H,1,-1321.693841,-151.361220,-140472.933385,225.000000
180,2265.000,2005-11-13,18.000,1,3,3.88,B-3H,1,-1770.626204,-4893.399263,-191648.804022,225.000000
180,2265.000,2005-11-13,18.000,1,3,3.88,B-4BH,1,-642.738150,-1703.352871,-67091.492131,225.000000
180,2265.000,2005-11-13,18.000,1,3,3.88,B-4H,1,-1975.165872,-936.183104,-207748.220868,225.000000
180,2265.000,2005-11-13,18.000,1,3,3.88,C-1H,1,0.000000,6000.000000,0.000000,327.657471
180,2265.000,2005-11-13,18.000,1,3,3.88,C-2H,1,0.000000,6000.000000,0.000000,277.726953
180,2265.000,2005-11-13,18.000,1,3,3.88,C-3H,1,0.000000,6000.000000,0.000000,284.215008
180,2265.000,2005-11-13,18.000,1,3,3.88,C-4H,1,0.000000,6000.000000,0.000000,256.328044
180,2265.000,2005-11-13,18.000,1,3,3.88,D-1CH,1,-4105.885331,-32.672464,-429145.811052,225.000000
180,2265.000,2005-11-13,18.000,1,3,3.88,D-1H,1,-801.399432,-54.365387,-86551.983615,225.000000
180,2265.000,2005-11-13,18.000,1,3,3.88,D-2H,1,-1261.458211,-866.980209,-136213.979734,225.000000
180,2265.000,2005-11-13,18.000,1,3,3.88,D-3AH,1,-2050.857380,-3854.539914,-209954.268551,225.000000
180,2265.000,2005-11-13,18.000,1,3,3.88,D-4AH,1,-419.182134,-611.656561,-44284.362795,225.000000
180,2265.000,2005-11-13,18.000,1,3,3.88,D-4H,1,-348.830091,-895.542322,-36959.282059,225.000000
180,2265.000,2005-11-13,18.000,1,3,3.88,E-1H,1,-1818.192510,-300.116777,-192599.744558,225.000000
180,2265.000,2005-11-13,18.000,1,3,3.88,E-2H,1,-2113.768285,-561.886008,-226872.823192,225.000000
180,2265.000,2005-11-13,18.000,1,3,3.88,E-3AH,1,-273.496090,-545.492496,-27783.826856,225.000000
180,2265.000,2005-11-13,18.000,1,3,3.88,E-3H,1,-104.288329,-1621.973273,-11503.221140,225.000000
180,2265.000,2005-11-13,18.000,1,3,3.88,E-4AH,1,-777.019574,-19.266125,-73188.545531,225.000000
180,2265.000,2005-11-13,18.000,1,3,3.88,F-1H,1,0.000000,6000.000000,0.000000,325.624518
180,2265.000,2005-11-13,18.000,1,3,3.88,F-2H,1,0.000000,6000.000000,0.000000,371.428369
180,2265.000,2005-11-13,18.000,1,3,3.88,F-3H,1,0.000000,6000.000000,0.000000,270.321628
180,2265.000,2005-11-13,18.000,1,3,3.88,F-4H,1,0.000000,5396.044867,0.000000,400.000000
181,2266.000,2005-11-14,1.000,1,2,2.79,B-1H,1,-3115.800972,-2320.426226,-324407.538356,225.000000
181,2266.000,2005-11-14,1.000,1,2,2.79,B-2H,1,-1319.089342,-151.619532,-140177.935744,225.000000
181,2266.000,2005-11-14,1.000,1,2,2.79,B-3H,1,-1768.898601,-4896.660885,-191465.534644,225.000000
181,2266.000,2005-11-14,1.000,1,2,2.79,B-4BH,1,-641.897940,-1704.873862,-67003.752107,225.000000
181,2266.000,2005-11-14,1.000,1,2,2.79,B-4H,1,-1972.956451,-936.143506,-207500.455677,225.000000
181,2266.000,2005-11-14,1.000,1,2,2.79,C-1H,1,0.000000,6000.000000,0.000000,327.651734
181,2266.000,2005-11-14,1.000,1,2,2.79,C-2H,1,0.000000,6000.000000,0.000000,277.712366
181,2266.000,2005-11-14,1.000,1,2,2.79,C-3H,1,0.000000,6000.000000,0.000000,284.202420
181,2266.000,2005-11-14,1.000,1,2,2.79,C-4H,1,0.000000,6000.000000,0.000000,256.321339
181,2266.000,2005-11-14,1.000,1,2,2.79,D-1CH,1,-4102.299092,-32.590064,-428775.170573,225.000000
181,2266.000,2005-11-14,1.000,1,2,2.79,D-1H,1,-799.881281,-54.430162,-86379.002978,225.000000
181,2266.000,2005-11-14,1.000,1,2,2.79,D-2H,1,-1258.965868,-867.350204,-135927.505358,225.000000
181,2266.000,2005-11-14,1.000,1,2,2.79,D-3AH,1,-2048.009399,-3856.450415,-209660.741604,225.000000
181,2266.000,2005-11-14,1.000,1,2,2.79,D-4AH,1,-418.722571,-612.141498,-44256.666218,225.000000
181,2266.000,2005-11-14,1.000,1,2,2.79,D-4H,1,-348.131535,-895.462596,-36882.397420,225.000000
181,2266.000,2005-11-14,1.000,1,2,2.79,E-1H,1,-1814.716354,-301.034856,-192239.440623,225.000000
181,2266.000,2005-11-14,1.000,1,2,2.79,E-2H,1,-2109.188372,-562.676371,-226382.850531,225.000000
181,2266.000,2005-11-14,1.000,1,2,2.79,E-3AH,1,-273.546917,-545.472015,-27789.572537,225.000000
181,2266.000,2005-11-14,1.000,1,2,2.79,E-3H,1,-104.224607,-1622.713880,-11496.306545,225.000000
181,2266.000,2005-11-14,1.000,1,2,2.79,E-4AH,1,-776.406794,-19.252128,-73130.823550,225.000000
181,2266.000,2005-11-14,1.000,1,2,2.79,F-1H,1,0.000000,6000.000000,0.000000,325.627355
181,2266.000,2005-11-14,1.000,1,2,2.79,F-2H,1,0.000000,6000.000000,0.000000,371.431175
181,2266.000,2005-11-14,1.000,1,2,2.79,F-3H,1,0.000000,6000.000000,0.000000,270.320723
181,2266.000,2005-11-14,1.000,1,2,2.79,F-4H,1,0.000000,5395.638878,0.000000,400.000003
182,2278.000,2005-11-26,12.000,1,5,5.85,B-1H,1,-3115.295291,-2418.081424,-325103.040788,225.000000
182,2278.000,2005-11-26,12.000,1,5,5.85,B-2H,1,-1302.592921,-156.482989,-138224.028060,225.000000
182,2278.000,2005-11-26,12.000,1,5,5.85,B-3H,1,-1751.778207,-4972.695683,-189418.648056,225.000000
182,2278.000,2005-11-26,12.000,1,5,5.85,B-4BH,1,-640.465695,-1759.991831,-66736.147472,225.000000
182,2278.000,2005-11-26,12.000,1,5,5.85,B-4H,1,-1957.022704,-944.616814,-205637.450266,225.000000
182,2278.000,2005-11-26,12.000,1,5,5.85,C-1H,1,0.000000,6000.000000,0.000000,329.729678
182,2278.000,2005-11-26,12.000,1,5,5.85,C-2H,1,0.000000,6000.000000,0.000000,277.646437
182,2278.000,2005-11-26,12.000,1,5,5.85,C-3H,1,0.000000,6000.000000,0.000000,284.145046
182,2278.000,2005-11-26,12.000,1,5,5.85,C-4AH,1,0.000000,6000.000000,0.000000,380.310991
182,2278.000,2005-11-26,12.000,1,5,5.85,C-4H,1,0.000000,6000.000000,0.000000,256.409497
182,2278.000,2005-11-26,12.000,1,5,5.85,D-1CH,1,-4089.694583,-31.879734,-427457.313988,225.000000
182,2278.000,2005-11-26,12.000,1,5,5.85,D-1H,1,-788.384144,-56.211868,-85035.916233,225.000000
182,2278.000,2005-11-26,12.000,1,5,5.85,D-2H,1,-1236.005667,-875.731826,-133223.103412,225.000000
182,2278.000,2005-11-26,12.000,1,5,5.85,D-3AH,1,-2049.245998,-3952.429222,-209954.133769,225.000000
182,2278.000,2005-11-26,12.000,1,5,5.85,D-4AH,1,-415.000825,-620.496287,-43993.854281,225.000000
182,2278.000,2005-11-26,12.000,1,5,5.85,D-4H,1,-346.388737,-921.319722,-36569.675360,225.000000
182,2278.000,2005-11-26,12.000,1,5,5.85,E-1H,1,-1811.474149,-319.228830,-191681.066599,225.000000
182,2278.000,2005-11-26,12.000,1,5,5.85,E-2H,1,-2068.971682,-578.217440,-221914.385920,225.000000
182,2278.000,2005-11-26,12.000,1,5,5.85,E-3AH,1,-274.246779,-545.089925,-27863.450510,225.000000
182,2278.000,2005-11-26,12.000,1,5,5.85,E-3H,1,-104.070616,-1640.940704,-11488.732327,225.000000
182,2278.000,2005-11-26,12.000,1,5,5.85,E-4AH,1,-772.253698,-19.165849,-72739.592568,225.000000
182,2278.000,2005-11-26,12.000,1,5,5.85,F-1H,1,0.000000,6000.000000,0.000000,325.783783
182,2278.000,2005-11-26,12.000,1,5,5.85,F-2H,1,0.000000,6000.000000,0.000000,371.628028
182,2278.000,2005-11-26,12.000,1,5,5.85,F-3H,1,0.000000,6000.000000,0.000000,270.527203
182,2278.000,2005-11-26,12.000,1,5,5.85,F-4H,1,0.000000,5343.933033,0.000000,400.000000
183,2307.000,2005-12-25,29.000,1,10,13.12,B-1H,1,-3104.414806,-2639.632362,-325672.456700,225.000000
183,2307.000,2005-12-25,29.000,1,10,13.12,B-2H,1,-1277.776422,-170.496395,-135457.653416,225.000000
183,2307.000,2005-12-25,29.000,1,10,13.12,B-3H,1,-1730.061680,-5195.974935,-187178.783393,225.000000
183,2307.000,2005-12-25,29.000,1,10,13.12,B-4BH,1,-639.120941,-1890.745429,-66736.401613,225.000000
183,2307.000,2005-12-25,29.000,1,10,13.12,B-4H,1,-1945.108855,-980.811353,-204244.482120,225.000000
183,2307.000,2005-12-25,29.000,1,10,13.12,C-1H,1,0.000000,6000.000000,0.000000,331.280412
183,2307.000,2005-12-25,29.000,1,10,13.12,C-2H,1,0.000000,6000.000000,0.000000,277.786803
183,2307.000,2005-12-25,29.000,1,10,13.12,C-3H,1,0.000000,6000.000000,0.000000,284.305899
183,2307.000,2005-12-25,29.000,1,10,13.12,C-4AH,1,0.000000,6000.000000,0.000000,383.581032
183,2307.000,2005-12-25,29.000,1,10,13.12,C-4H,1,0.000000,6000.000000,0.000000,256.735525
183,2307.000,2005-12-25,29.000,1,10,13.12,D-1CH,1,-4114.024169,-31.031335,-430574.367353,225.000000
183,2307.000,2005-12-25,29.000,1,10,13.12,D-1H,1,-770.114858,-61.487277,-82899.928813,225.000000
183,2307.000,2005-12-25,29.000,1,10,13.12,D-2H,1,-1199.999632,-906.381229,-128970.020107,225.000000
183,2307.000,2005-12-25,29.000,1,10,13.12,D-3AH,1,-2065.473477,-4180.344167,-212063.474189,225.000000
183,2307.000,2005-12-25,29.000,1,10,13.12,D-4AH,1,-411.292165,-646.564063,-43741.785317,225.000000
183,2307.000,2005-12-25,29.000,1,10,13.12,D-4H,1,-340.235475,-977.435678,-35846.114337,225.000000
183,2307.000,2005-12-25,29.000,1,10,13.12,E-1H,1,-1796.860113,-363.740649,-190421.230908,225.000000
183,2307.000,2005-12-25,29.000,1,10,13.12,E-2H,1,-1964.099745,-624.156251,-210687.097791,225.000000
183,2307.000,2005-12-25,29.000,1,10,13.12,E-3AH,1,-277.519000,-551.690300,-28210.437636,225.000000
183,2307.000,2005-12-25,29.000,1,10,13.12,E-3H,1,-104.516553,-1696.314331,-11569.281491,225.000000
183,2307.000,2005-12-25,29.000,1,10,13.12,E-4AH,1,-771.564401,-19.206020,-72674.534769,225.000000
183,2307.000,2005-12-25,29.000,1,10,13.12,F-1H,1,0.000000,6000.000000,0.000000,326.461397
183,2307.000,2005-12-25,29.000,1,10,13.12,F-2H,1,0.000000,6000.000000,0.000000,372.366003
183,2307.000,2005-12-25,29.000,1,10,13.12,F-3H,1,0.000000,6000.000000,0.000000,271.144222
183,2307.000,2005-12-25,29.000,1,10,13.12,F-4H,1,0.000000,5239.282691,0.000000,400.000000
184,2338.000,2006-01-25,31.000,1,3,3.97,B-1H,1,-3051.155401,-2831.927881,-321038.214554,225.000000
184,2338.000,2006-01-25,31.000,1,3,3.97,B-2H,1,-1248.207156,-185.767469,-132429.341896,225.000000
184,2338.000,2006-01-25,31.000,1,3,3.97,B-3H,1,-1707.262572,-5417.908299,-185087.731334,225.000000
184,2338.000,2006-01-25,31.000,1,3,3.97,B-4BH,1,-631.813906,-2008.463187,-66189.565991,225.000000
184,2338.000,2006-01-25,31.000,1,3,3.97,B-4H,1,-1940.499679,-1022.592293,-203889.425244,225.000000
184,2338.000,2006-01-25,31.000,1,3,3.97,C-1H,1,0.000000,6000.000000,0.000000,332.008446
184,2338.000,2006-01-25,31.000,1,3,3.97,C-2H,1,0.000000,6000.000000,0.000000,278.071783
184,2338.000,2006-01-25,31.000,1,3,3.97,C-3H,1,0.000000,6000.000000,0.000000,284.610137
184,2338.000,2006-01-25,31.000,1,3,3.97,C-4AH,1,0.000000,6000.000000,0.000000,384.715360
184,2338.000,2006-01-25,31.000,1,3,3.97,C-4H,1,0.000000,6000.000000,0.000000,257.079932
184,2338.000,2006-01-25,31.000,1,3,3.97,D-1CH,1,-4131.029480,-31.041427,-433110.618284,225.000000
184,2338.000,2006-01-25,31.000,1,3,3.97,D-1H,1,-752.519445,-68.033042,-80928.035361,225.000000
184,2338.000,2006-01-25,31.000,1,3,3.97,D-2H,1,-1171.209648,-944.275295,-125749.579179,225.000000
184,2338.000,2006-01-25,31.000,1,3,3.97,D-3AH,1,-2058.804454,-4383.353839,-211741.778648,225.000000
184,2338.000,2006-01-25,31.000,1,3,3.97,D-4AH,1,-407.918151,-674.158560,-43482.343383,225.000000
184,2338.000,2006-01-25,31.000,1,3,3.97,D-4H,1,-331.602761,-1023.741269,-35001.525983,225.000000
184,2338.000,2006-01-25,31.000,1,3,3.97,E-1H,1,-1745.485755,-406.302657,-185561.689366,225.000000
184,2338.000,2006-01-25,31.000,1,3,3.97,E-2H,1,-1838.834176,-674.837668,-197727.559184,225.000000
184,2338.000,2006-01-25,31.000,1,3,3.97,E-3AH,1,-281.190724,-559.087921,-28599.804114,225.000000
184,2338.000,2006-01-25,31.000,1,3,3.97,E-3H,1,-104.734414,-1752.824933,-11623.201629,225.000000
184,2338.000,2006-01-25,31.000,1,3,3.97,E-4AH,1,-767.391762,-19.189619,-72281.350756,225.000000
184,2338.000,2006-01-25,31.000,1,3,3.97,F-1H,1,0.000000,6000.000000,0.000000,327.170587
184,2338.000,2006-01-25,31.000,1,3,3.97,F-2H,1,0.000000,6000.000000,0.000000,373.102994
184,2338.000,2006-01-25,31.000,1,3,3.97,F-3H,1,0.000000,6000.000000,0.000000,271.697672
184,2338.000,2006-01-25,31.000,1,3,3.97,F-4H,1,0.000000,5169.146641,0.000000,400.000000
185,2368.000,2006-02-24,30.000,1,3,3.91,B-1H,1,-2983.341062,-2999.479104,-314424.569056,225.000000
185,2368.000,2006-02-24,30.000,1,3,3.91,B-2H,1,-1217.637149,-201.446370,-129383.389195,225.000000
185,2368.000,2006-02-24,30.000,1,3,3.91,B-3H,1,-1681.965914,-5615.227956,-182666.287629,225.000000
185,2368.000,2006-02-24,30.000,1,3,3.91,B-4BH,1,-621.108130,-2108.280761,-65234.602345,225.000000
185,2368.000,2006-02-24,30.000,1,3,3.91,B-4H,1,-1938.938125,-1063.129566,-203970.271362,225.000000
185,2368.000,2006-02-24,30.000,1,3,3.91,C-1H,1,0.000000,6000.000000,0.000000,332.474191
185,2368.000,2006-02-24,30.000,1,3,3.91,C-2H,1,0.000000,6000.000000,0.000000,278.399891
185,2368.000,2006-02-24,30.000,1,3,3.91,C-3H,1,0.000000,6000.000000,0.000000,284.950290
185,2368.000,2006-02-24,30.000,1,3,3.91,C-4AH,1,0.000000,6000.000000,0.000000,385.363889
185,2368.000,2006-02-24,30.000,1,3,3.91,C-4H,1,0.000000,6000.000000,0.000000,257.398084
185,2368.000,2006-02-24,30.000,1,3,3.91,D-1CH,1,-4107.173105,-32.697231,-431483.812638,225.000000
185,2368.000,2006-02-24,30.000,1,3,3.91,D-1H,1,-734.658026,-75.040692,-78997.046941,225.000000
185,2368.000,2006-02-24,30.000,1,3,3.91,D-2H,1,-1147.300260,-982.082445,-123233.761145,225.000000
185,2368.000,2006-02-24,30.000,1,3,3.91,D-3AH,1,-2032.731657,-4555.299334,-209343.792440,225.000000
185,2368.000,2006-02-24,30.000,1,3,3.91,D-4AH,1,-404.109658,-699.122951,-43154.852013,225.000000
185,2368.000,2006-02-24,30.000,1,3,3.91,D-4H,1,-322.717845,-1062.215240,-34122.837274,225.000000
185,2368.000,2006-02-24,30.000,1,3,3.91,E-1H,1,-1680.160888,-444.670079,-179173.762398,225.000000
185,2368.000,2006-02-24,30.000,1,3,3.91,E-2H,1,-1720.062479,-721.658344,-185470.938821,225.000000
185,2368.000,2006-02-24,30.000,1,3,3.91,E-3AH,1,-284.784134,-566.514568,-28983.322326,225.000000
185,2368.000,2006-02-24,30.000,1,3,3.91,E-3H,1,-104.549836,-1804.207076,-11624.713656,225.000000
185,2368.000,2006-02-24,30.000,1,3,3.91,E-4AH,1,-757.914165,-19.081308,-71388.480095,225.000000
185,2368.000,2006-02-24,30.000,1,3,3.91,F-1H,1,0.000000,6000.000000,0.000000,327.761947
185,2368.000,2006-02-24,30.000,1,3,3.91,F-2H,1,0.000000,6000.000000,0.000000,373.704556
185,2368.000,2006-02-24,30.000,1,3,3.91,F-3H,1,0.000000,6000.000000,0.000000,272.129816
185,2368.000,2006-02-24,30.000,1,3,3.91,F-4H,1,0.000000,5122.922469,0.000000,400.000000
186,2399.000,2006-03-27,31.000,1,3,3.84,B-1H,1,-2907.130244,-3159.451624,-306911.561865,225.000000
186,2399.000,2006-03-27,31.000,1,3,3.84,B-2H,1,-1188.620002,-218.250491,-126527.269247,225.000000
186,2399.000,2006-03-27,31.000,1,3,3.84,B-3H,1,-1654.146076,-5808.962439,-179867.808481,225.000000
186,2399.000,2006-03-27,31.000,1,3,3.84,B-4BH,1,-608.473937,-2199.967614,-64037.615655,225.000000
186,2399.000,2006-03-27,31.000,1,3,3.84,B-4H,1,-1938.521799,-1105.180479,-204236.673914,225.000000
186,2399.000,2006-03-27,31.000,1,3,3.84,C-1H,1,0.000000,6000.000000,0.000000,332.858775
186,2399.000,2006-03-27,31.000,1,3,3.84,C-2H,1,0.000000,6000.000000,0.000000,278.766676
186,2399.000,2006-03-27,31.000,1,3,3.84,C-3H,1,0.000000,6000.000000,0.000000,285.321377
186,2399.000,2006-03-27,31.000,1,3,3.84,C-4AH,1,0.000000,6000.000000,0.000000,385.847114
186,2399.000,2006-03-27,31.000,1,3,3.84,C-4H,1,0.000000,6000.000000,0.000000,257.713868
186,2399.000,2006-03-27,31.000,1,3,3.84,D-1CH,1,-4017.487000,-37.946285,-422938.785612,225.000000
186,2399.000,2006-03-27,31.000,1,3,3.84,D-1H,1,-716.759072,-83.465753,-77105.184054,225.000000
186,2399.000,2006-03-27,31.000,1,3,3.84,D-2H,1,-1124.415290,-1022.180319,-120912.348821,225.000000
186,2399.000,2006-03-27,31.000,1,3,3.84,D-3AH,1,-1997.787828,-4717.947663,-206131.341730,225.000000
186,2399.000,2006-03-27,31.000,1,3,3.84,D-4AH,1,-399.083885,-722.783705,-42683.743963,225.000000
186,2399.000,2006-03-27,31.000,1,3,3.84,D-4H,1,-314.354060,-1099.148320,-33294.813005,225.000000
186,2399.000,2006-03-27,31.000,1,3,3.84,E-1H,1,-1609.183314,-482.117895,-172146.755784,225.000000
186,2399.000,2006-03-27,31.000,1,3,3.84,E-2H,1,-1611.194474,-766.966343,-174188.886837,225.000000
186,2399.000,2006-03-27,31.000,1,3,3.84,E-3AH,1,-288.364450,-573.807209,-29367.006416,225.000000
186,2399.000,2006-03-27,31.000,1,3,3.84,E-3H,1,-103.937526,-1851.453844,-11562.973798,225.000000
186,2399.000,2006-03-27,31.000,1,3,3.84,E-4AH,1,-744.331714,-18.961413,-70108.952936,225.000000
186,2399.000,2006-03-27,31.000,1,3,3.84,F-1H,1,0.000000,6000.000000,0.000000,328.265529
186,2399.000,2006-03-27,31.000,1,3,3.84,F-2H,1,0.000000,6000.000000,0.000000,374.211920
186,2399.000,2006-03-27,31.000,1,3,3.84,F-3H,1,0.000000,6000.000000,0.000000,272.486376
186,2399.000,2006-03-27,31.000,1,3,3.84,F-4H,1,0.000000,5087.643354,0.000000,400.000000
187,2429.000,2006-04-26,30.000,1,3,3.91,B-1H,1,-2828.606357,-3305.212681,-299189.936937,225.000000
187,2429.000,2006-04-26,30.000,1,3,3.91,B-2H,1,-1163.292636,-235.136676,-124061.413929,225.000000
187,2429.000,2006-04-26,30.000,1,3,3.91,B-3H,1,-1624.569073,-5988.837674,-176836.152305,225.000000
187,2429.000,2006-04-26,30.000,1,3,3.91,B-4BH,1,-595.117913,-2282.032579,-62730.808727,225.000000
187,2429.000,2006-04-26,30.000,1,3,3.91,B-4H,1,-1939.672947,-1144.976027,-204672.053257,225.000000
187,2429.000,2006-04-26,30.000,1,3,3.91,C-1H,1,0.000000,6000.000000,0.000000,333.186738
187,2429.000,2006-04-26,30.000,1,3,3.91,C-2H,1,0.000000,6000.000000,0.000000,279.144054
187,2429.000,2006-04-26,30.000,1,3,3.91,C-3H,1,0.000000,6000.000000,0.000000,285.696297
187,2429.000,2006-04-26,30.000,1,3,3.91,C-4AH,1,0.000000,6000.000000,0.000000,386.219800
187,2429.000,2006-04-26,30.000,1,3,3.91,C-4H,1,0.000000,6000.000000,0.000000,258.014333
187,2429.000,2006-04-26,30.000,1,3,3.91,D-1CH,1,-3868.536878,-49.297105,-408076.146314,225.000000
187,2429.000,2006-04-26,30.000,1,3,3.91,D-1H,1,-699.259282,-92.060719,-75284.897109,225.000000
187,2429.000,2006-04-26,30.000,1,3,3.91,D-2H,1,-1103.914654,-1062.121906,-118874.057449,225.000000
187,2429.000,2006-04-26,30.000,1,3,3.91,D-3AH,1,-1964.751135,-4869.479168,-203379.957363,225.000000
187,2429.000,2006-04-26,30.000,1,3,3.91,D-4AH,1,-393.523076,-744.339190,-42136.212569,225.000000
187,2429.000,2006-04-26,30.000,1,3,3.91,D-4H,1,-308.191584,-1133.352569,-32695.742776,225.000000
187,2429.000,2006-04-26,30.000,1,3,3.91,E-1H,1,-1546.280358,-516.539143,-165888.254640,225.000000
187,2429.000,2006-04-26,30.000,1,3,3.91,E-2H,1,-1520.580463,-808.227386,-164759.551540,225.000000
187,2429.000,2006-04-26,30.000,1,3,3.91,E-3AH,1,-291.613652,-580.304680,-29716.082419,225.000000
187,2429.000,2006-04-26,30.000,1,3,3.91,E-3H,1,-102.627860,-1888.295475,-11373.685221,225.000000
187,2429.000,2006-04-26,30.000,1,3,3.91,E-4AH,1,-729.281817,-18.929392,-68691.203112,225.000000
187,2429.000,2006-04-26,30.000,1,3,3.91,F-1H,1,0.000000,6000.000000,0.000000,328.668362
187,2429.000,2006-04-26,30.000,1,3,3.91,F-2H,1,0.000000,6000.000000,0.000000,374.615483
187,2429.000,2006-04-26,30.000,1,3,3.91,F-3H,1,0.000000,6000.000000,0.000000,272.766020
187,2429.000,2006-04-26,30.000,1,3,3.91,F-4H,1,0.000000,5060.442626,0.000000,400.000000
188,2431.000,2006-04-28,2.000,1,2,2.85,B-1H,1,-2822.289671,-3313.312356,-298544.556168,225.000000
188,2431.000,2006-04-28,2.000,1,2,2.85,B-2H,1,-1161.514132,-236.269034,-123887.259297,225.000000
188,2431.000,2006-04-28,2.000,1,2,2.85,B-3H,1,-1623.244156,-6002.390951,-176716.952151,225.000000
188,2431.000,2006-04-28,2.000,1,2,2.85,B-4BH,1,-594.218029,-2287.648517,-62642.828698,225.000000
188,2431.000,2006-04-28,2.000,1,2,2.85,B-4H,1,-1939.669290,-1147.437308,-204691.973938,225.000000
188,2431.000,2006-04-28,2.000,1,2,2.85,C-1H,1,0.000000,6000.000000,0.000000,333.208529
188,2431.000,2006-04-28,2.000,1,2,2.85,C-2H,1,0.000000,6000.000000,0.000000,279.169473
188,2431.000,2006-04-28,2.000,1,2,2.85,C-3H,1,0.000000,6000.000000,0.000000,285.721606
188,2431.000,2006-04-28,2.000,1,2,2.85,C-4AH,1,0.000000,6000.000000,0.000000,386.244375
188,2431.000,2006-04-28,2.000,1,2,2.85,C-4H,1,0.000000,6000.000000,0.000000,258.034279
188,2431.000,2006-04-28,2.000,1,2,2.85,D-1CH,1,-3858.250826,-50.163903,-407045.437512,225.000000
188,2431.000,2006-04-28,2.000,1,2,2.85,D-1H,1,-697.800299,-92.542577,-75131.657819,225.000000
188,2431.000,2006-04-28,2.000,1,2,2.85,D-2H,1,-1102.567584,-1064.792851,-118739.560836,225.000000
188,2431.000,2006-04-28,2.000,1,2,2.85,D-3AH,1,-1962.426507,-4879.562951,-203169.557273,225.000000
188,2431.000,2006-04-28,2.000,1,2,2.85,D-4AH,1,-393.122029,-745.715929,-42096.021793,225.000000
188,2431.000,2006-04-28,2.000,1,2,2.85,D-4H,1,-307.764657,-1135.448969,-32654.027465,225.000000
188,2431.000,2006-04-28,2.000,1,2,2.85,E-1H,1,-1542.163214,-518.948426,-165478.370854,225.000000
188,2431.000,2006-04-28,2.000,1,2,2.85,E-2H,1,-1515.289676,-811.187654,-164212.681438,225.000000
188,2431.000,2006-04-28,2.000,1,2,2.85,E-3AH,1,-291.832292,-580.738150,-29739.587497,225.000000
188,2431.000,2006-04-28,2.000,1,2,2.85,E-3H,1,-102.545560,-1890.760286,-11361.694234,225.000000
188,2431.000,2006-04-28,2.000,1,2,2.85,E-4AH,1,-728.254140,-18.926864,-68594.393156,225.000000
188,2431.000,2006-04-28,2.000,1,2,2.85,F-1H,1,0.000000,6000.000000,0.000000,328.694811
188,2431.000,2006-04-28,2.000,1,2,2.85,F-2H,1,0.000000,6000.000000,0.000000,374.641973
188,2431.000,2006-04-28,2.000,1,2,2.85,F-3H,1,0.000000,6000.000000,0.000000,272.784371
188,2431.000,2006-04-28,2.000,1,2,2.85,F-4H,1,0.000000,5058.450040,0.000000,399.999991
189,2453.000,2006-05-20,22.000,1,4,4.72,B-1H,1,-2725.036831,-3383.035810,-288745.031924,225.000000
189,2453.000,2006-05-20,22.000,1,4,4.72,B-2H,1,-1094.488554,-238.023933,-116856.851157,225.000000
189,2453.000,2006-05-20,22.000,1,4,4.72,B-3H,1,-1583.024841,-6083.995044,-172499.603614,225.000000
189,2453.000,2006-05-20,22.000,1,4,4.72,B-4BH,1,-582.710876,-2337.191252,-61497.562407,225.000000
189,2453.000,2006-05-20,22.000,1,4,4.72,B-4DH,1,-3497.868820,-15.635472,-362197.175550,225.000000
189,2453.000,2006-05-20,22.000,1,4,4.72,B-4H,1,-1868.734197,-1138.286854,-197447.857799,225.000000
189,2453.000,2006-05-20,22.000,1,4,4.72,C-1H,1,0.000000,6000.000000,0.000000,333.189364
189,2453.000,2006-05-20,22.000,1,4,4.72,C-2H,1,0.000000,6000.000000,0.000000,278.776542
189,2453.000,2006-05-20,22.000,1,4,4.72,C-3H,1,0.000000,6000.000000,0.000000,285.215650
189,2453.000,2006-05-20,22.000,1,4,4.72,C-4AH,1,0.000000,6000.000000,0.000000,386.363942
189,2453.000,2006-05-20,22.000,1,4,4.72,C-4H,1,0.000000,6000.000000,0.000000,257.839298
189,2453.000,2006-05-20,22.000,1,4,4.72,D-1CH,1,-3416.064254,-58.791592,-360869.532023,225.000000
189,2453.000,2006-05-20,22.000,1,4,4.72,D-1H,1,-643.210145,-91.733683,-69491.267036,225.000000
189,2453.000,2006-05-20,22.000,1,4,4.72,D-2H,1,-989.453021,-1047.745671,-107320.692971,225.000000
189,2453.000,2006-05-20,22.000,1,4,4.72,D-3AH,1,-1923.473819,-4948.303858,-199129.831000,225.000000
189,2453.000,2006-05-20,22.000,1,4,4.72,D-4AH,1,-388.410650,-759.995501,-41619.855852,225.000000
189,2453.000,2006-05-20,22.000,1,4,4.72,D-4H,1,-295.630549,-1138.661908,-31396.158206,225.000000
189,2453.000,2006-05-20,22.000,1,4,4.72,E-1H,1,-1495.865206,-542.055679,-160816.847996,225.000000
189,2453.000,2006-05-20,22.000,1,4,4.72,E-2H,1,-1458.820693,-837.949499,-158331.152219,225.000000
189,2453.000,2006-05-20,22.000,1,4,4.72,E-3AH,1,-293.785233,-583.974957,-29950.536501,225.000000
189,2453.000,2006-05-20,22.000,1,4,4.72,E-3H,1,-101.518960,-1913.062840,-11220.554674,225.000000
189,2453.000,2006-05-20,22.000,1,4,4.72,E-4AH,1,-716.647638,-19.003862,-67501.025916,225.000000
189,2453.000,2006-05-20,22.000,1,4,4.72,F-1H,1,0.000000,6000.000000,0.000000,328.917416
189,2453.000,2006-05-20,22.000,1,4,4.72,F-2H,1,0.000000,6000.000000,0.000000,374.867777
189,2453.000,2006-05-20,22.000,1,4,4.72,F-3H,1,0.000000,6000.000000,0.000000,272.884250
189,2453.000,2006-05-20,22.000,1,4,4.72,F-4H,1,0.000000,5042.968801,0.000000,400.000000
190,2460.000,2006-05-27,7.000,1,2,2.71,B-1H,1,-2692.842828,-3401.875052,-285436.248608,225.000000
190,2460.000,2006-05-27,7.000,1,2,2.71,B-2H,1,-1076.875490,-238.865913,-114985.968049,225.000000
190,2460.000,2006-05-27,7.000,1,2,2.71,B-3H,1,-1569.545573,-6108.321574,-171073.902400,225.000000
190,2460.000,2006-05-27,7.000,1,2,2.71,B-4BH,1,-578.880446,-2351.910233,-61112.820278,225.000000
190,2460.000,2006-05-27,7.000,1,2,2.71,B-4DH,1,-3287.679313,-18.402380,-340866.468806,225.000000
190,2460.000,2006-05-27,7.000,1,2,2.71,B-4H,1,-1827.708015,-1147.659719,-193109.388770,225.000000
190,2460.000,2006-05-27,7.000,1,2,2.71,C-1H,1,0.000000,6000.000000,0.000000,333.169721
190,2460.000,2006-05-27,7.000,1,2,2.71,C-2H,1,0.000000,6000.000000,0.000000,278.643329
190,2460.000,2006-05-27,7.000,1,2,2.71,C-3H,1,0.000000,6000.000000,0.000000,285.060567
190,2460.000,2006-05-27,7.000,1,2,2.71,C-4AH,1,0.000000,6000.000000,0.000000,386.389648
190,2460.000,2006-05-27,7.000,1,2,2.71,C-4H,1,0.000000,6000.000000,0.000000,257.778090
190,2460.000,2006-05-27,7.000,1,2,2.71,D-1CH,1,-3315.121472,-62.260197,-350188.845089,225.000000
190,2460.000,2006-05-27,7.000,1,2,2.71,D-1H,1,-629.797108,-91.795994,-68084.379204,225.000000
190,2460.000,2006-05-27,7.000,1,2,2.71,D-2H,1,-965.470097,-1047.984072,-104737.540321,225.000000
190,2460.000,2006-05-27,7.000,1,2,2.71,D-3AH,1,-1910.204639,-4966.881794,-197732.178104,225.000000
190,2460.000,2006-05-27,7.000,1,2,2.71,D-4AH,1,-386.946663,-764.610682,-41472.869881,225.000000
190,2460.000,2006-05-27,7.000,1,2,2.71,D-4H,1,-291.495647,-1138.943935,-30963.529326,225.000000
190,2460.000,2006-05-27,7.000,1,2,2.71,E-1H,1,-1481.823704,-549.203710,-159404.454648,225.000000
190,2460.000,2006-05-27,7.000,1,2,2.71,E-2H,1,-1440.933236,-845.743581,-156472.758555,225.000000
190,2460.000,2006-05-27,7.000,1,2,2.71,E-3AH,1,-294.606712,-586.380556,-30041.297283,225.000000
190,2460.000,2006-05-27,7.000,1,2,2.71,E-3H,1,-101.200413,-1919.709643,-11176.987025,225.000000
190,2460.000,2006-05-27,7.000,1,2,2.71,E-4AH,1,-712.968186,-19.041944,-67154.410788,225.000000
190,2460.000,2006-05-27,7.000,1,2,2.71,F-1H,1,0.000000,6000.000000,0.000000,328.985682
190,2460.000,2006-05-27,7.000,1,2,2.71,F-2H,1,0.000000,6000.000000,0.000000,374.932375
190,2460.000,2006-05-27,7.000,1,2,2.71,F-3H,1,0.000000,6000.000000,0.000000,272.907258
190,2460.000,2006-05-27,7.000,1,2,2.71,F-4H,1,0.000000,5038.002582,0.000000,399.999997
191,2474.000,2006-06-10,14.000,1,2,2.81,B-1H,1,-2634.877295,-3441.213871,-279375.213803,225.000000
191,2474.000,2006-06-10,14.000,1,2,2.81,B-2H,1,-1052.900267,-242.557447,-112379.001844,225.000000
191,2474.000,2006-06-10,14.000,1,2,2.81,B-3H,1,-1542.046214,-6154.770143,-168049.011519,225.000000
191,2474.000,2006-06-10,14.000,1,2,2.81,B-4BH,1,-570.973006,-2378.694966,-60304.026606,225.000000
191,2474.000,2006-06-10,14.000,1,2,2.81,B-4DH,1,-2992.732385,-29.097661,-310859.786829,225.000000
191,2474.000,2006-06-10,14.000,1,2,2.81,B-4H,1,-1793.217759,-1152.992165,-189334.021851,225.000000
191,2474.000,2006-06-10,14.000,1,2,2.81,C-1H,1,0.000000,6000.000000,0.000000,333.141074
191,2474.000,2006-06-10,14.000,1,2,2.81,C-2H,1,0.000000,6000.000000,0.000000,278.473300
191,2474.000,2006-06-10,14.000,1,2,2.81,C-3H,1,0.000000,6000.000000,0.000000,284.882812
191,2474.000,2006-06-10,14.000,1,2,2.81,C-4AH,1,0.000000,6000.000000,0.000000,386.424492
191,2474.000,2006-06-10,14.000,1,2,2.81,C-4H,1,0.000000,6000.000000,0.000000,257.717503
191,2474.000,2006-06-10,14.000,1,2,2.81,D-1CH,1,-3172.140222,-71.346463,-334845.449635,225.000000
191,2474.000,2006-06-10,14.000,1,2,2.81,D-1H,1,-613.122101,-93.287072,-66280.183767,225.000000
191,2474.000,2006-06-10,14.000,1,2,2.81,D-2H,1,-936.604830,-1058.765088,-101347.383462,225.000000
191,2474.000,2006-06-10,14.000,1,2,2.81,D-3AH,1,-1883.081375,-5003.910416,-194866.591895,225.000000
191,2474.000,2006-06-10,14.000,1,2,2.81,D-4AH,1,-383.575360,-772.932717,-41125.769331,225.000000
191,2474.000,2006-06-10,14.000,1,2,2.81,D-4H,1,-284.160470,-1142.280630,-30211.193039,225.000000
191,2474.000,2006-06-10,14.000,1,2,2.81,E-1H,1,-1455.051040,-562.497824,-156699.191500,225.000000
191,2474.000,2006-06-10,14.000,1,2,2.81,E-2H,1,-1406.854995,-860.333132,-152917.459265,225.000000
191,2474.000,2006-06-10,14.000,1,2,2.81,E-3AH,1,-295.737315,-588.460230,-30163.688917,225.000000
191,2474.000,2006-06-10,14.000,1,2,2.81,E-3H,1,-100.540810,-1931.668731,-11088.837838,225.000000
191,2474.000,2006-06-10,14.000,1,2,2.81,E-4AH,1,-705.414572,-19.187461,-66442.838411,225.000000
191,2474.000,2006-06-10,14.000,1,2,2.81,F-1H,1,0.000000,6000.000000,0.000000,329.090141
191,2474.000,2006-06-10,14.000,1,2,2.81,F-2H,1,0.000000,6000.000000,0.000000,375.035931
191,2474.000,2006-06-10,14.000,1,2,2.81,F-3H,1,0.000000,6000.000000,0.000000,272.936492
191,2474.000,2006-06-10,14.000,1,2,2.81,F-4H,1,0.000000,5030.003435,0.000000,399.999991
192,2475.000,2006-06-11,1.000,1,2,2.77,B-1H,1,-2630.338977,-3443.083760,-278894.457401,225.000000
192,2475.000,2006-06-11,1.000,1,2,2.77,B-2H,1,-1051.212362,-242.812686,-112194.704564,225.000000
192,2475.000,2006-06-11,1.000,1,2,2.77,B-3H,1,-1540.449947,-6158.963693,-167879.138114,225.000000
192,2475.000,2006-06-11,1.000,1,2,2.77,B-4BH,1,-570.415194,-2380.611844,-60246.966943,225.000000
192,2475.000,2006-06-11,1.000,1,2,2.77,B-4DH,1,-2971.609079,-30.187138,-308729.587697,225.000000
192,2475.000,2006-06-11,1.000,1,2,2.77,B-4H,1,-1790.838738,-1153.243156,-189072.577287,225.000000
192,2475.000,2006-06-11,1.000,1,2,2.77,C-1H,1,0.000000,6000.000000,0.000000,333.139117
192,2475.000,2006-06-11,1.000,1,2,2.77,C-2H,1,0.000000,6000.000000,0.000000,278.461726
192,2475.000,2006-06-11,1.000,1,2,2.77,C-3H,1,0.000000,6000.000000,0.000000,284.870881
192,2475.000,2006-06-11,1.000,1,2,2.77,C-4AH,1,0.000000,6000.000000,0.000000,386.426922
192,2475.000,2006-06-11,1.000,1,2,2.77,C-4H,1,0.000000,6000.000000,0.000000,257.713546
192,2475.000,2006-06-11,1.000,1,2,2.77,D-1CH,1,-3162.223944,-72.110393,-333778.961569,225.000000
192,2475.000,2006-06-11,1.000,1,2,2.77,D-1H,1,-611.862343,-93.360348,-66143.336183,225.000000
192,2475.000,2006-06-11,1.000,1,2,2.77,D-2H,1,-934.674905,-1059.547263,-101117.952760,225.000000
192,2475.000,2006-06-11,1.000,1,2,2.77,D-3AH,1,-1881.083717,-5006.425965,-194655.460265,225.000000
192,2475.000,2006-06-11,1.000,1,2,2.77,D-4AH,1,-383.324273,-773.493727,-41099.690090,225.000000
192,2475.000,2006-06-11,1.000,1,2,2.77,D-4H,1,-283.625127,-1142.423195,-30157.465533,225.000000
192,2475.000,2006-06-11,1.000,1,2,2.77,E-1H,1,-1453.186757,-563.464907,-156511.106889,225.000000
192,2475.000,2006-06-11,1.000,1,2,2.77,E-2H,1,-1404.486515,-861.420438,-152671.329486,225.000000
192,2475.000,2006-06-11,1.000,1,2,2.77,E-3AH,1,-295.819677,-588.612088,-30172.604417,225.000000
192,2475.000,2006-06-11,1.000,1,2,2.77,E-3H,1,-100.498084,-1932.529942,-11083.036977,225.000000
192,2475.000,2006-06-11,1.000,1,2,2.77,E-4AH,1,-704.852210,-19.197638,-66389.862682,225.000000
192,2475.000,2006-06-11,1.000,1,2,2.77,F-1H,1,0.000000,6000.000000,0.000000,329.097484
192,2475.000,2006-06-11,1.000,1,2,2.77,F-2H,1,0.000000,6000.000000,0.000000,375.043206
192,2475.000,2006-06-11,1.000,1,2,2.77,F-3H,1,0.000000,6000.000000,0.000000,272.938496
192,2475.000,2006-06-11,1.000,1,2,2.77,F-4H,1,0.000000,5029.791669,0.000000,400.000002
193,2491.000,2006-06-27,16.000,1,2,3.05,B-1H,1,-2573.884757,-3492.274392,-272937.479562,225.000000
193,2491.000,2006-06-27,16.000,1,2,3.05,B-2H,1,-1032.196967,-248.884726,-110082.856708,225.000000
193,2491.000,2006-06-27,16.000,1,2,3.05,B-3H,1,-1512.522841,-6217.512880,-164757.993121,225.000000
193,2491.000,2006-06-27,16.000,1,2,3.05,B-4BH,1,-561.507085,-2410.040518,-59323.094233,225.000000
193,2491.000,2006-06-27,16.000,1,2,3.05,B-4DH,1,-2672.400915,-51.770009,-278313.873840,225.000000
193,2491.000,2006-06-27,16.000,1,2,3.05,B-4H,1,-1767.397718,-1167.537741,-186449.195676,225.000000
193,2491.000,2006-06-27,16.000,1,2,3.05,C-1H,1,0.000000,6000.000000,0.000000,333.148836
193,2491.000,2006-06-27,16.000,1,2,3.05,C-2H,1,0.000000,6000.000000,0.000000,278.411895
193,2491.000,2006-06-27,16.000,1,2,3.05,C-3H,1,0.000000,6000.000000,0.000000,284.836631
193,2491.000,2006-06-27,16.000,1,2,3.05,C-4AH,1,0.000000,6000.000000,0.000000,386.470278
193,2491.000,2006-06-27,16.000,1,2,3.05,C-4H,1,0.000000,6000.000000,0.000000,257.723202
193,2491.000,2006-06-27,16.000,1,2,3.05,D-1CH,1,-3036.765656,-85.739172,-320251.510005,225.000000
193,2491.000,2006-06-27,16.000,1,2,3.05,D-1H,1,-599.423438,-96.146195,-64750.908386,225.000000
193,2491.000,2006-06-27,16.000,1,2,3.05,D-2H,1,-914.532603,-1078.296215,-98620.739064,225.000000
193,2491.000,2006-06-27,16.000,1,2,3.05,D-3AH,1,-1852.493014,-5053.962518,-191651.223348,225.000000
193,2491.000,2006-06-27,16.000,1,2,3.05,D-4AH,1,-379.312758,-782.451005,-40682.998515,225.000000
193,2491.000,2006-06-27,16.000,1,2,3.05,D-4H,1,-277.049232,-1150.605182,-29468.488978,225.000000
193,2491.000,2006-06-27,16.000,1,2,3.05,E-1H,1,-1424.033500,-577.690573,-153532.878771,225.000000
193,2491.000,2006-06-27,16.000,1,2,3.05,E-2H,1,-1367.787565,-877.169191,-148817.748964,225.000000
193,2491.000,2006-06-27,16.000,1,2,3.05,E-3AH,1,-296.994600,-590.734228,-30300.421176,225.000000
193,2491.000,2006-06-27,16.000,1,2,3.05,E-3H,1,-99.734886,-1945.080186,-10983.191773,225.000000
193,2491.000,2006-06-27,16.000,1,2,3.05,E-4AH,1,-695.839817,-19.486374,-65540.871957,225.000000
193,2491.000,2006-06-27,16.000,1,2,3.05,F-1H,1,0.000000,6000.000000,0.000000,329.191257
193,2491.000,2006-06-27,16.000,1,2,3.05,F-2H,1,0.000000,6000.000000,0.000000,375.135812
193,2491.000,2006-06-27,16.000,1,2,3.05,F-3H,1,0.000000,6000.000000,0.000000,272.966313
193,2491.000,2006-06-27,16.000,1,2,3.05,F-4H,1,0.000000,5021.669705,0.000000,399.999980
194,2510.000,2006-07-16,19.000,1,3,3.95,B-1H,1,-2517.240093,-3555.303213,-266966.548063,225.000000
194,2510.000,2006-07-16,19.000,1,3,3.95,B-2H,1,-1015.103774,-257.929447,-108219.659735,225.000000
194,2510.000,2006-07-16,19.000,1,3,3.95,B-3H,1,-1486.560931,-6297.040329,-161872.339753,225.000000
194,2510.000,2006-07-16,19.000,1,3,3.95,B-4BH,1,-551.337922,-2445.377715,-58262.205687,225.000000
194,2510.000,2006-07-16,19.000,1,3,3.95,B-4DH,1,-2369.942430,-85.361596,-247355.288461,225.000000
194,2510.000,2006-07-16,19.000,1,3,3.95,B-4H,1,-1753.741054,-1190.102762,-184915.729043,225.000000
194,2510.000,2006-07-16,19.000,1,3,3.95,C-1H,1,0.000000,6000.000000,0.000000,333.213039
194,2510.000,2006-07-16,19.000,1,3,3.95,C-2H,1,0.000000,6000.000000,0.000000,278.495810
194,2510.000,2006-07-16,19.000,1,3,3.95,C-3H,1,0.000000,6000.000000,0.000000,284.940822
194,2510.000,2006-07-16,19.000,1,3,3.95,C-4AH,1,0.000000,6000.000000,0.000000,386.540719
194,2510.000,2006-07-16,19.000,1,3,3.95,C-4H,1,0.000000,6000.000000,0.000000,257.806118
194,2510.000,2006-07-16,19.000,1,3,3.95,D-1CH,1,-2902.869035,-104.196491,-305920.947385,225.000000
194,2510.000,2006-07-16,19.000,1,3,3.95,D-1H,1,-589.198115,-100.645419,-63578.994733,225.000000
194,2510.000,2006-07-16,19.000,1,3,3.95,D-2H,1,-899.153527,-1105.003541,-96690.008619,225.000000
194,2510.000,2006-07-16,19.000,1,3,3.95,D-3AH,1,-1822.968072,-5116.991987,-188582.621167,225.000000
194,2510.000,2006-07-16,19.000,1,3,3.95,D-4AH,1,-374.489967,-792.655592,-40178.590523,225.000000
194,2510.000,2006-07-16,19.000,1,3,3.95,D-4H,1,-271.245427,-1164.500180,-28843.532627,225.000000
194,2510.000,2006-07-16,19.000,1,3,3.95,E-1H,1,-1392.321436,-593.895050,-150264.071932,225.000000
194,2510.000,2006-07-16,19.000,1,3,3.95,E-2H,1,-1326.796047,-895.493913,-144471.868906,225.000000
194,2510.000,2006-07-16,19.000,1,3,3.95,E-3AH,1,-298.181261,-592.955862,-30430.305506,225.000000
194,2510.000,2006-07-16,19.000,1,3,3.95,E-3H,1,-98.806833,-1959.317957,-10864.588912,225.000000
194,2510.000,2006-07-16,19.000,1,3,3.95,E-4AH,1,-684.861518,-20.054331,-64506.688319,225.000000
194,2510.000,2006-07-16,19.000,1,3,3.95,F-1H,1,0.000000,6000.000000,0.000000,329.284225
194,2510.000,2006-07-16,19.000,1,3,3.95,F-2H,1,0.000000,6000.000000,0.000000,375.227308
194,2510.000,2006-07-16,19.000,1,3,3.95,F-3H,1,0.000000,6000.000000,0.000000,273.003351
194,2510.000,2006-07-16,19.000,1,3,3.95,F-4H,1,0.000000,5013.659548,0.000000,400.000000
195,2521.000,2006-07-27,11.000,1,2,2.73,B-1H,1,-2486.995238,-3593.115464,-263774.906806,225.000000
195,2521.000,2006-07-27,11.000,1,2,2.73,B-2H,1,-1006.392482,-263.757786,-107293.012284,225.000000
195,2521.000,2006-07-27,11.000,1,2,2.73,B-3H,1,-1473.182781,-6346.094611,-160390.919668,225.000000
195,2521.000,2006-07-27,11.000,1,2,2.73,B-4BH,1,-545.690556,-2466.304716,-57675.165107,225.000000
195,2521.000,2006-07-27,11.000,1,2,2.73,B-4DH,1,-2222.571422,-108.513035,-232220.940085,225.000000
195,2521.000,2006-07-27,11.000,1,2,2.73,B-4H,1,-1749.151301,-1204.277317,-184413.310733,225.000000
195,2521.000,2006-07-27,11.000,1,2,2.73,C-1H,1,0.000000,6000.000000,0.000000,333.264660
195,2521.000,2006-07-27,11.000,1,2,2.73,C-2H,1,0.000000,6000.000000,0.000000,278.581272
195,2521.000,2006-07-27,11.000,1,2,2.73,C-3H,1,0.000000,6000.000000,0.000000,285.035975
195,2521.000,2006-07-27,11.000,1,2,2.73,C-4AH,1,0.000000,6000.000000,0.000000,386.587053
195,2521.000,2006-07-27,11.000,1,2,2.73,C-4H,1,0.000000,6000.000000,0.000000,257.871672
195,2521.000,2006-07-27,11.000,1,2,2.73,D-1CH,1,-2829.048335,-116.293575,-298061.465477,225.000000
195,2521.000,2006-07-27,11.000,1,2,2.73,D-1H,1,-584.860426,-103.487668,-63074.637832,225.000000
195,2521.000,2006-07-27,11.000,1,2,2.73,D-2H,1,-891.831518,-1121.512563,-95817.107585,225.000000
195,2521.000,2006-07-27,11.000,1,2,2.73,D-3AH,1,-1807.267175,-5155.734186,-186963.402024,225.000000
195,2521.000,2006-07-27,11.000,1,2,2.73,D-4AH,1,-371.628412,-798.413894,-39878.177212,225.000000
195,2521.000,2006-07-27,11.000,1,2,2.73,D-4H,1,-268.439236,-1173.607117,-28538.954667,225.000000
195,2521.000,2006-07-27,11.000,1,2,2.73,E-1H,1,-1374.836172,-603.146387,-148453.623302,225.000000
195,2521.000,2006-07-27,11.000,1,2,2.73,E-2H,1,-1304.494566,-906.229523,-142098.864878,225.000000
195,2521.000,2006-07-27,11.000,1,2,2.73,E-3AH,1,-298.799891,-594.163597,-30498.277096,225.000000
195,2521.000,2006-07-27,11.000,1,2,2.73,E-3H,1,-98.265889,-1967.412223,-10796.295149,225.000000
195,2521.000,2006-07-27,11.000,1,2,2.73,E-4AH,1,-678.586278,-20.484764,-63915.543726,225.000000
195,2521.000,2006-07-27,11.000,1,2,2.73,F-1H,1,0.000000,6000.000000,0.000000,329.333914
195,2521.000,2006-07-27,11.000,1,2,2.73,F-2H,1,0.000000,6000.000000,0.000000,375.276183
195,2521.000,2006-07-27,11.000,1,2,2.73,F-3H,1,0.000000,6000.000000,0.000000,273.026631
195,2521.000,2006-07-27,11.000,1,2,2.73,F-4H,1,0.000000,5008.392537,0.000000,399.999977
196,2552.000,2006-08-27,31.000,1,3,3.92,B-1H,1,-2415.643591,-3707.741882,-256439.170114,225.000000
196,2552.000,2006-08-27,31.000,1,3,3.92,B-2H,1,-986.134152,-281.518001,-105254.214463,225.000000
196,2552.000,2006-08-27,31.000,1,3,3.92,B-3H,1,-1441.058922,-6490.951813,-156853.919915,225.000000
196,2552.000,2006-08-27,31.000,1,3,3.92,B-4BH,1,-530.800308,-2525.110303,-56129.158171,225.000000
196,2552.000,2006-08-27,31.000,1,3,3.92,B-4DH,1,-1917.469855,-168.529134,-200860.216209,225.000000
196,2552.000,2006-08-27,31.000,1,3,3.92,B-4H,1,-1748.974138,-1247.404384,-184525.798510,225.000000
196,2552.000,2006-08-27,31.000,1,3,3.92,C-1H,1,0.000000,6000.000000,0.000000,333.467037
196,2552.000,2006-08-27,31.000,1,3,3.92,C-2H,1,0.000000,6000.000000,0.000000,278.961231
196,2552.000,2006-08-27,31.000,1,3,3.92,C-3H,1,0.000000,6000.000000,0.000000,285.425666
196,2552.000,2006-08-27,31.000,1,3,3.92,C-4AH,1,0.000000,6000.000000,0.000000,386.746441
196,2552.000,2006-08-27,31.000,1,3,3.92,C-4H,1,0.000000,6000.000000,0.000000,258.119204
196,2552.000,2006-08-27,31.000,1,3,3.92,D-1CH,1,-2646.092191,-154.382252,-278924.406633,225.000000
196,2552.000,2006-08-27,31.000,1,3,3.92,D-1H,1,-575.467363,-112.619308,-62030.135367,225.000000
196,2552.000,2006-08-27,31.000,1,3,3.92,D-2H,1,-876.508489,-1170.177006,-94191.263520,225.000000
196,2552.000,2006-08-27,31.000,1,3,3.92,D-3AH,1,-1770.389609,-5273.594730,-183213.123580,225.000000
196,2552.000,2006-08-27,31.000,1,3,3.92,D-4AH,1,-363.522110,-814.128795,-39024.037280,225.000000
196,2552.000,2006-08-27,31.000,1,3,3.92,D-4H,1,-263.113209,-1202.721222,-27971.460859,225.000000
196,2552.000,2006-08-27,31.000,1,3,3.92,E-1H,1,-1330.261800,-628.684142,-143849.812597,225.000000
196,2552.000,2006-08-27,31.000,1,3,3.92,E-2H,1,-1251.458915,-935.618185,-136434.020071,225.000000
196,2552.000,2006-08-27,31.000,1,3,3.92,E-3AH,1,-300.015628,-597.223016,-30633.902050,225.000000
196,2552.000,2006-08-27,31.000,1,3,3.92,E-3H,1,-96.747085,-1989.550082,-10609.233370,225.000000
196,2552.000,2006-08-27,31.000,1,3,3.92,E-4AH,1,-660.159519,-22.728689,-62179.694884,225.000000
196,2552.000,2006-08-27,31.000,1,3,3.92,F-1H,1,0.000000,6000.000000,0.000000,329.461678
196,2552.000,2006-08-27,31.000,1,3,3.92,F-2H,1,0.000000,6000.000000,0.000000,375.401934
196,2552.000,2006-08-27,31.000,1,3,3.92,F-3H,1,0.000000,6000.000000,0.000000,273.103967
196,2552.000,2006-08-27,31.000,1,3,3.92,F-4H,1,0.000000,4995.988397,0.000000,400.000000
197,2582.000,2006-09-26,30.000,1,3,3.85,B-1H,1,-2352.789830,-3819.607205,-250032.432753,225.000000
197,2582.000,2006-09-26,30.000,1,3,3.85,B-2H,1,-967.438791,-299.661769,-103428.823853,225.000000
197,2582.000,2006-09-26,30.000,1,3,3.85,B-3H,1,-1413.466295,-6632.751000,-153841.223106,225.000000
197,2582.000,2006-09-26,30.000,1,3,3.85,B-4BH,1,-517.354227,-2581.777038,-54732.981452,225.000000
197,2582.000,2006-09-26,30.000,1,3,3.85,B-4DH,1,-1706.348159,-226.352576,-179204.407465,225.000000
197,2582.000,2006-09-26,30.000,1,3,3.85,B-4H,1,-1753.259475,-1289.146936,-185209.357582,225.000000
197,2582.000,2006-09-26,30.000,1,3,3.85,C-1H,1,0.000000,6000.000000,0.000000,333.682913
197,2582.000,2006-09-26,30.000,1,3,3.85,C-2H,1,0.000000,6000.000000,0.000000,279.377729
197,2582.000,2006-09-26,30.000,1,3,3.85,C-3H,1,0.000000,6000.000000,0.000000,285.840266
197,2582.000,2006-09-26,30.000,1,3,3.85,C-4AH,1,0.000000,6000.000000,0.000000,386.910508
197,2582.000,2006-09-26,30.000,1,3,3.85,C-4H,1,0.000000,6000.000000,0.000000,258.378208
197,2582.000,2006-09-26,30.000,1,3,3.85,D-1CH,1,-2482.295089,-193.120901,-261972.386845,225.000000
197,2582.000,2006-09-26,30.000,1,3,3.85,D-1H,1,-564.757393,-122.243998,-60905.027199,225.000000
197,2582.000,2006-09-26,30.000,1,3,3.85,D-2H,1,-863.697435,-1217.432058,-92940.670319,225.000000
197,2582.000,2006-09-26,30.000,1,3,3.85,D-3AH,1,-1739.241597,-5392.330038,-180061.773343,225.000000
197,2582.000,2006-09-26,30.000,1,3,3.85,D-4AH,1,-355.720103,-828.833918,-38200.709376,225.000000
197,2582.000,2006-09-26,30.000,1,3,3.85,D-4H,1,-259.164867,-1231.650939,-27566.573786,225.000000
197,2582.000,2006-09-26,30.000,1,3,3.85,E-1H,1,-1291.431891,-654.017198,-139818.670639,225.000000
197,2582.000,2006-09-26,30.000,1,3,3.85,E-2H,1,-1206.482715,-963.917307,-131619.967679,225.000000
197,2582.000,2006-09-26,30.000,1,3,3.85,E-3AH,1,-300.736609,-600.038884,-30717.095654,225.000000
197,2582.000,2006-09-26,30.000,1,3,3.85,E-3H,1,-95.346469,-2010.430694,-10439.602180,225.000000
197,2582.000,2006-09-26,30.000,1,3,3.85,E-4AH,1,-642.086840,-26.228491,-60477.203868,225.000000
197,2582.000,2006-09-26,30.000,1,3,3.85,F-1H,1,0.000000,6000.000000,0.000000,329.579252
197,2582.000,2006-09-26,30.000,1,3,3.85,F-2H,1,0.000000,6000.000000,0.000000,375.517656
197,2582.000,2006-09-26,30.000,1,3,3.85,F-3H,1,0.000000,6000.000000,0.000000,273.182401
197,2582.000,2006-09-26,30.000,1,3,3.85,F-4H,1,0.000000,4983.921462,0.000000,400.000000
198,2613.000,2006-10-27,31.000,1,3,3.88,B-1H,1,-2295.886853,-3934.229470,-244233.068527,225.000000
198,2613.000,2006-10-27,31.000,1,3,3.88,B-2H,1,-946.453318,-318.700417,-101378.614677,225.000000
198,2613.000,2006-10-27,31.000,1,3,3.88,B-3H,1,-1387.387345,-6774.464047,-151013.077123,225.000000
198,2613.000,2006-10-27,31.000,1,3,3.88,B-4BH,1,-504.038169,-2639.571870,-53349.753644,225.000000
198,2613.000,2006-10-27,31.000,1,3,3.88,B-4DH,1,-1542.506250,-281.861399,-162415.814208,225.000000
198,2613.000,2006-10-27,31.000,1,3,3.88,B-4H,1,-1758.263806,-1330.606511,-186017.392403,225.000000
198,2613.000,2006-10-27,31.000,1,3,3.88,C-1H,1,0.000000,6000.000000,0.000000,333.904447
198,2613.000,2006-10-27,31.000,1,3,3.88,C-2H,1,0.000000,6000.000000,0.000000,279.809243
198,2613.000,2006-10-27,31.000,1,3,3.88,C-3H,1,0.000000,6000.000000,0.000000,286.262133
198,2613.000,2006-10-27,31.000,1,3,3.88,C-4AH,1,0.000000,6000.000000,0.000000,387.077106
198,2613.000,2006-10-27,31.000,1,3,3.88,C-4H,1,0.000000,6000.000000,0.000000,258.642424
198,2613.000,2006-10-27,31.000,1,3,3.88,D-1CH,1,-2332.674522,-234.204760,-246615.691584,225.000000
198,2613.000,2006-10-27,31.000,1,3,3.88,D-1H,1,-552.023123,-132.704906,-59597.729477,225.000000
198,2613.000,2006-10-27,31.000,1,3,3.88,D-2H,1,-851.147210,-1265.589716,-91763.533838,225.000000
198,2613.000,2006-10-27,31.000,1,3,3.88,D-3AH,1,-1708.780907,-5515.123831,-176984.609875,225.000000
198,2613.000,2006-10-27,31.000,1,3,3.88,D-4AH,1,-347.644542,-843.539429,-37347.269706,225.000000
198,2613.000,2006-10-27,31.000,1,3,3.88,D-4H,1,-255.973125,-1261.362845,-27255.285257,225.000000
198,2613.000,2006-10-27,31.000,1,3,3.88,E-1H,1,-1255.463564,-679.720326,-136073.053778,225.000000
198,2613.000,2006-10-27,31.000,1,3,3.88,E-2H,1,-1162.978540,-992.371530,-126951.461638,225.000000
198,2613.000,2006-10-27,31.000,1,3,3.88,E-3AH,1,-301.038845,-602.839698,-30756.391972,225.000000
198,2613.000,2006-10-27,31.000,1,3,3.88,E-3H,1,-93.945100,-2031.355012,-10272.562959,225.000000
198,2613.000,2006-10-27,31.000,1,3,3.88,E-4AH,1,-623.329287,-31.540246,-58710.201658,225.000000
198,2613.000,2006-10-27,31.000,1,3,3.88,F-1H,1,0.000000,6000.000000,0.000000,329.694664
198,2613.000,2006-10-27,31.000,1,3,3.88,F-2H,1,0.000000,6000.000000,0.000000,375.631129
198,2613.000,2006-10-27,31.000,1,3,3.88,F-3H,1,0.000000,6000.000000,0.000000,273.261165
198,2613.000,2006-10-27,31.000,1,3,3.88,F-4H,1,0.000000,4972.092939,0.000000,400.000000
199,2624.000,2006-11-07,11.000,1,2,2.89,B-1H,1,-2276.157789,-3974.397648,-242195.791879,225.000000
199,2624.000,2006-11-07,11.000,1,2,2.89,B-2H,1,-938.598629,-325.612647,-100606.293422,225.000000
199,2624.000,2006-11-07,11.000,1,2,2.89,B-3H,1,-1378.586362,-6825.590395,-150066.980397,225.000000
199,2624.000,2006-11-07,11.000,1,2,2.89,B-4BH,1,-499.355043,-2660.002376,-52863.222826,225.000000
199,2624.000,2006-11-07,11.000,1,2,2.89,B-4DH,1,-1493.773131,-302.589847,-157431.756624,225.000000
199,2624.000,2006-11-07,11.000,1,2,2.89,B-4H,1,-1759.812209,-1345.053863,-186282.590056,225.000000
199,2624.000,2006-11-07,11.000,1,2,2.89,C-1H,1,0.000000,6000.000000,0.000000,333.982124
199,2624.000,2006-11-07,11.000,1,2,2.89,C-2H,1,0.000000,6000.000000,0.000000,279.960825
199,2624.000,2006-11-07,11.000,1,2,2.89,C-3H,1,0.000000,6000.000000,0.000000,286.409119
199,2624.000,2006-11-07,11.000,1,2,2.89,C-4AH,1,0.000000,6000.000000,0.000000,387.135156
199,2624.000,2006-11-07,11.000,1,2,2.89,C-4H,1,0.000000,6000.000000,0.000000,258.734786
199,2624.000,2006-11-07,11.000,1,2,2.89,D-1CH,1,-2281.973861,-249.453375,-241418.236172,225.000000
199,2624.000,2006-11-07,11.000,1,2,2.89,D-1H,1,-546.878545,-136.356683,-59068.956948,225.000000
199,2624.000,2006-11-07,11.000,1,2,2.89,D-2H,1,-846.795330,-1282.696531,-91360.336897,225.000000
199,2624.000,2006-11-07,11.000,1,2,2.89,D-3AH,1,-1698.416419,-5558.425029,-175937.703493,225.000000
199,2624.000,2006-11-07,11.000,1,2,2.89,D-4AH,1,-344.767932,-848.694009,-37042.880323,225.000000
199,2624.000,2006-11-07,11.000,1,2,2.89,D-4H,1,-254.828709,-1271.786452,-27144.439695,225.000000
199,2624.000,2006-11-07,11.000,1,2,2.89,E-1H,1,-1243.216585,-688.786733,-134820.931641,225.000000
199,2624.000,2006-11-07,11.000,1,2,2.89,E-2H,1,-1147.822897,-1002.499960,-125323.274066,225.000000
199,2624.000,2006-11-07,11.000,1,2,2.89,E-3AH,1,-301.093713,-603.818300,-30764.808546,225.000000
199,2624.000,2006-11-07,11.000,1,2,2.89,E-3H,1,-93.452848,-2038.713400,-10214.236255,225.000000
199,2624.000,2006-11-07,11.000,1,2,2.89,E-4AH,1,-616.523497,-33.780316,-58069.085708,225.000000
199,2624.000,2006-11-07,11.000,1,2,2.89,F-1H,1,0.000000,6000.000000,0.000000,329.734719
199,2624.000,2006-11-07,11.000,1,2,2.89,F-2H,1,0.000000,6000.000000,0.000000,375.670492
199,2624.000,2006-11-07,11.000,1,2,2.89,F-3H,1,0.000000,6000.000000,0.000000,273.288196
199,2624.000,2006-11-07,11.000,1,2,2.89,F-4H,1,0.000000,4967.488768,0.000000,400.000007
200,2638.000,2006-11-21,14.000,1,3,3.78,B-1H,1,-2252.838807,-4026.104207,-239804.048119,225.000000
200,2638.000,2006-11-21,14.000,1,3,3.78,B-2H,1,-928.375097,-334.460629,-99596.647675,225.000000
200,2638.000,2006-11-21,14.000,1,3,3.78,B-3H,1,-1367.213721,-6887.719610,-148840.047797,225.000000
200,2638.000,2006-11-21,14.000,1,3,3.78,B-4BH,1,-493.441754,-2685.901609,-52248.899654,225.000000
200,2638.000,2006-11-21,14.000,1,3,3.78,B-4DH,1,-1438.024338,-327.940470,-151718.200183,225.000000
200,2638.000,2006-11-21,14.000,1,3,3.78,B-4H,1,-1761.455068,-1363.158003,-186585.373824,225.000000
200,2638.000,2006-11-21,14.000,1,3,3.78,C-1H,1,0.000000,6000.000000,0.000000,334.077646
200,2638.000,2006-11-21,14.000,1,3,3.78,C-2H,1,0.000000,6000.000000,0.000000,280.147313
200,2638.000,2006-11-21,14.000,1,3,3.78,C-3H,1,0.000000,6000.000000,0.000000,286.589205
200,2638.000,2006-11-21,14.000,1,3,3.78,C-4AH,1,0.000000,6000.000000,0.000000,387.206811
200,2638.000,2006-11-21,14.000,1,3,3.78,C-4H,1,0.000000,6000.000000,0.000000,258.848667
200,2638.000,2006-11-21,14.000,1,3,3.78,D-1CH,1,-2222.623184,-268.386440,-235362.377327,225.000000
200,2638.000,2006-11-21,14.000,1,3,3.78,D-1H,1,-540.260206,-141.309376,-58392.502976,225.000000
200,2638.000,2006-11-21,14.000,1,3,3.78,D-2H,1,-840.949737,-1303.927762,-90815.503705,225.000000
200,2638.000,2006-11-21,14.000,1,3,3.78,D-3AH,1,-1685.194734,-5612.601064,-174600.506862,225.000000
200,2638.000,2006-11-21,14.000,1,3,3.78,D-4AH,1,-341.133231,-855.185651,-36658.410048,225.000000
200,2638.000,2006-11-21,14.000,1,3,3.78,D-4H,1,-253.365402,-1284.873134,-27004.077369,225.000000
200,2638.000,2006-11-21,14.000,1,3,3.78,E-1H,1,-1227.538743,-700.364575,-133204.906970,225.000000
200,2638.000,2006-11-21,14.000,1,3,3.78,E-2H,1,-1129.003812,-1015.249203,-123300.563807,225.000000
200,2638.000,2006-11-21,14.000,1,3,3.78,E-3AH,1,-301.083005,-605.037691,-30766.939428,225.000000
200,2638.000,2006-11-21,14.000,1,3,3.78,E-3H,1,-92.781118,-2047.923182,-10133.593001,225.000000
200,2638.000,2006-11-21,14.000,1,3,3.78,E-4AH,1,-607.771292,-36.935931,-57244.615759,225.000000
200,2638.000,2006-11-21,14.000,1,3,3.78,F-1H,1,0.000000,6000.000000,0.000000,329.784112
200,2638.000,2006-11-21,14.000,1,3,3.78,F-2H,1,0.000000,6000.000000,0.000000,375.718959
200,2638.000,2006-11-21,14.000,1,3,3.78,F-3H,1,0.000000,6000.000000,0.000000,273.321030
200,2638.000,2006-11-21,14.000,1,3,3.78,F-4H,1,0.000000,4962.966138,0.000000,400.000000
201,2644.000,2006-11-27,6.000,1,2,2.97,B-1H,1,-2242.796546,-4047.680977,-238770.671660,225.000000
201,2644.000,2006-11-27,6.000,1,2,2.97,B-2H,1,-923.839828,-338.241476,-99146.450038,225.000000
201,2644.000,2006-11-27,6.000,1,2,2.97,B-3H,1,-1362.466264,-6914.693878,-148331.546913,225.000000
201,2644.000,2006-11-27,6.000,1,2,2.97,B-4BH,1,-490.916104,-2697.031710,-51986.584628,225.000000
201,2644.000,2006-11-27,6.000,1,2,2.97,B-4DH,1,-1414.838262,-338.563229,-149336.436926,225.000000
201,2644.000,2006-11-27,6.000,1,2,2.97,B-4H,1,-1762.082089,-1370.804270,-186706.433721,225.000000
201,2644.000,2006-11-27,6.000,1,2,2.97,C-1H,1,0.000000,6000.000000,0.000000,334.117887
201,2644.000,2006-11-27,6.000,1,2,2.97,C-2H,1,0.000000,6000.000000,0.000000,280.225736
201,2644.000,2006-11-27,6.000,1,2,2.97,C-3H,1,0.000000,6000.000000,0.000000,286.665065
201,2644.000,2006-11-27,6.000,1,2,2.97,C-4AH,1,0.000000,6000.000000,0.000000,387.237285
201,2644.000,2006-11-27,6.000,1,2,2.97,C-4H,1,0.000000,6000.000000,0.000000,258.896709
201,2644.000,2006-11-27,6.000,1,2,2.97,D-1CH,1,-2198.136467,-276.546399,-232865.701569,225.000000
201,2644.000,2006-11-27,6.000,1,2,2.97,D-1H,1,-537.265919,-143.390351,-58085.330847,225.000000
201,2644.000,2006-11-27,6.000,1,2,2.97,D-2H,1,-838.475762,-1312.969920,-90585.606395,225.000000
201,2644.000,2006-11-27,6.000,1,2,2.97,D-3AH,1,-1679.477493,-5635.597132,-174021.667139,225.000000
201,2644.000,2006-11-27,6.000,1,2,2.97,D-4AH,1,-339.580654,-857.968507,-36494.013795,225.000000
201,2644.000,2006-11-27,6.000,1,2,2.97,D-4H,1,-252.722242,-1290.417901,-26942.398019,225.000000
201,2644.000,2006-11-27,6.000,1,2,2.97,E-1H,1,-1220.836825,-705.355117,-132510.351678,225.000000
201,2644.000,2006-11-27,6.000,1,2,2.97,E-2H,1,-1121.138149,-1020.770075,-122455.880324,225.000000
201,2644.000,2006-11-27,6.000,1,2,2.97,E-3AH,1,-301.065280,-605.558544,-30766.453117,225.000000
201,2644.000,2006-11-27,6.000,1,2,2.97,E-3H,1,-92.501086,-2051.852157,-10100.030557,225.000000
201,2644.000,2006-11-27,6.000,1,2,2.97,E-4AH,1,-603.906652,-38.391280,-56880.563604,225.000000
201,2644.000,2006-11-27,6.000,1,2,2.97,F-1H,1,0.000000,6000.000000,0.000000,329.804928
201,2644.000,2006-11-27,6.000,1,2,2.97,F-2H,1,0.000000,6000.000000,0.000000,375.739374
201,2644.000,2006-11-27,6.000,1,2,2.97,F-3H,1,0.000000,6000.000000,0.000000,273.334668
201,2644.000,2006-11-27,6.000,1,2,2.97,F-4H,1,0.000000,4960.432264,0.000000,399.999978
202,2672.000,2006-12-25,28.000,1,3,4.01,B-1H,1,-2198.202917,-4145.472517,-234215.105274,225.000000
202,2672.000,2006-12-25,28.000,1,3,4.01,B-2H,1,-902.397157,-355.485854,-96999.826362,225.000000
202,2672.000,2006-12-25,28.000,1,3,4.01,B-3H,1,-1339.793785,-7031.439758,-145902.227280,225.000000
202,2672.000,2006-12-25,28.000,1,3,4.01,B-4BH,1,-479.481499,-2746.708628,-50796.044668,225.000000
202,2672.000,2006-12-25,28.000,1,3,4.01,B-4DH,1,-1320.713705,-382.356413,-139645.278135,225.000000
202,2672.000,2006-12-25,28.000,1,3,4.01,B-4H,1,-1762.554539,-1405.238521,-186992.622396,225.000000
202,2672.000,2006-12-25,28.000,1,3,4.01,C-1H,1,0.000000,6000.000000,0.000000,334.287740
202,2672.000,2006-12-25,28.000,1,3,4.01,C-2H,1,0.000000,6000.000000,0.000000,280.557322
202,2672.000,2006-12-25,28.000,1,3,4.01,C-3H,1,0.000000,6000.000000,0.000000,286.985390
202,2672.000,2006-12-25,28.000,1,3,4.01,C-4AH,1,0.000000,6000.000000,0.000000,387.367000
202,2672.000,2006-12-25,28.000,1,3,4.01,C-4H,1,0.000000,6000.000000,0.000000,259.102317
202,2672.000,2006-12-25,28.000,1,3,4.01,D-1CH,1,-2095.939976,-311.693322,-222459.620766,225.000000
202,2672.000,2006-12-25,28.000,1,3,4.01,D-1H,1,-524.848389,-153.029640,-56819.894433,225.000000
202,2672.000,2006-12-25,28.000,1,3,4.01,D-2H,1,-826.067959,-1353.203057,-89413.010675,225.000000
202,2672.000,2006-12-25,28.000,1,3,4.01,D-3AH,1,-1652.599702,-5738.814275,-171286.032021,225.000000
202,2672.000,2006-12-25,28.000,1,3,4.01,D-4AH,1,-332.454348,-870.496786,-35739.148041,225.000000
202,2672.000,2006-12-25,28.000,1,3,4.01,D-4H,1,-249.859755,-1315.015551,-26670.027419,225.000000
202,2672.000,2006-12-25,28.000,1,3,4.01,E-1H,1,-1189.684016,-728.045285,-129245.355250,225.000000
202,2672.000,2006-12-25,28.000,1,3,4.01,E-2H,1,-1086.180159,-1045.140648,-118694.066188,225.000000
202,2672.000,2006-12-25,28.000,1,3,4.01,E-3AH,1,-300.695326,-607.929222,-30733.548723,225.000000
202,2672.000,2006-12-25,28.000,1,3,4.01,E-3H,1,-91.224904,-2069.360095,-9948.900144,225.000000
202,2672.000,2006-12-25,28.000,1,3,4.01,E-4AH,1,-587.231341,-46.360215,-55309.727028,225.000000
202,2672.000,2006-12-25,28.000,1,3,4.01,F-1H,1,0.000000,6000.000000,0.000000,329.893838
202,2672.000,2006-12-25,28.000,1,3,4.01,F-2H,1,0.000000,6000.000000,0.000000,375.826367
202,2672.000,2006-12-25,28.000,1,3,4.01,F-3H,1,0.000000,6000.000000,0.000000,273.390346
202,2672.000,2006-12-25,28.000,1,3,4.01,F-4H,1,0.000000,4951.791053,0.000000,400.000000
203,2694.000,2007-01-16,22.000,1,3,3.81,B-1H,1,-2163.742994,-4218.656665,-230666.996136,225.000000
203,2694.000,2007-01-16,22.000,1,3,3.81,B-2H,1,-885.740886,-368.867585,-95321.336169,225.000000
203,2694.000,2007-01-16,22.000,1,3,3.81,B-3H,1,-1322.308855,-7121.751368,-144043.756331,225.000000
203,2694.000,2007-01-16,22.000,1,3,3.81,B-4BH,1,-470.827126,-2784.530637,-49894.054745,225.000000
203,2694.000,2007-01-16,22.000,1,3,3.81,B-4DH,1,-1256.536522,-415.686836,-133037.570463,225.000000
203,2694.000,2007-01-16,22.000,1,3,3.81,B-4H,1,-1760.958841,-1431.635334,-186994.562309,225.000000
203,2694.000,2007-01-16,22.000,1,3,3.81,C-1H,1,0.000000,6000.000000,0.000000,334.410324
203,2694.000,2007-01-16,22.000,1,3,3.81,C-2H,1,0.000000,6000.000000,0.000000,280.797038
203,2694.000,2007-01-16,22.000,1,3,3.81,C-3H,1,0.000000,6000.000000,0.000000,287.216859
203,2694.000,2007-01-16,22.000,1,3,3.81,C-4AH,1,0.000000,6000.000000,0.000000,387.460417
203,2694.000,2007-01-16,22.000,1,3,3.81,C-4H,1,0.000000,6000.000000,0.000000,259.252104
203,2694.000,2007-01-16,22.000,1,3,3.81,D-1CH,1,-2019.845309,-338.212575,-214684.931058,225.000000
203,2694.000,2007-01-16,22.000,1,3,3.81,D-1H,1,-515.096829,-160.367157,-55820.668191,225.000000
203,2694.000,2007-01-16,22.000,1,3,3.81,D-2H,1,-815.797151,-1383.825302,-88429.133268,225.000000
203,2694.000,2007-01-16,22.000,1,3,3.81,D-3AH,1,-1631.747465,-5817.656057,-169169.282788,225.000000
203,2694.000,2007-01-16,22.000,1,3,3.81,D-4AH,1,-326.888175,-880.058950,-35148.805528,225.000000
203,2694.000,2007-01-16,22.000,1,3,3.81,D-4H,1,-247.708211,-1333.508364,-26465.237447,225.000000
203,2694.000,2007-01-16,22.000,1,3,3.81,E-1H,1,-1165.638521,-745.460812,-126711.350115,225.000000
203,2694.000,2007-01-16,22.000,1,3,3.81,E-2H,1,-1060.867217,-1064.249481,-115973.194133,225.000000
203,2694.000,2007-01-16,22.000,1,3,3.81,E-3AH,1,-300.327960,-609.737945,-30699.254234,225.000000
203,2694.000,2007-01-16,22.000,1,3,3.81,E-3H,1,-90.238126,-2082.605723,-9833.116700,225.000000
203,2694.000,2007-01-16,22.000,1,3,3.81,E-4AH,1,-573.620756,-53.298118,-54027.607766,225.000000
203,2694.000,2007-01-16,22.000,1,3,3.81,F-1H,1,0.000000,6000.000000,0.000000,329.957665
203,2694.000,2007-01-16,22.000,1,3,3.81,F-2H,1,0.000000,6000.000000,0.000000,375.888657
203,2694.000,2007-01-16,22.000,1,3,3.81,F-3H,1,0.000000,6000.000000,0.000000,273.427552
203,2694.000,2007-01-16,22.000,1,3,3.81,F-4H,1,0.000000,4945.299398,0.000000,400.000000
204,2695.000,2007-01-17,1.000,1,2,2.65,B-1H,1,-2161.947922,-4221.074032,-230477.237646,225.000000
204,2695.000,2007-01-17,1.000,1,2,2.65,B-2H,1,-884.921103,-369.441439,-95238.100550,225.000000
204,2695.000,2007-01-17,1.000,1,2,2.65,B-3H,1,-1321.792278,-7126.687500,-143995.159052,225.000000
204,2695.000,2007-01-17,1.000,1,2,2.65,B-4BH,1,-470.435221,-2786.269063,-49853.203913,225.000000
204,2695.000,2007-01-17,1.000,1,2,2.65,B-4DH,1,-1253.461609,-417.225527,-132719.353771,225.000000
204,2695.000,2007-01-17,1.000,1,2,2.65,B-4H,1,-1760.891800,-1432.710648,-186994.866656,225.000000
204,2695.000,2007-01-17,1.000,1,2,2.65,C-1H,1,0.000000,6000.000000,0.000000,334.415894
204,2695.000,2007-01-17,1.000,1,2,2.65,C-2H,1,0.000000,6000.000000,0.000000,280.807923
204,2695.000,2007-01-17,1.000,1,2,2.65,C-3H,1,0.000000,6000.000000,0.000000,287.227354
204,2695.000,2007-01-17,1.000,1,2,2.65,C-4AH,1,0.000000,6000.000000,0.000000,387.464645
204,2695.000,2007-01-17,1.000,1,2,2.65,C-4H,1,0.000000,6000.000000,0.000000,259.258824
204,2695.000,2007-01-17,1.000,1,2,2.65,D-1CH,1,-2016.055046,-339.392570,-214293.923234,225.000000
204,2695.000,2007-01-17,1.000,1,2,2.65,D-1H,1,-514.478148,-160.604228,-55755.678596,225.000000
204,2695.000,2007-01-17,1.000,1,2,2.65,D-2H,1,-815.362190,-1385.207532,-88387.566454,225.000000
204,2695.000,2007-01-17,1.000,1,2,2.65,D-3AH,1,-1630.744088,-5821.077250,-169067.087932,225.000000
204,2695.000,2007-01-17,1.000,1,2,2.65,D-4AH,1,-326.623105,-880.451019,-35120.462646,225.000000
204,2695.000,2007-01-17,1.000,1,2,2.65,D-4H,1,-247.600855,-1334.272806,-26454.848889,225.000000
204,2695.000,2007-01-17,1.000,1,2,2.65,E-1H,1,-1164.596046,-746.281810,-126601.956953,225.000000
204,2695.000,2007-01-17,1.000,1,2,2.65,E-2H,1,-1059.774711,-1065.171294,-115856.316552,225.000000
204,2695.000,2007-01-17,1.000,1,2,2.65,E-3AH,1,-300.314767,-609.820997,-30698.066534,225.000000
204,2695.000,2007-01-17,1.000,1,2,2.65,E-3H,1,-90.195224,-2083.222747,-9828.072386,225.000000
204,2695.000,2007-01-17,1.000,1,2,2.65,E-4AH,1,-572.351932,-53.598111,-53908.093534,225.000000
204,2695.000,2007-01-17,1.000,1,2,2.65,F-1H,1,0.000000,6000.000000,0.000000,329.960546
204,2695.000,2007-01-17,1.000,1,2,2.65,F-2H,1,0.000000,6000.000000,0.000000,375.891468
204,2695.000,2007-01-17,1.000,1,2,2.65,F-3H,1,0.000000,6000.000000,0.000000,273.429233
204,2695.000,2007-01-17,1.000,1,2,2.65,F-4H,1,0.000000,4944.788956,0.000000,400.000008
205,2703.000,2007-01-25,8.000,1,2,2.88,B-1H,1,-2149.759346,-4247.973828,-229216.136246,225.000000
205,2703.000,2007-01-25,8.000,1,2,2.88,B-2H,1,-878.834295,-374.295164,-94622.412659,225.000000
205,2703.000,2007-01-25,8.000,1,2,2.88,B-3H,1,-1315.476904,-7158.408119,-143319.800374,225.000000
205,2703.000,2007-01-25,8.000,1,2,2.88,B-4BH,1,-467.288378,-2799.880703,-49524.826150,225.000000
205,2703.000,2007-01-25,8.000,1,2,2.88,B-4DH,1,-1231.622848,-429.569589,-130472.080069,225.000000
205,2703.000,2007-01-25,8.000,1,2,2.88,B-4H,1,-1760.263293,-1442.335172,-186988.873628,225.000000
205,2703.000,2007-01-25,8.000,1,2,2.88,C-1H,1,0.000000,6000.000000,0.000000,334.458917
205,2703.000,2007-01-25,8.000,1,2,2.88,C-2H,1,0.000000,6000.000000,0.000000,280.892111
205,2703.000,2007-01-25,8.000,1,2,2.88,C-3H,1,0.000000,6000.000000,0.000000,287.308535
205,2703.000,2007-01-25,8.000,1,2,2.88,C-4AH,1,0.000000,6000.000000,0.000000,387.497292
205,2703.000,2007-01-25,8.000,1,2,2.88,C-4H,1,0.000000,6000.000000,0.000000,259.311559
205,2703.000,2007-01-25,8.000,1,2,2.88,D-1CH,1,-1989.653344,-349.090427,-211595.359988,225.000000
205,2703.000,2007-01-25,8.000,1,2,2.88,D-1H,1,-510.954611,-163.298470,-55394.001084,225.000000
205,2703.000,2007-01-25,8.000,1,2,2.88,D-2H,1,-811.881691,-1396.250751,-88056.561301,225.000000
205,2703.000,2007-01-25,8.000,1,2,2.88,D-3AH,1,-1623.109404,-5849.584462,-168292.377302,225.000000
205,2703.000,2007-01-25,8.000,1,2,2.88,D-4AH,1,-324.602506,-883.974155,-34906.284585,225.000000
205,2703.000,2007-01-25,8.000,1,2,2.88,D-4H,1,-246.792015,-1340.940116,-26377.367784,225.000000
205,2703.000,2007-01-25,8.000,1,2,2.88,E-1H,1,-1156.024230,-752.529984,-125697.276516,225.000000
205,2703.000,2007-01-25,8.000,1,2,2.88,E-2H,1,-1050.668380,-1072.063113,-114875.791888,225.000000
205,2703.000,2007-01-25,8.000,1,2,2.88,E-3AH,1,-300.168831,-610.469531,-30684.235045,225.000000
205,2703.000,2007-01-25,8.000,1,2,2.88,E-3H,1,-89.837893,-2087.950230,-9786.316650,225.000000
205,2703.000,2007-01-25,8.000,1,2,2.88,E-4AH,1,-567.906244,-56.353109,-53489.304349,225.000000
205,2703.000,2007-01-25,8.000,1,2,2.88,F-1H,1,0.000000,6000.000000,0.000000,329.982777
205,2703.000,2007-01-25,8.000,1,2,2.88,F-2H,1,0.000000,6000.000000,0.000000,375.913121
205,2703.000,2007-01-25,8.000,1,2,2.88,F-3H,1,0.000000,6000.000000,0.000000,273.441779
205,2703.000,2007-01-25,8.000,1,2,2.88,F-4H,1,0.000000,4942.246182,0.000000,399.999949
206,2726.000,2007-02-17,23.000,1,3,3.89,B-1H,1,-2116.274953,-4321.684123,-225757.503096,225.000000
206,2726.000,2007-02-17,23.000,1,3,3.89,B-2H,1,-860.935459,-388.003257,-92797.356687,225.000000
206,2726.000,2007-02-17,23.000,1,3,3.89,B-3H,1,-1297.531872,-7244.850101,-141409.019099,225.000000
206,2726.000,2007-02-17,23.000,1,3,3.89,B-4BH,1,-458.350858,-2837.552807,-48590.945140,225.000000
206,2726.000,2007-02-17,23.000,1,3,3.89,B-4DH,1,-1174.507773,-462.997914,-124592.963366,225.000000
206,2726.000,2007-02-17,23.000,1,3,3.89,B-4H,1,-1756.179029,-1468.866912,-186711.547223,225.000000
206,2726.000,2007-02-17,23.000,1,3,3.89,C-1H,1,0.000000,6000.000000,0.000000,334.569527
206,2726.000,2007-02-17,23.000,1,3,3.89,C-2H,1,0.000000,6000.000000,0.000000,281.110140
206,2726.000,2007-02-17,23.000,1,3,3.89,C-3H,1,0.000000,6000.000000,0.000000,287.518722
206,2726.000,2007-02-17,23.000,1,3,3.89,C-4AH,1,0.000000,6000.000000,0.000000,387.581303
206,2726.000,2007-02-17,23.000,1,3,3.89,C-4H,1,0.000000,6000.000000,0.000000,259.449283
206,2726.000,2007-02-17,23.000,1,3,3.89,D-1CH,1,-1920.620637,-375.364060,-204540.312716,225.000000
206,2726.000,2007-02-17,23.000,1,3,3.89,D-1H,1,-499.907691,-170.651821,-54251.123397,225.000000
206,2726.000,2007-02-17,23.000,1,3,3.89,D-2H,1,-801.419965,-1426.839083,-87047.010209,225.000000
206,2726.000,2007-02-17,23.000,1,3,3.89,D-3AH,1,-1600.603595,-5928.300073,-165999.689976,225.000000
206,2726.000,2007-02-17,23.000,1,3,3.89,D-4AH,1,-318.810800,-893.686514,-34291.613540,225.000000
206,2726.000,2007-02-17,23.000,1,3,3.89,D-4H,1,-244.261684,-1359.035490,-26130.806793,225.000000
206,2726.000,2007-02-17,23.000,1,3,3.89,E-1H,1,-1131.644523,-770.264071,-123118.041281,225.000000
206,2726.000,2007-02-17,23.000,1,3,3.89,E-2H,1,-1025.442762,-1091.277279,-112155.876158,225.000000
206,2726.000,2007-02-17,23.000,1,3,3.89,E-3AH,1,-299.544964,-612.279467,-30622.804724,225.000000
206,2726.000,2007-02-17,23.000,1,3,3.89,E-3H,1,-88.853111,-2100.872448,-9671.898722,225.000000
206,2726.000,2007-02-17,23.000,1,3,3.89,E-4AH,1,-554.237847,-64.543779,-52201.747690,225.000000
206,2726.000,2007-02-17,23.000,1,3,3.89,F-1H,1,0.000000,6000.000000,0.000000,330.039845
206,2726.000,2007-02-17,23.000,1,3,3.89,F-2H,1,0.000000,6000.000000,0.000000,375.968474
206,2726.000,2007-02-17,23.000,1,3,3.89,F-3H,1,0.000000,6000.000000,0.000000,273.471247
206,2726.000,2007-02-17,23.000,1,3,3.89,F-4H,1,0.000000,4936.996172,0.000000,400.000000
207,2733.000,2007-02-24,7.000,1,2,2.94,B-1H,1,-2106.132059,-4343.212313,-224704.637591,225.000000
207,2733.000,2007-02-24,7.000,1,2,2.94,B-2H,1,-855.661319,-392.190714,-92259.431395,225.000000
207,2733.000,2007-02-24,7.000,1,2,2.94,B-3H,1,-1292.276367,-7271.434002,-140855.613780,225.000000
207,2733.000,2007-02-24,7.000,1,2,2.94,B-4BH,1,-455.679062,-2848.976683,-48311.908983,225.000000
207,2733.000,2007-02-24,7.000,1,2,2.94,B-4DH,1,-1158.092347,-473.116745,-122903.800221,225.000000
207,2733.000,2007-02-24,7.000,1,2,2.94,B-4H,1,-1754.651880,-1476.783109,-186595.035960,225.000000
207,2733.000,2007-02-24,7.000,1,2,2.94,C-1H,1,0.000000,6000.000000,0.000000,334.602114
207,2733.000,2007-02-24,7.000,1,2,2.94,C-2H,1,0.000000,6000.000000,0.000000,281.174560
207,2733.000,2007-02-24,7.000,1,2,2.94,C-3H,1,0.000000,6000.000000,0.000000,287.580788
207,2733.000,2007-02-24,7.000,1,2,2.94,C-4AH,1,0.000000,6000.000000,0.000000,387.605897
207,2733.000,2007-02-24,7.000,1,2,2.94,C-4H,1,0.000000,6000.000000,0.000000,259.489954
207,2733.000,2007-02-24,7.000,1,2,2.94,D-1CH,1,-1900.201743,-383.553517,-202450.754411,225.000000
207,2733.000,2007-02-24,7.000,1,2,2.94,D-1H,1,-496.261515,-172.779401,-53871.387873,225.000000
207,2733.000,2007-02-24,7.000,1,2,2.94,D-2H,1,-798.162821,-1436.054545,-86731.409697,225.000000
207,2733.000,2007-02-24,7.000,1,2,2.94,D-3AH,1,-1593.638469,-5951.968883,-165288.538522,225.000000
207,2733.000,2007-02-24,7.000,1,2,2.94,D-4AH,1,-317.050021,-896.593577,-34104.512541,225.000000
207,2733.000,2007-02-24,7.000,1,2,2.94,D-4H,1,-243.458107,-1364.397423,-26051.913611,225.000000
207,2733.000,2007-02-24,7.000,1,2,2.94,E-1H,1,-1124.263687,-775.754533,-122336.691961,225.000000
207,2733.000,2007-02-24,7.000,1,2,2.94,E-2H,1,-1017.925054,-1097.145084,-111344.900117,225.000000
207,2733.000,2007-02-24,7.000,1,2,2.94,E-3AH,1,-299.340465,-612.829432,-30602.530151,225.000000
207,2733.000,2007-02-24,7.000,1,2,2.94,E-3H,1,-88.557416,-2104.761031,-9637.618076,225.000000
207,2733.000,2007-02-24,7.000,1,2,2.94,E-4AH,1,-549.837880,-67.172739,-51787.278619,225.000000
207,2733.000,2007-02-24,7.000,1,2,2.94,F-1H,1,0.000000,6000.000000,0.000000,330.056575
207,2733.000,2007-02-24,7.000,1,2,2.94,F-2H,1,0.000000,6000.000000,0.000000,375.984679
207,2733.000,2007-02-24,7.000,1,2,2.94,F-3H,1,0.000000,6000.000000,0.000000,273.479522
207,2733.000,2007-02-24,7.000,1,2,2.94,F-4H,1,0.000000,4934.883227,0.000000,399.999984
208,2764.000,2007-03-27,31.000,1,6,6.85,B-1H,1,-2058.119069,-4422.956923,-219610.680950,225.000000
208,2764.000,2007-03-27,31.000,1,6,6.85,B-2H,1,-831.410478,-409.357241,-89757.139147,225.000000
208,2764.000,2007-03-27,31.000,1,6,6.85,B-3H,1,-1264.380543,-7334.358370,-137913.164063,225.000000
208,2764.000,2007-03-27,31.000,1,6,6.85,B-4BH,1,-440.897174,-2870.091166,-46778.368870,225.000000
208,2764.000,2007-03-27,31.000,1,6,6.85,B-4DH,1,-1088.322053,-514.133011,-115690.126889,225.000000
208,2764.000,2007-03-27,31.000,1,6,6.85,B-4H,1,-1743.180748,-1509.294358,-185546.910810,225.000000
208,2764.000,2007-03-27,31.000,1,6,6.85,C-1H,1,0.000000,6000.000000,0.000000,334.668693
208,2764.000,2007-03-27,31.000,1,6,6.85,C-2H,1,0.000000,6000.000000,0.000000,281.406195
208,2764.000,2007-03-27,31.000,1,6,6.85,C-3H,1,0.000000,6000.000000,0.000000,287.804437
208,2764.000,2007-03-27,31.000,1,6,6.85,C-4AH,1,0.000000,6000.000000,0.000000,387.596990
208,2764.000,2007-03-27,31.000,1,6,6.85,C-4H,1,0.000000,6000.000000,0.000000,259.615996
208,2764.000,2007-03-27,31.000,1,6,6.85,D-1CH,1,-1820.611536,-416.499791,-194310.631041,225.000000
208,2764.000,2007-03-27,31.000,1,6,6.85,D-1H,1,-479.409747,-182.094493,-52110.783101,225.000000
208,2764.000,2007-03-27,31.000,1,6,6.85,D-2H,1,-782.908674,-1473.367239,-85227.755664,225.000000
208,2764.000,2007-03-27,31.000,1,6,6.85,D-3AH,1,-1559.126347,-6025.989435,-161700.060639,225.000000
208,2764.000,2007-03-27,31.000,1,6,6.85,D-4AH,1,-305.586995,-900.345986,-32896.439010,225.000000
208,2764.000,2007-03-27,31.000,1,6,6.85,D-4H,1,-239.422192,-1384.670148,-25650.977133,225.000000
208,2764.000,2007-03-27,31.000,1,6,6.85,E-1H,1,-1081.577635,-791.528467,-117910.056143,225.000000
208,2764.000,2007-03-27,31.000,1,6,6.85,E-2H,1,-963.220092,-1106.411852,-105476.321650,225.000000
208,2764.000,2007-03-27,31.000,1,6,6.85,E-3AH,1,-295.976412,-608.780195,-30264.567277,225.000000
208,2764.000,2007-03-27,31.000,1,6,6.85,E-3CH,1,-736.944141,-41.054919,-79154.378650,225.000000
208,2764.000,2007-03-27,31.000,1,6,6.85,E-3H,1,-84.623031,-2082.052012,-9199.717553,225.000000
208,2764.000,2007-03-27,31.000,1,6,6.85,E-4AH,1,-532.541811,-78.742792,-50158.007863,225.000000
208,2764.000,2007-03-27,31.000,1,6,6.85,F-1H,1,0.000000,6000.000000,0.000000,329.694445
208,2764.000,2007-03-27,31.000,1,6,6.85,F-2H,1,0.000000,6000.000000,0.000000,375.636808
208,2764.000,2007-03-27,31.000,1,6,6.85,F-3H,1,0.000000,6000.000000,0.000000,273.201164
208,2764.000,2007-03-27,31.000,1,6,6.85,F-4H,1,0.000000,4932.044221,0.000000,400.000000
209,2765.000,2007-03-28,1.000,1,2,2.69,B-1H,1,-2056.294156,-4424.322628,-219412.011707,225.000000
209,2765.000,2007-03-28,1.000,1,2,2.69,B-2H,1,-830.534323,-409.854415,-89666.047268,225.000000
209,2765.000,2007-03-28,1.000,1,2,2.69,B-3H,1,-1263.768713,-7337.352388,-137856.190717,225.000000
209,2765.000,2007-03-28,1.000,1,2,2.69,B-4BH,1,-440.430423,-2870.759616,-46730.004075,225.000000
209,2765.000,2007-03-28,1.000,1,2,2.69,B-4DH,1,-1085.809524,-515.326356,-115427.268864,225.000000
209,2765.000,2007-03-28,1.000,1,2,2.69,B-4H,1,-1742.760416,-1510.208560,-185507.282646,225.000000
209,2765.000,2007-03-28,1.000,1,2,2.69,C-1H,1,0.000000,6000.000000,0.000000,334.670771
209,2765.000,2007-03-28,1.000,1,2,2.69,C-2H,1,0.000000,6000.000000,0.000000,281.413645
209,2765.000,2007-03-28,1.000,1,2,2.69,C-3H,1,0.000000,6000.000000,0.000000,287.811602
209,2765.000,2007-03-28,1.000,1,2,2.69,C-4AH,1,0.000000,6000.000000,0.000000,387.596582
209,2765.000,2007-03-28,1.000,1,2,2.69,C-4H,1,0.000000,6000.000000,0.000000,259.619948
209,2765.000,2007-03-28,1.000,1,2,2.69,D-1CH,1,-1817.791943,-417.480685,-194018.760186,225.000000
209,2765.000,2007-03-28,1.000,1,2,2.69,D-1H,1,-478.626627,-182.244188,-52027.095918,225.000000
209,2765.000,2007-03-28,1.000,1,2,2.69,D-2H,1,-782.397138,-1474.549299,-85176.784319,225.000000
209,2765.000,2007-03-28,1.000,1,2,2.69,D-3AH,1,-1557.944194,-6028.107636,-161576.840539,225.000000
209,2765.000,2007-03-28,1.000,1,2,2.69,D-4AH,1,-305.211764,-900.390877,-32861.579271,225.000000
209,2765.000,2007-03-28,1.000,1,2,2.69,D-4H,1,-239.278511,-1385.231488,-25636.520567,225.000000
209,2765.000,2007-03-28,1.000,1,2,2.69,E-1H,1,-1080.293338,-792.077584,-117778.078459,225.000000
209,2765.000,2007-03-28,1.000,1,2,2.69,E-2H,1,-961.605464,-1106.786615,-105303.129001,225.000000
209,2765.000,2007-03-28,1.000,1,2,2.69,E-3AH,1,-295.869457,-608.653338,-30253.815703,225.000000
209,2765.000,2007-03-28,1.000,1,2,2.69,E-3CH,1,-728.467506,-41.585494,-78236.516159,225.000000
209,2765.000,2007-03-28,1.000,1,2,2.69,E-3H,1,-84.509923,-2081.537390,-9187.120071,225.000000
209,2765.000,2007-03-28,1.000,1,2,2.69,E-4AH,1,-527.887388,-78.861838,-49719.620586,225.000000
209,2765.000,2007-03-28,1.000,1,2,2.69,F-1H,1,0.000000,6000.000000,0.000000,329.686029
209,2765.000,2007-03-28,1.000,1,2,2.69,F-2H,1,0.000000,6000.000000,0.000000,375.625262
209,2765.000,2007-03-28,1.000,1,2,2.69,F-3H,1,0.000000,6000.000000,0.000000,273.192089
209,2765.000,2007-03-28,1.000,1,2,2.69,F-4H,1,0.000000,4931.718288,0.000000,399.999992
210,2789.000,2007-04-21,24.000,1,3,3.71,B-1H,1,-2019.960745,-4483.997051,-215537.375454,225.000000
210,2789.000,2007-04-21,24.000,1,3,3.71,B-2H,1,-811.626538,-422.509434,-87709.448513,225.000000
210,2789.000,2007-04-21,24.000,1,3,3.71,B-3H,1,-1243.452414,-7393.754553,-135695.028294,225.000000
210,2789.000,2007-04-21,24.000,1,3,3.71,B-4BH,1,-430.139467,-2894.223231,-45619.465733,225.000000
210,2789.000,2007-04-21,24.000,1,3,3.71,B-4DH,1,-1034.859183,-544.787969,-110137.868963,225.000000
210,2789.000,2007-04-21,24.000,1,3,3.71,B-4H,1,-1732.018759,-1535.575478,-184480.474903,225.000000
210,2789.000,2007-04-21,24.000,1,3,3.71,C-1H,1,0.000000,6000.000000,0.000000,334.711678
210,2789.000,2007-04-21,24.000,1,3,3.71,C-2H,1,0.000000,6000.000000,0.000000,281.567737
210,2789.000,2007-04-21,24.000,1,3,3.71,C-3H,1,0.000000,6000.000000,0.000000,287.960531
210,2789.000,2007-04-21,24.000,1,3,3.71,C-4AH,1,0.000000,6000.000000,0.000000,387.589996
210,2789.000,2007-04-21,24.000,1,3,3.71,C-4H,1,0.000000,6000.000000,0.000000,259.703936
210,2789.000,2007-04-21,24.000,1,3,3.71,D-1CH,1,-1762.017433,-441.642433,-188298.695699,225.000000
210,2789.000,2007-04-21,24.000,1,3,3.71,D-1H,1,-465.623052,-189.412150,-50663.295012,225.000000
210,2789.000,2007-04-21,24.000,1,3,3.71,D-2H,1,-770.408753,-1502.145563,-83978.147149,225.000000
210,2789.000,2007-04-21,24.000,1,3,3.71,D-3AH,1,-1530.993864,-6085.950685,-158765.660339,225.000000
210,2789.000,2007-04-21,24.000,1,3,3.71,D-4AH,1,-297.839900,-906.124362,-32094.907326,225.000000
210,2789.000,2007-04-21,24.000,1,3,3.71,D-4H,1,-235.992735,-1400.086993,-25304.033702,225.000000
210,2789.000,2007-04-21,24.000,1,3,3.71,E-1H,1,-1050.786367,-806.469099,-114580.200144,225.000000
210,2789.000,2007-04-21,24.000,1,3,3.71,E-2H,1,-933.525754,-1120.115604,-102116.482630,225.000000
210,2789.000,2007-04-21,24.000,1,3,3.71,E-3AH,1,-293.846977,-607.370459,-30043.191512,225.000000
210,2789.000,2007-04-21,24.000,1,3,3.71,E-3CH,1,-600.361959,-63.529187,-64750.584636,225.000000
210,2789.000,2007-04-21,24.000,1,3,3.71,E-3H,1,-82.824504,-2089.887637,-8998.514543,225.000000
210,2789.000,2007-04-21,24.000,1,3,3.71,E-4AH,1,-517.321271,-88.194686,-48724.285905,225.000000
210,2789.000,2007-04-21,24.000,1,3,3.71,F-1H,1,0.000000,6000.000000,0.000000,329.539949
210,2789.000,2007-04-21,24.000,1,3,3.71,F-2H,1,0.000000,6000.000000,0.000000,375.478854
210,2789.000,2007-04-21,24.000,1,3,3.71,F-3H,1,0.000000,6000.000000,0.000000,273.100328
210,2789.000,2007-04-21,24.000,1,3,3.71,F-4H,1,0.000000,4930.377873,0.000000,400.000000
211,2794.000,2007-04-26,5.000,1,2,2.85,B-1H,1,-2012.239510,-4495.574894,-214708.299768,225.000000
211,2794.000,2007-04-26,5.000,1,2,2.85,B-2H,1,-807.695191,-425.092085,-87302.550866,225.000000
211,2794.000,2007-04-26,5.000,1,2,2.85,B-3H,1,-1239.478825,-7406.965985,-135283.392640,225.000000
211,2794.000,2007-04-26,5.000,1,2,2.85,B-4BH,1,-428.054196,-2899.600338,-45393.766055,225.000000
211,2794.000,2007-04-26,5.000,1,2,2.85,B-4DH,1,-1024.279280,-550.880687,-109037.039671,225.000000
211,2794.000,2007-04-26,5.000,1,2,2.85,B-4H,1,-1729.678009,-1540.699836,-184254.132307,225.000000
211,2794.000,2007-04-26,5.000,1,2,2.85,C-1H,1,0.000000,6000.000000,0.000000,334.720123
211,2794.000,2007-04-26,5.000,1,2,2.85,C-2H,1,0.000000,6000.000000,0.000000,281.599027
211,2794.000,2007-04-26,5.000,1,2,2.85,C-3H,1,0.000000,6000.000000,0.000000,287.990687
211,2794.000,2007-04-26,5.000,1,2,2.85,C-4AH,1,0.000000,6000.000000,0.000000,387.589197
211,2794.000,2007-04-26,5.000,1,2,2.85,C-4H,1,0.000000,6000.000000,0.000000,259.721013
211,2794.000,2007-04-26,5.000,1,2,2.85,D-1CH,1,-1750.407771,-446.637893,-187104.084092,225.000000
211,2794.000,2007-04-26,5.000,1,2,2.85,D-1H,1,-462.739041,-190.864281,-50359.201154,225.000000
211,2794.000,2007-04-26,5.000,1,2,2.85,D-2H,1,-767.875148,-1507.834471,-83723.510695,225.000000
211,2794.000,2007-04-26,5.000,1,2,2.85,D-3AH,1,-1525.344716,-6098.029254,-158176.385518,225.000000
211,2794.000,2007-04-26,5.000,1,2,2.85,D-4AH,1,-296.371814,-907.439173,-31938.529026,225.000000
211,2794.000,2007-04-26,5.000,1,2,2.85,D-4H,1,-235.292575,-1403.066567,-25232.748871,225.000000
211,2794.000,2007-04-26,5.000,1,2,2.85,E-1H,1,-1044.878810,-809.605082,-113934.164495,225.000000
211,2794.000,2007-04-26,5.000,1,2,2.85,E-2H,1,-928.041908,-1123.206313,-101497.147450,225.000000
211,2794.000,2007-04-26,5.000,1,2,2.85,E-3AH,1,-293.443670,-607.172036,-30005.288385,225.000000
211,2794.000,2007-04-26,5.000,1,2,2.85,E-3CH,1,-577.061827,-68.873175,-62290.097426,225.000000
211,2794.000,2007-04-26,5.000,1,2,2.85,E-3H,1,-82.501997,-2092.033414,-8962.403994,225.000000
211,2794.000,2007-04-26,5.000,1,2,2.85,E-4AH,1,-514.349671,-90.205251,-48444.372419,225.000000
211,2794.000,2007-04-26,5.000,1,2,2.85,F-1H,1,0.000000,6000.000000,0.000000,329.515963
211,2794.000,2007-04-26,5.000,1,2,2.85,F-2H,1,0.000000,6000.000000,0.000000,375.454698
211,2794.000,2007-04-26,5.000,1,2,2.85,F-3H,1,0.000000,6000.000000,0.000000,273.085722
211,2794.000,2007-04-26,5.000,1,2,2.85,F-4H,1,0.000000,4929.690124,0.000000,400.000014
212,2803.000,2007-05-05,9.000,1,2,2.82,B-1H,1,-1998.844517,-4517.856658,-213285.434434,225.000000
212,2803.000,2007-05-05,9.000,1,2,2.82,B-2H,1,-800.711384,-429.812262,-86576.854056,225.000000
212,2803.000,2007-05-05,9.000,1,2,2.82,B-3H,1,-1232.127464,-7430.755278,-134497.237855,225.000000
212,2803.000,2007-05-05,9.000,1,2,2.82,B-4BH,1,-424.467641,-2910.140146,-45005.629168,225.000000
212,2803.000,2007-05-05,9.000,1,2,2.82,B-4DH,1,-1005.910979,-561.711911,-107126.853671,225.000000
212,2803.000,2007-05-05,9.000,1,2,2.82,B-4H,1,-1725.275793,-1550.174699,-183823.757140,225.000000
212,2803.000,2007-05-05,9.000,1,2,2.82,C-1H,1,0.000000,6000.000000,0.000000,334.735570
212,2803.000,2007-05-05,9.000,1,2,2.82,C-2H,1,0.000000,6000.000000,0.000000,281.652248
212,2803.000,2007-05-05,9.000,1,2,2.82,C-3H,1,0.000000,6000.000000,0.000000,288.042237
212,2803.000,2007-05-05,9.000,1,2,2.82,C-4AH,1,0.000000,6000.000000,0.000000,387.590230
212,2803.000,2007-05-05,9.000,1,2,2.82,C-4H,1,0.000000,6000.000000,0.000000,259.750866
212,2803.000,2007-05-05,9.000,1,2,2.82,D-1CH,1,-1730.372259,-455.492216,-185043.228002,225.000000
212,2803.000,2007-05-05,9.000,1,2,2.82,D-1H,1,-457.834479,-193.604186,-49843.521837,225.000000
212,2803.000,2007-05-05,9.000,1,2,2.82,D-2H,1,-763.275266,-1517.892566,-83259.322217,225.000000
212,2803.000,2007-05-05,9.000,1,2,2.82,D-3AH,1,-1515.337871,-6120.671127,-157134.465045,225.000000
212,2803.000,2007-05-05,9.000,1,2,2.82,D-4AH,1,-293.922429,-910.230171,-31674.239040,225.000000
212,2803.000,2007-05-05,9.000,1,2,2.82,D-4H,1,-234.038429,-1408.466102,-25104.383248,225.000000
212,2803.000,2007-05-05,9.000,1,2,2.82,E-1H,1,-1034.594632,-815.529738,-112797.828549,225.000000
212,2803.000,2007-05-05,9.000,1,2,2.82,E-2H,1,-918.758330,-1129.325767,-100453.230229,225.000000
212,2803.000,2007-05-05,9.000,1,2,2.82,E-3AH,1,-292.731107,-607.000559,-29935.826596,225.000000
212,2803.000,2007-05-05,9.000,1,2,2.82,E-3CH,1,-537.437803,-79.454702,-58099.276804,225.000000
212,2803.000,2007-05-05,9.000,1,2,2.82,E-3H,1,-81.965466,-2096.522432,-8902.305989,225.000000
212,2803.000,2007-05-05,9.000,1,2,2.82,E-4AH,1,-509.901402,-93.876234,-48025.354356,225.000000
212,2803.000,2007-05-05,9.000,1,2,2.82,F-1H,1,0.000000,6000.000000,0.000000,329.490014
212,2803.000,2007-05-05,9.000,1,2,2.82,F-2H,1,0.000000,6000.000000,0.000000,375.428309
212,2803.000,2007-05-05,9.000,1,2,2.82,F-3H,1,0.000000,6000.000000,0.000000,273.069243
212,2803.000,2007-05-05,9.000,1,2,2.82,F-4H,1,0.000000,4929.127200,0.000000,399.999937
213,2809.000,2007-05-11,6.000,1,2,2.76,B-1H,1,-1989.965601,-4532.548464,-212342.490097,225.000000
213,2809.000,2007-05-11,6.000,1,2,2.76,B-2H,1,-796.042228,-432.930399,-86090.106795,225.000000
213,2809.000,2007-05-11,6.000,1,2,2.76,B-3H,1,-1227.346212,-7447.204812,-133984.925119,225.000000
213,2809.000,2007-05-11,6.000,1,2,2.76,B-4BH,1,-422.146341,-2917.466244,-44755.078318,225.000000
213,2809.000,2007-05-11,6.000,1,2,2.76,B-4DH,1,-993.799913,-568.889029,-105865.743306,225.000000
213,2809.000,2007-05-11,6.000,1,2,2.76,B-4H,1,-1722.221448,-1556.470648,-183522.509982,225.000000
213,2809.000,2007-05-11,6.000,1,2,2.76,C-1H,1,0.000000,6000.000000,0.000000,334.746106
213,2809.000,2007-05-11,6.000,1,2,2.76,C-2H,1,0.000000,6000.000000,0.000000,281.686596
213,2809.000,2007-05-11,6.000,1,2,2.76,C-3H,1,0.000000,6000.000000,0.000000,288.075537
213,2809.000,2007-05-11,6.000,1,2,2.76,C-4AH,1,0.000000,6000.000000,0.000000,387.592074
213,2809.000,2007-05-11,6.000,1,2,2.76,C-4H,1,0.000000,6000.000000,0.000000,259.770422
213,2809.000,2007-05-11,6.000,1,2,2.76,D-1CH,1,-1717.138175,-461.280827,-183679.345442,225.000000
213,2809.000,2007-05-11,6.000,1,2,2.76,D-1H,1,-454.551335,-195.381669,-49497.723292,225.000000
213,2809.000,2007-05-11,6.000,1,2,2.76,D-2H,1,-760.190993,-1524.510753,-82946.975062,225.000000
213,2809.000,2007-05-11,6.000,1,2,2.76,D-3AH,1,-1508.698448,-6135.996862,-156443.981959,225.000000
213,2809.000,2007-05-11,6.000,1,2,2.76,D-4AH,1,-292.356678,-912.226614,-31504.123724,225.000000
213,2809.000,2007-05-11,6.000,1,2,2.76,D-4H,1,-233.197886,-1412.015977,-25017.962483,225.000000
213,2809.000,2007-05-11,6.000,1,2,2.76,E-1H,1,-1027.891789,-819.623224,-112054.536085,225.000000
213,2809.000,2007-05-11,6.000,1,2,2.76,E-2H,1,-912.761551,-1133.602900,-99782.554173,225.000000
213,2809.000,2007-05-11,6.000,1,2,2.76,E-3AH,1,-292.256068,-606.956512,-29888.692122,225.000000
213,2809.000,2007-05-11,6.000,1,2,2.76,E-3CH,1,-514.760349,-86.438118,-55687.583493,225.000000
213,2809.000,2007-05-11,6.000,1,2,2.76,E-3H,1,-81.623039,-2099.679021,-8863.949458,225.000000
213,2809.000,2007-05-11,6.000,1,2,2.76,E-4AH,1,-506.704754,-96.310328,-47724.240514,225.000000
213,2809.000,2007-05-11,6.000,1,2,2.76,F-1H,1,0.000000,6000.000000,0.000000,329.478966
213,2809.000,2007-05-11,6.000,1,2,2.76,F-2H,1,0.000000,6000.000000,0.000000,375.416910
213,2809.000,2007-05-11,6.000,1,2,2.76,F-3H,1,0.000000,6000.000000,0.000000,273.061373
213,2809.000,2007-05-11,6.000,1,2,2.76,F-4H,1,0.000000,4928.913326,0.000000,400.000008
214,2822.000,2007-05-24,13.000,1,2,2.83,B-1H,1,-1971.355773,-4564.970630,-210370.947212,225.000000
214,2822.000,2007-05-24,13.000,1,2,2.83,B-2H,1,-786.047286,-439.748384,-85044.159053,225.000000
214,2822.000,2007-05-24,13.000,1,2,2.83,B-3H,1,-1217.232082,-7483.270309,-132900.568677,225.000000
214,2822.000,2007-05-24,13.000,1,2,2.83,B-4BH,1,-417.421029,-2933.981747,-44248.215084,225.000000
214,2822.000,2007-05-24,13.000,1,2,2.83,B-4DH,1,-968.935022,-583.834499,-103276.382377,225.000000
214,2822.000,2007-05-24,13.000,1,2,2.83,B-4H,1,-1715.254091,-1570.148397,-182827.203116,225.000000
214,2822.000,2007-05-24,13.000,1,2,2.83,C-1H,1,0.000000,6000.000000,0.000000,334.769666
214,2822.000,2007-05-24,13.000,1,2,2.83,C-2H,1,0.000000,6000.000000,0.000000,281.756291
214,2822.000,2007-05-24,13.000,1,2,2.83,C-3H,1,0.000000,6000.000000,0.000000,288.143619
214,2822.000,2007-05-24,13.000,1,2,2.83,C-4AH,1,0.000000,6000.000000,0.000000,387.599713
214,2822.000,2007-05-24,13.000,1,2,2.83,C-4H,1,0.000000,6000.000000,0.000000,259.811446
214,2822.000,2007-05-24,13.000,1,2,2.83,D-1CH,1,-1689.591242,-473.406064,-180835.673524,225.000000
214,2822.000,2007-05-24,13.000,1,2,2.83,D-1H,1,-447.989285,-199.211462,-48807.816682,225.000000
214,2822.000,2007-05-24,13.000,1,2,2.83,D-2H,1,-753.653704,-1538.570209,-82282.197673,225.000000
214,2822.000,2007-05-24,13.000,1,2,2.83,D-3AH,1,-1494.529309,-6170.172149,-154974.219656,225.000000
214,2822.000,2007-05-24,13.000,1,2,2.83,D-4AH,1,-289.195777,-916.942062,-31160.881604,225.000000
214,2822.000,2007-05-24,13.000,1,2,2.83,D-4H,1,-231.393342,-1419.622697,-24831.230655,225.000000
214,2822.000,2007-05-24,13.000,1,2,2.83,E-1H,1,-1013.725589,-829.036036,-110485.026745,225.000000
214,2822.000,2007-05-24,13.000,1,2,2.83,E-2H,1,-900.299002,-1143.248253,-98399.470512,225.000000
214,2822.000,2007-05-24,13.000,1,2,2.83,E-3AH,1,-291.207742,-607.113826,-29782.313749,225.000000
214,2822.000,2007-05-24,13.000,1,2,2.83,E-3CH,1,-471.106000,-99.610579,-51032.167855,225.000000
214,2822.000,2007-05-24,13.000,1,2,2.83,E-3H,1,-80.929670,-2106.950737,-8786.307351,225.000000
214,2822.000,2007-05-24,13.000,1,2,2.83,E-4AH,1,-531.603429,-104.518720,-50069.429400,225.000000
214,2822.000,2007-05-24,13.000,1,2,2.83,F-1H,1,0.000000,6000.000000,0.000000,329.474207
214,2822.000,2007-05-24,13.000,1,2,2.83,F-2H,1,0.000000,6000.000000,0.000000,375.411043
214,2822.000,2007-05-24,13.000,1,2,2.83,F-3H,1,0.000000,6000.000000,0.000000,273.053256
214,2822.000,2007-05-24,13.000,1,2,2.83,F-4H,1,0.000000,4928.486084,0.000000,400.000021
215,2825.000,2007-05-27,3.000,1,2,2.97,B-1H,1,-1966.999178,-4572.070496,-209906.428585,225.000000
215,2825.000,2007-05-27,3.000,1,2,2.97,B-2H,1,-783.713887,-441.355592,-84799.568460,225.000000
215,2825.000,2007-05-27,3.000,1,2,2.97,B-3H,1,-1215.016727,-7492.014508,-132666.210232,225.000000
215,2825.000,2007-05-27,3.000,1,2,2.97,B-4BH,1,-416.366641,-2937.818724,-44135.285342,225.000000
215,2825.000,2007-05-27,3.000,1,2,2.97,B-4DH,1,-963.404579,-587.231279,-102700.798768,225.000000
215,2825.000,2007-05-27,3.000,1,2,2.97,B-4H,1,-1713.716201,-1573.237439,-182673.821236,225.000000
215,2825.000,2007-05-27,3.000,1,2,2.97,C-1H,1,0.000000,6000.000000,0.000000,334.775167
215,2825.000,2007-05-27,3.000,1,2,2.97,C-2H,1,0.000000,6000.000000,0.000000,281.772251
215,2825.000,2007-05-27,3.000,1,2,2.97,C-3H,1,0.000000,6000.000000,0.000000,288.159162
215,2825.000,2007-05-27,3.000,1,2,2.97,C-4AH,1,0.000000,6000.000000,0.000000,387.601698
215,2825.000,2007-05-27,3.000,1,2,2.97,C-4H,1,0.000000,6000.000000,0.000000,259.820832
215,2825.000,2007-05-27,3.000,1,2,2.97,D-1CH,1,-1683.258261,-476.158081,-180180.827651,225.000000
215,2825.000,2007-05-27,3.000,1,2,2.97,D-1H,1,-446.495684,-200.051419,-48650.588794,225.000000
215,2825.000,2007-05-27,3.000,1,2,2.97,D-2H,1,-752.193149,-1541.829630,-82133.739262,225.000000
215,2825.000,2007-05-27,3.000,1,2,2.97,D-3AH,1,-1491.198332,-6177.961283,-154627.836906,225.000000
215,2825.000,2007-05-27,3.000,1,2,2.97,D-4AH,1,-288.473405,-918.030157,-31082.187061,225.000000
215,2825.000,2007-05-27,3.000,1,2,2.97,D-4H,1,-230.974900,-1421.335664,-24787.774857,225.000000
215,2825.000,2007-05-27,3.000,1,2,2.97,E-1H,1,-1010.515169,-831.269098,-110129.810832,225.000000
215,2825.000,2007-05-27,3.000,1,2,2.97,E-2H,1,-897.481899,-1145.526138,-98087.566987,225.000000
215,2825.000,2007-05-27,3.000,1,2,2.97,E-3AH,1,-290.965050,-607.161893,-29757.591169,225.000000
215,2825.000,2007-05-27,3.000,1,2,2.97,E-3CH,1,-461.350370,-102.840522,-49989.695331,225.000000
215,2825.000,2007-05-27,3.000,1,2,2.97,E-3H,1,-80.772857,-2108.654849,-8768.750060,225.000000
215,2825.000,2007-05-27,3.000,1,2,2.97,E-4AH,1,-517.925347,-104.933712,-48781.019475,225.000000
215,2825.000,2007-05-27,3.000,1,2,2.97,F-1H,1,0.000000,6000.000000,0.000000,329.474011
215,2825.000,2007-05-27,3.000,1,2,2.97,F-2H,1,0.000000,6000.000000,0.000000,375.410571
215,2825.000,2007-05-27,3.000,1,2,2.97,F-3H,1,0.000000,6000.000000,0.000000,273.051767
215,2825.000,2007-05-27,3.000,1,2,2.97,F-4H,1,0.000000,4928.769168,0.000000,400.000010
216,2827.000,2007-05-29,2.000,1,2,2.73,B-1H,1,-1964.152639,-4577.031952,-209603.467265,225.000000
216,2827.000,2007-05-29,2.000,1,2,2.73,B-2H,1,-782.182117,-442.434451,-84639.007341,225.000000
216,2827.000,2007-05-29,2.000,1,2,2.73,B-3H,1,-1213.492252,-7497.649546,-132503.416180,225.000000
216,2827.000,2007-05-29,2.000,1,2,2.73,B-4BH,1,-415.678000,-2940.383285,-44061.626739,225.000000
216,2827.000,2007-05-29,2.000,1,2,2.73,B-4DH,1,-959.757061,-589.522214,-102321.539319,225.000000
216,2827.000,2007-05-29,2.000,1,2,2.73,B-4H,1,-1712.731559,-1575.349412,-182576.068125,225.000000
216,2827.000,2007-05-29,2.000,1,2,2.73,C-1H,1,0.000000,6000.000000,0.000000,334.778860
216,2827.000,2007-05-29,2.000,1,2,2.73,C-2H,1,0.000000,6000.000000,0.000000,281.782805
216,2827.000,2007-05-29,2.000,1,2,2.73,C-3H,1,0.000000,6000.000000,0.000000,288.169438
216,2827.000,2007-05-29,2.000,1,2,2.73,C-4AH,1,0.000000,6000.000000,0.000000,387.603101
216,2827.000,2007-05-29,2.000,1,2,2.73,C-4H,1,0.000000,6000.000000,0.000000,259.827065
216,2827.000,2007-05-29,2.000,1,2,2.73,D-1CH,1,-1679.105989,-478.016050,-179752.019716,225.000000
216,2827.000,2007-05-29,2.000,1,2,2.73,D-1H,1,-445.535976,-200.642236,-48549.805040,225.000000
216,2827.000,2007-05-29,2.000,1,2,2.73,D-2H,1,-751.224206,-1544.001146,-82035.244208,225.000000
216,2827.000,2007-05-29,2.000,1,2,2.73,D-3AH,1,-1489.020900,-6183.266377,-154401.558243,225.000000
216,2827.000,2007-05-29,2.000,1,2,2.73,D-4AH,1,-287.999456,-918.773877,-31030.730525,225.000000
216,2827.000,2007-05-29,2.000,1,2,2.73,D-4H,1,-230.698648,-1422.495196,-24759.085179,225.000000
216,2827.000,2007-05-29,2.000,1,2,2.73,E-1H,1,-1008.376144,-832.754885,-109893.205105,225.000000
216,2827.000,2007-05-29,2.000,1,2,2.73,E-2H,1,-895.602906,-1147.033716,-97879.649458,225.000000
216,2827.000,2007-05-29,2.000,1,2,2.73,E-3AH,1,-290.802748,-607.200168,-29741.004118,225.000000
216,2827.000,2007-05-29,2.000,1,2,2.73,E-3CH,1,-454.945043,-105.063609,-49304.759751,225.000000
216,2827.000,2007-05-29,2.000,1,2,2.73,E-3H,1,-80.668678,-2109.791746,-8757.089069,225.000000
216,2827.000,2007-05-29,2.000,1,2,2.73,E-4AH,1,-513.035858,-105.442849,-48320.484704,225.000000
216,2827.000,2007-05-29,2.000,1,2,2.73,F-1H,1,0.000000,6000.000000,0.000000,329.474245
216,2827.000,2007-05-29,2.000,1,2,2.73,F-2H,1,0.000000,6000.000000,0.000000,375.410615
216,2827.000,2007-05-29,2.000,1,2,2.73,F-3H,1,0.000000,6000.000000,0.000000,273.050932
216,2827.000,2007-05-29,2.000,1,2,2.73,F-4H,1,0.000000,4928.833890,0.000000,399.999982
217,2828.000,2007-05-30,1.000,1,2,2.91,B-1H,1,-1962.728835,-4579.492624,-209451.924317,225.000000
217,2828.000,2007-05-30,1.000,1,2,2.91,B-2H,1,-781.438087,-442.971653,-84561.069365,225.000000
217,2828.000,2007-05-30,1.000,1,2,2.91,B-3H,1,-1212.736733,-7500.491610,-132422.856000,225.000000
217,2828.000,2007-05-30,1.000,1,2,2.91,B-4BH,1,-415.335087,-2941.668618,-44024.967519,225.000000
217,2828.000,2007-05-30,1.000,1,2,2.91,B-4DH,1,-957.931929,-590.661869,-102131.699415,225.000000
217,2828.000,2007-05-30,1.000,1,2,2.91,B-4H,1,-1712.236395,-1576.406001,-182526.855990,225.000000
217,2828.000,2007-05-30,1.000,1,2,2.91,C-1H,1,0.000000,6000.000000,0.000000,334.780711
217,2828.000,2007-05-30,1.000,1,2,2.91,C-2H,1,0.000000,6000.000000,0.000000,281.788053
217,2828.000,2007-05-30,1.000,1,2,2.91,C-3H,1,0.000000,6000.000000,0.000000,288.174554
217,2828.000,2007-05-30,1.000,1,2,2.91,C-4AH,1,0.000000,6000.000000,0.000000,387.603819
217,2828.000,2007-05-30,1.000,1,2,2.91,C-4H,1,0.000000,6000.000000,0.000000,259.830173
217,2828.000,2007-05-30,1.000,1,2,2.91,D-1CH,1,-1677.026424,-478.946667,-179537.204929,225.000000
217,2828.000,2007-05-30,1.000,1,2,2.91,D-1H,1,-445.051498,-200.934700,-48498.890618,225.000000
217,2828.000,2007-05-30,1.000,1,2,2.91,D-2H,1,-750.739532,-1545.085206,-81985.933721,225.000000
217,2828.000,2007-05-30,1.000,1,2,2.91,D-3AH,1,-1487.932418,-6185.916155,-154288.469705,225.000000
217,2828.000,2007-05-30,1.000,1,2,2.91,D-4AH,1,-287.763265,-919.145668,-31005.092548,225.000000
217,2828.000,2007-05-30,1.000,1,2,2.91,D-4H,1,-230.560460,-1423.072390,-24744.728232,225.000000
217,2828.000,2007-05-30,1.000,1,2,2.91,E-1H,1,-1007.335527,-833.500273,-109778.172179,225.000000
217,2828.000,2007-05-30,1.000,1,2,2.91,E-2H,1,-894.667314,-1147.790048,-97776.188519,225.000000
217,2828.000,2007-05-30,1.000,1,2,2.91,E-3AH,1,-290.721498,-607.220659,-29732.689939,225.000000
217,2828.000,2007-05-30,1.000,1,2,2.91,E-3CH,1,-451.848692,-106.178064,-48973.693019,225.000000
217,2828.000,2007-05-30,1.000,1,2,2.91,E-3H,1,-80.616844,-2110.361773,-8751.287372,225.000000
217,2828.000,2007-05-30,1.000,1,2,2.91,E-4AH,1,-510.996473,-105.729889,-48128.393838,225.000000
217,2828.000,2007-05-30,1.000,1,2,2.91,F-1H,1,0.000000,6000.000000,0.000000,329.474448
217,2828.000,2007-05-30,1.000,1,2,2.91,F-2H,1,0.000000,6000.000000,0.000000,375.410722
217,2828.000,2007-05-30,1.000,1,2,2.91,F-3H,1,0.000000,6000.000000,0.000000,273.050555
217,2828.000,2007-05-30,1.000,1,2,2.91,F-4H,1,0.000000,4928.903166,0.000000,399.999979
218,2856.000,2007-06-27,28.000,1,4,4.84,B-1H,1,-1919.710462,-4635.574667,-204785.039537,225.000000
218,2856.000,2007-06-27,28.000,1,4,4.84,B-2H,1,-760.862977,-457.017279,-82396.376493,225.000000
218,2856.000,2007-06-27,28.000,1,4,4.84,B-3H,1,-1188.449257,-7534.339581,-129903.161644,225.000000
218,2856.000,2007-06-27,28.000,1,4,4.84,B-4BH,1,-402.856801,-2947.783146,-42729.780719,225.000000
218,2856.000,2007-06-27,28.000,1,4,4.84,B-4DH,1,-912.829888,-620.465182,-97435.485290,225.000000
218,2856.000,2007-06-27,28.000,1,4,4.84,B-4H,1,-1695.321704,-1605.323691,-180811.462697,225.000000
218,2856.000,2007-06-27,28.000,1,4,4.84,C-1H,1,0.000000,6000.000000,0.000000,334.781990
218,2856.000,2007-06-27,28.000,1,4,4.84,C-2H,1,0.000000,6000.000000,0.000000,281.902240
218,2856.000,2007-06-27,28.000,1,4,4.84,C-3H,1,0.000000,6000.000000,0.000000,288.287165
218,2856.000,2007-06-27,28.000,1,4,4.84,C-4AH,1,0.000000,6000.000000,0.000000,387.549228
218,2856.000,2007-06-27,28.000,1,4,4.84,C-4H,1,0.000000,6000.000000,0.000000,259.879187
218,2856.000,2007-06-27,28.000,1,4,4.84,D-1CH,1,-1623.099758,-502.729833,-173966.588487,225.000000
218,2856.000,2007-06-27,28.000,1,4,4.84,D-1H,1,-431.371025,-208.949242,-47054.744325,225.000000
218,2856.000,2007-06-27,28.000,1,4,4.84,D-2H,1,-736.951309,-1572.965989,-80571.209112,225.000000
218,2856.000,2007-06-27,28.000,1,4,4.84,D-3AH,1,-1454.922577,-6235.281676,-150827.069115,225.000000
218,2856.000,2007-06-27,28.000,1,4,4.84,D-4AH,1,-279.876397,-925.550763,-30156.260338,225.000000
218,2856.000,2007-06-27,28.000,1,4,4.84,D-4H,1,-226.605142,-1436.765777,-24338.052306,225.000000
218,2856.000,2007-06-27,28.000,1,4,4.84,E-1H,1,-971.475443,-847.859899,-105989.506577,225.000000
218,2856.000,2007-06-27,28.000,1,4,4.84,E-2AH,1,-757.852728,-14.825561,-96901.128497,225.000000
218,2856.000,2007-06-27,28.000,1,4,4.84,E-2H,1,-756.976055,-1160.416449,-83469.433703,225.000000
218,2856.000,2007-06-27,28.000,1,4,4.84,E-3AH,1,-287.558978,-606.121876,-29410.522093,225.000000
218,2856.000,2007-06-27,28.000,1,4,4.84,E-3CH,1,-382.794700,-127.039041,-41481.081247,225.000000
218,2856.000,2007-06-27,28.000,1,4,4.84,E-3H,1,-78.747237,-2110.856486,-8543.495319,225.000000
218,2856.000,2007-06-27,28.000,1,4,4.84,E-4AH,1,-491.820122,-115.917166,-46322.076723,225.000000
218,2856.000,2007-06-27,28.000,1,4,4.84,F-1H,1,0.000000,6000.000000,0.000000,329.309421
218,2856.000,2007-06-27,28.000,1,4,4.84,F-2H,1,0.000000,6000.000000,0.000000,375.252446
218,2856.000,2007-06-27,28.000,1,4,4.84,F-3H,1,0.000000,6000.000000,0.000000,272.775143
218,2856.000,2007-06-27,28.000,1,4,4.84,F-4H,1,0.000000,4930.941377,0.000000,400.000000
219,2869.000,2007-07-10,13.000,1,2,3.01,B-1H,1,-1899.454192,-4659.646813,-202570.770359,225.000000
219,2869.000,2007-07-10,13.000,1,2,3.01,B-2H,1,-751.114368,-463.309164,-81366.686683,225.000000
219,2869.000,2007-07-10,13.000,1,2,3.01,B-3H,1,-1177.659305,-7552.356597,-128769.587025,225.000000
219,2869.000,2007-07-10,13.000,1,2,3.01,B-4BH,1,-397.414469,-2953.767556,-42139.558761,225.000000
219,2869.000,2007-07-10,13.000,1,2,3.01,B-4DH,1,-892.853816,-634.141312,-95350.387649,225.000000
219,2869.000,2007-07-10,13.000,1,2,3.01,B-4H,1,-1686.785237,-1618.518128,-179940.788955,225.000000
219,2869.000,2007-07-10,13.000,1,2,3.01,C-1H,1,0.000000,6000.000000,0.000000,334.778389
219,2869.000,2007-07-10,13.000,1,2,3.01,C-2H,1,0.000000,6000.000000,0.000000,281.948947
219,2869.000,2007-07-10,13.000,1,2,3.01,C-3H,1,0.000000,6000.000000,0.000000,288.333498
219,2869.000,2007-07-10,13.000,1,2,3.01,C-4AH,1,0.000000,6000.000000,0.000000,387.520526
219,2869.000,2007-07-10,13.000,1,2,3.01,C-4H,1,0.000000,6000.000000,0.000000,259.897801
219,2869.000,2007-07-10,13.000,1,2,3.01,D-1CH,1,-1599.126748,-513.346693,-171486.635420,225.000000
219,2869.000,2007-07-10,13.000,1,2,3.01,D-1H,1,-425.008842,-212.575199,-46380.920392,225.000000
219,2869.000,2007-07-10,13.000,1,2,3.01,D-2H,1,-730.806990,-1585.442133,-79938.699499,225.000000
219,2869.000,2007-07-10,13.000,1,2,3.01,D-3AH,1,-1439.475062,-6257.763076,-149202.762419,225.000000
219,2869.000,2007-07-10,13.000,1,2,3.01,D-4AH,1,-276.194061,-928.347541,-29757.536638,225.000000
219,2869.000,2007-07-10,13.000,1,2,3.01,D-4H,1,-224.762710,-1442.718069,-24154.978887,225.000000
219,2869.000,2007-07-10,13.000,1,2,3.01,E-1H,1,-955.632939,-854.978825,-104284.533436,225.000000
219,2869.000,2007-07-10,13.000,1,2,3.01,E-2AH,1,-771.990426,-15.723206,-90226.467003,225.000000
219,2869.000,2007-07-10,13.000,1,2,3.01,E-2H,1,-722.148523,-1175.652453,-79407.981268,225.000000
219,2869.000,2007-07-10,13.000,1,2,3.01,E-3AH,1,-286.052415,-605.565844,-29255.609618,225.000000
219,2869.000,2007-07-10,13.000,1,2,3.01,E-3CH,1,-356.851341,-135.583504,-38705.760636,225.000000
219,2869.000,2007-07-10,13.000,1,2,3.01,E-3H,1,-77.936403,-2111.965813,-8453.438617,225.000000
219,2869.000,2007-07-10,13.000,1,2,3.01,E-4AH,1,-483.489697,-120.667273,-45537.401080,225.000000
219,2869.000,2007-07-10,13.000,1,2,3.01,F-1H,1,0.000000,6000.000000,0.000000,329.234894
219,2869.000,2007-07-10,13.000,1,2,3.01,F-2H,1,0.000000,6000.000000,0.000000,375.174372
219,2869.000,2007-07-10,13.000,1,2,3.01,F-3H,1,0.000000,6000.000000,0.000000,272.684276
219,2869.000,2007-07-10,13.000,1,2,3.01,F-4H,1,0.000000,4931.435849,0.000000,399.999948
220,2886.000,2007-07-27,17.000,1,2,2.75,B-1H,1,-1873.815989,-4692.332660,-199782.338559,225.000000
220,2886.000,2007-07-27,17.000,1,2,2.75,B-2H,1,-738.542842,-471.317169,-80033.873594,225.000000
220,2886.000,2007-07-27,17.000,1,2,2.75,B-3H,1,-1163.965336,-7580.787344,-127312.144597,225.000000
220,2886.000,2007-07-27,17.000,1,2,2.75,B-4BH,1,-391.032330,-2966.636742,-41464.669323,225.000000
220,2886.000,2007-07-27,17.000,1,2,2.75,B-4DH,1,-868.254958,-651.145957,-92777.799400,225.000000
220,2886.000,2007-07-27,17.000,1,2,2.75,B-4H,1,-1674.958605,-1635.995282,-178721.599546,225.000000
220,2886.000,2007-07-27,17.000,1,2,2.75,C-1H,1,0.000000,6000.000000,0.000000,334.774123
220,2886.000,2007-07-27,17.000,1,2,2.75,C-2H,1,0.000000,6000.000000,0.000000,282.001972
220,2886.000,2007-07-27,17.000,1,2,2.75,C-3H,1,0.000000,6000.000000,0.000000,288.386390
220,2886.000,2007-07-27,17.000,1,2,2.75,C-4AH,1,0.000000,6000.000000,0.000000,387.489387
220,2886.000,2007-07-27,17.000,1,2,2.75,C-4H,1,0.000000,6000.000000,0.000000,259.919458
220,2886.000,2007-07-27,17.000,1,2,2.75,D-1CH,1,-1569.854996,-526.673744,-168458.362226,225.000000
220,2886.000,2007-07-27,17.000,1,2,2.75,D-1H,1,-416.574126,-217.324567,-45486.489579,225.000000
220,2886.000,2007-07-27,17.000,1,2,2.75,D-2H,1,-722.733241,-1601.115766,-79100.893251,225.000000
220,2886.000,2007-07-27,17.000,1,2,2.75,D-3AH,1,-1419.673738,-6290.113439,-147125.054566,225.000000
220,2886.000,2007-07-27,17.000,1,2,2.75,D-4AH,1,-271.649775,-932.520665,-29263.149696,225.000000
220,2886.000,2007-07-27,17.000,1,2,2.75,D-4H,1,-222.391943,-1450.258803,-23910.183734,225.000000
220,2886.000,2007-07-27,17.000,1,2,2.75,E-1H,1,-936.357049,-865.595273,-102166.245753,225.000000
220,2886.000,2007-07-27,17.000,1,2,2.75,E-2AH,1,-763.191709,-17.861211,-86023.611816,225.000000
220,2886.000,2007-07-27,17.000,1,2,2.75,E-2H,1,-689.160119,-1198.736938,-75519.277386,225.000000
220,2886.000,2007-07-27,17.000,1,2,2.75,E-3AH,1,-284.103019,-605.014396,-29053.442729,225.000000
220,2886.000,2007-07-27,17.000,1,2,2.75,E-3CH,1,-329.996324,-145.446321,-35893.885032,225.000000
220,2886.000,2007-07-27,17.000,1,2,2.75,E-3H,1,-76.980858,-2115.509536,-8347.350114,225.000000
220,2886.000,2007-07-27,17.000,1,2,2.75,E-4AH,1,-475.719523,-126.929102,-44805.482537,225.000000
220,2886.000,2007-07-27,17.000,1,2,2.75,F-1H,1,0.000000,6000.000000,0.000000,329.156890
220,2886.000,2007-07-27,17.000,1,2,2.75,F-2H,1,0.000000,6000.000000,0.000000,375.094991
220,2886.000,2007-07-27,17.000,1,2,2.75,F-3H,1,0.000000,6000.000000,0.000000,272.612731
220,2886.000,2007-07-27,17.000,1,2,2.75,F-4H,1,0.000000,4932.844651,0.000000,399.999998
221,2917.000,2007-08-27,31.000,1,3,3.84,B-1H,1,-1830.271807,-4754.240380,-195148.350417,225.000000
221,2917.000,2007-08-27,31.000,1,3,3.84,B-2H,1,-716.983185,-485.564999,-77738.491503,225.000000
221,2917.000,2007-08-27,31.000,1,3,3.84,B-3H,1,-1140.683083,-7641.731787,-124855.306056,225.000000
221,2917.000,2007-08-27,31.000,1,3,3.84,B-4BH,1,-380.939888,-2997.643066,-40401.287912,225.000000
221,2917.000,2007-08-27,31.000,1,3,3.84,B-4DH,1,-829.375971,-681.005129,-88708.908716,225.000000
221,2917.000,2007-08-27,31.000,1,3,3.84,B-4H,1,-1651.743181,-1668.974215,-176296.632444,225.000000
221,2917.000,2007-08-27,31.000,1,3,3.84,C-1H,1,0.000000,6000.000000,0.000000,334.775638
221,2917.000,2007-08-27,31.000,1,3,3.84,C-2H,1,0.000000,6000.000000,0.000000,282.083584
221,2917.000,2007-08-27,31.000,1,3,3.84,C-3H,1,0.000000,6000.000000,0.000000,288.468889
221,2917.000,2007-08-27,31.000,1,3,3.84,C-4AH,1,0.000000,6000.000000,0.000000,387.458167
221,2917.000,2007-08-27,31.000,1,3,3.84,C-4H,1,0.000000,6000.000000,0.000000,259.956672
221,2917.000,2007-08-27,31.000,1,3,3.84,D-1CH,1,-1520.575616,-549.184247,-163336.335157,225.000000
221,2917.000,2007-08-27,31.000,1,3,3.84,D-1H,1,-401.392615,-225.568707,-43869.702639,225.000000
221,2917.000,2007-08-27,31.000,1,3,3.84,D-2H,1,-708.177076,-1628.290462,-77574.598384,225.000000
221,2917.000,2007-08-27,31.000,1,3,3.84,D-3AH,1,-1384.772197,-6358.126307,-143485.382901,225.000000
221,2917.000,2007-08-27,31.000,1,3,3.84,D-4AH,1,-264.390716,-941.739608,-28474.024865,225.000000
221,2917.000,2007-08-27,31.000,1,3,3.84,D-4H,1,-218.214037,-1463.638127,-23473.231182,225.000000
221,2917.000,2007-08-27,31.000,1,3,3.84,E-1H,1,-904.672078,-888.847361,-98659.186540,225.000000
221,2917.000,2007-08-27,31.000,1,3,3.84,E-2AH,1,-708.861337,-24.045316,-78064.821438,225.000000
221,2917.000,2007-08-27,31.000,1,3,3.84,E-2H,1,-646.411017,-1239.458942,-70567.387275,225.000000
221,2917.000,2007-08-27,31.000,1,3,3.84,E-3AH,1,-280.624808,-604.816480,-28689.865369,225.000000
221,2917.000,2007-08-27,31.000,1,3,3.84,E-3CH,1,-295.080838,-161.604230,-32150.655707,225.000000
221,2917.000,2007-08-27,31.000,1,3,3.84,E-3H,1,-75.458207,-2125.752757,-8178.497467,225.000000
221,2917.000,2007-08-27,31.000,1,3,3.84,E-4AH,1,-462.376172,-137.860504,-43548.605998,225.000000
221,2917.000,2007-08-27,31.000,1,3,3.84,F-1H,1,0.000000,6000.000000,0.000000,329.089388
221,2917.000,2007-08-27,31.000,1,3,3.84,F-2H,1,0.000000,6000.000000,0.000000,375.023986
221,2917.000,2007-08-27,31.000,1,3,3.84,F-3H,1,0.000000,6000.000000,0.000000,272.551701
221,2917.000,2007-08-27,31.000,1,3,3.84,F-4H,1,0.000000,4935.506466,0.000000,400.000000
222,2947.000,2007-09-26,30.000,1,3,4.11,B-1H,1,-1790.863060,-4815.223271,-190996.780789,225.000000
222,2947.000,2007-09-26,30.000,1,3,4.11,B-2H,1,-696.966008,-498.983210,-75600.603887,225.000000
222,2947.000,2007-09-26,30.000,1,3,4.11,B-3H,1,-1119.993283,-7705.758872,-122699.761314,225.000000
222,2947.000,2007-09-26,30.000,1,3,4.11,B-4BH,1,-372.332910,-3031.224517,-39487.212511,225.000000
222,2947.000,2007-09-26,30.000,1,3,4.11,B-4DH,1,-795.035003,-708.340216,-85114.037701,225.000000
222,2947.000,2007-09-26,30.000,1,3,4.11,B-4H,1,-1628.069093,-1701.332087,-173807.170662,225.000000
222,2947.000,2007-09-26,30.000,1,3,4.11,C-1H,1,0.000000,6000.000000,0.000000,334.784683
222,2947.000,2007-09-26,30.000,1,3,4.11,C-2H,1,0.000000,6000.000000,0.000000,282.154704
222,2947.000,2007-09-26,30.000,1,3,4.11,C-3H,1,0.000000,6000.000000,0.000000,288.541767
222,2947.000,2007-09-26,30.000,1,3,4.11,C-4AH,1,0.000000,6000.000000,0.000000,387.445176
222,2947.000,2007-09-26,30.000,1,3,4.11,C-4H,1,0.000000,6000.000000,0.000000,259.992269
222,2947.000,2007-09-26,30.000,1,3,4.11,D-1CH,1,-1476.958613,-569.753423,-158787.748271,225.000000
222,2947.000,2007-09-26,30.000,1,3,4.11,D-1H,1,-387.058715,-233.079061,-42335.661775,225.000000
222,2947.000,2007-09-26,30.000,1,3,4.11,D-2H,1,-694.404369,-1653.875705,-76126.441680,225.000000
222,2947.000,2007-09-26,30.000,1,3,4.11,D-3AH,1,-1351.145662,-6426.775671,-139997.439088,225.000000
222,2947.000,2007-09-26,30.000,1,3,4.11,D-4AH,1,-258.123225,-951.528448,-27795.976901,225.000000
222,2947.000,2007-09-26,30.000,1,3,4.11,D-4H,1,-214.298330,-1476.428269,-23063.149406,225.000000
222,2947.000,2007-09-26,30.000,1,3,4.11,E-1H,1,-876.113079,-912.602276,-95503.343462,225.000000
222,2947.000,2007-09-26,30.000,1,3,4.11,E-2AH,1,-640.543552,-32.252476,-69937.855957,225.000000
222,2947.000,2007-09-26,30.000,1,3,4.11,E-2H,1,-614.356305,-1276.378245,-66920.729091,225.000000
222,2947.000,2007-09-26,30.000,1,3,4.11,E-3AH,1,-277.350112,-605.276004,-28346.534126,225.000000
222,2947.000,2007-09-26,30.000,1,3,4.11,E-3CH,1,-268.269546,-175.151265,-29249.240077,225.000000
222,2947.000,2007-09-26,30.000,1,3,4.11,E-3H,1,-74.147181,-2137.554970,-8033.315691,225.000000
222,2947.000,2007-09-26,30.000,1,3,4.11,E-4AH,1,-450.111609,-148.163653,-42393.356407,225.000000
222,2947.000,2007-09-26,30.000,1,3,4.11,F-1H,1,0.000000,6000.000000,0.000000,329.069806
222,2947.000,2007-09-26,30.000,1,3,4.11,F-2H,1,0.000000,6000.000000,0.000000,375.000536
222,2947.000,2007-09-26,30.000,1,3,4.11,F-3H,1,0.000000,6000.000000,0.000000,272.525924
222,2947.000,2007-09-26,30.000,1,3,4.11,F-4H,1,0.000000,4936.931843,0.000000,400.000000
223,2948.000,2007-09-27,1.000,1,2,2.73,B-1H,1,-1789.392161,-4816.304474,-190838.219457,225.000000
223,2948.000,2007-09-27,1.000,1,2,2.73,B-2H,1,-696.239934,-499.372467,-75522.757685,225.000000
223,2948.000,2007-09-27,1.000,1,2,2.73,B-3H,1,-1119.535755,-7708.774813,-122658.746006,225.000000
223,2948.000,2007-09-27,1.000,1,2,2.73,B-4BH,1,-372.049916,-3032.358861,-39457.171253,225.000000
223,2948.000,2007-09-27,1.000,1,2,2.73,B-4DH,1,-793.820801,-709.126264,-84985.574757,225.000000
223,2948.000,2007-09-27,1.000,1,2,2.73,B-4H,1,-1627.248170,-1702.189662,-173720.130238,225.000000
223,2948.000,2007-09-27,1.000,1,2,2.73,C-1H,1,0.000000,6000.000000,0.000000,334.785003
223,2948.000,2007-09-27,1.000,1,2,2.73,C-2H,1,0.000000,6000.000000,0.000000,282.157069
223,2948.000,2007-09-27,1.000,1,2,2.73,C-3H,1,0.000000,6000.000000,0.000000,288.544189
223,2948.000,2007-09-27,1.000,1,2,2.73,C-4AH,1,0.000000,6000.000000,0.000000,387.444761
223,2948.000,2007-09-27,1.000,1,2,2.73,C-4H,1,0.000000,6000.000000,0.000000,259.993442
223,2948.000,2007-09-27,1.000,1,2,2.73,D-1CH,1,-1475.306471,-570.353305,-158612.919893,225.000000
223,2948.000,2007-09-27,1.000,1,2,2.73,D-1H,1,-386.427331,-233.183875,-42267.042278,225.000000
223,2948.000,2007-09-27,1.000,1,2,2.73,D-2H,1,-693.934640,-1654.729697,-76077.377747,225.000000
223,2948.000,2007-09-27,1.000,1,2,2.73,D-3AH,1,-1349.977798,-6428.864552,-139876.098179,225.000000
223,2948.000,2007-09-27,1.000,1,2,2.73,D-4AH,1,-257.904839,-951.806650,-27771.780679,225.000000
223,2948.000,2007-09-27,1.000,1,2,2.73,D-4H,1,-214.160083,-1476.768799,-23048.481339,225.000000
223,2948.000,2007-09-27,1.000,1,2,2.73,E-1H,1,-875.234752,-913.445433,-95406.682132,225.000000
223,2948.000,2007-09-27,1.000,1,2,2.73,E-2AH,1,-638.389195,-32.565923,-69680.776702,225.000000
223,2948.000,2007-09-27,1.000,1,2,2.73,E-2H,1,-613.367891,-1277.755812,-66809.128992,225.000000
223,2948.000,2007-09-27,1.000,1,2,2.73,E-3AH,1,-277.241732,-605.284013,-28335.176561,225.000000
223,2948.000,2007-09-27,1.000,1,2,2.73,E-3CH,1,-267.541301,-175.669883,-29170.874938,225.000000
223,2948.000,2007-09-27,1.000,1,2,2.73,E-3H,1,-74.106810,-2137.968153,-8028.841032,225.000000
223,2948.000,2007-09-27,1.000,1,2,2.73,E-4AH,1,-449.259212,-148.465662,-42313.069300,225.000000
223,2948.000,2007-09-27,1.000,1,2,2.73,F-1H,1,0.000000,6000.000000,0.000000,329.069204
223,2948.000,2007-09-27,1.000,1,2,2.73,F-2H,1,0.000000,6000.000000,0.000000,374.999806
223,2948.000,2007-09-27,1.000,1,2,2.73,F-3H,1,0.000000,6000.000000,0.000000,272.525087
223,2948.000,2007-09-27,1.000,1,2,2.73,F-4H,1,0.000000,4936.758848,0.000000,400.000004
224,2976.000,2007-10-25,28.000,1,3,4.11,B-1H,1,-1754.771160,-4873.717867,-187209.901878,225.000000
224,2976.000,2007-10-25,28.000,1,3,4.11,B-2H,1,-678.638871,-511.447420,-73640.298621,225.000000
224,2976.000,2007-10-25,28.000,1,3,4.11,B-3H,1,-1101.128570,-7770.046195,-120752.534196,225.000000
224,2976.000,2007-10-25,28.000,1,3,4.11,B-4BH,1,-364.558290,-3064.682399,-38661.279187,225.000000
224,2976.000,2007-10-25,28.000,1,3,4.11,B-4DH,1,-764.962266,-733.398925,-81954.879692,225.000000
224,2976.000,2007-10-25,28.000,1,3,4.11,B-4H,1,-1604.061349,-1732.796148,-171273.207085,225.000000
224,2976.000,2007-10-25,28.000,1,3,4.11,C-1H,1,0.000000,6000.000000,0.000000,334.796877
224,2976.000,2007-10-25,28.000,1,3,4.11,C-2H,1,0.000000,6000.000000,0.000000,282.217799
224,2976.000,2007-10-25,28.000,1,3,4.11,C-3H,1,0.000000,6000.000000,0.000000,288.607040
224,2976.000,2007-10-25,28.000,1,3,4.11,C-4AH,1,0.000000,6000.000000,0.000000,387.441750
224,2976.000,2007-10-25,28.000,1,3,4.11,C-4H,1,0.000000,6000.000000,0.000000,260.025803
224,2976.000,2007-10-25,28.000,1,3,4.11,D-1CH,1,-1437.782357,-588.972836,-154691.459371,225.000000
224,2976.000,2007-10-25,28.000,1,3,4.11,D-1H,1,-373.862796,-240.074839,-40918.477439,225.000000
224,2976.000,2007-10-25,28.000,1,3,4.11,D-2H,1,-681.653880,-1678.444169,-74791.685808,225.000000
224,2976.000,2007-10-25,28.000,1,3,4.11,D-3AH,1,-1320.163671,-6494.855059,-137437.705209,225.000000
224,2976.000,2007-10-25,28.000,1,3,4.11,D-4AH,1,-252.487474,-961.357508,-27188.654401,225.000000
224,2976.000,2007-10-25,28.000,1,3,4.11,D-4H,1,-210.575800,-1488.630847,-22669.696273,225.000000
224,2976.000,2007-10-25,28.000,1,3,4.11,E-1H,1,-850.027704,-935.651466,-92638.398853,225.000000
224,2976.000,2007-10-25,28.000,1,3,4.11,E-2AH,1,-570.770528,-42.633666,-62107.775055,225.000000
224,2976.000,2007-10-25,28.000,1,3,4.11,E-2H,1,-588.852219,-1309.023442,-64069.904351,225.000000
224,2976.000,2007-10-25,28.000,1,3,4.11,E-3AH,1,-274.284857,-606.181525,-28024.836563,225.000000
224,2976.000,2007-10-25,28.000,1,3,4.11,E-3CH,1,-247.517420,-186.850858,-26997.508210,225.000000
224,2976.000,2007-10-25,28.000,1,3,4.11,E-3H,1,-72.981082,-2149.690544,-7904.378630,225.000000
224,2976.000,2007-10-25,28.000,1,3,4.11,E-4AH,1,-438.903521,-158.034530,-41337.628403,225.000000
224,2976.000,2007-10-25,28.000,1,3,4.11,F-1H,1,0.000000,6000.000000,0.000000,329.074080
224,2976.000,2007-10-25,28.000,1,3,4.11,F-2H,1,0.000000,6000.000000,0.000000,375.000826
224,2976.000,2007-10-25,28.000,1,3,4.11,F-3H,1,0.000000,6000.000000,0.000000,272.515402
224,2976.000,2007-10-25,28.000,1,3,4.11,F-4H,1,0.000000,4938.138002,0.000000,400.000000
225,2978.000,2007-10-27,2.000,1,2,2.82,B-1H,1,-1752.204312,-4876.961921,-186936.404968,225.000000
225,2978.000,2007-10-27,2.000,1,2,2.82,B-2H,1,-677.347336,-512.254975,-73501.845574,225.000000
225,2978.000,2007-10-27,2.000,1,2,2.82,B-3H,1,-1099.992946,-7775.230060,-120641.091809,225.000000
225,2978.000,2007-10-27,2.000,1,2,2.82,B-4BH,1,-364.027642,-3067.003552,-38604.946228,225.000000
225,2978.000,2007-10-27,2.000,1,2,2.82,B-4DH,1,-762.837800,-735.054041,-81730.240834,225.000000
225,2978.000,2007-10-27,2.000,1,2,2.82,B-4H,1,-1602.391656,-1734.774231,-171096.256242,225.000000
225,2978.000,2007-10-27,2.000,1,2,2.82,C-1H,1,0.000000,6000.000000,0.000000,334.797755
225,2978.000,2007-10-27,2.000,1,2,2.82,C-2H,1,0.000000,6000.000000,0.000000,282.222129
225,2978.000,2007-10-27,2.000,1,2,2.82,C-3H,1,0.000000,6000.000000,0.000000,288.611522
225,2978.000,2007-10-27,2.000,1,2,2.82,C-4AH,1,0.000000,6000.000000,0.000000,387.441576
225,2978.000,2007-10-27,2.000,1,2,2.82,C-4H,1,0.000000,6000.000000,0.000000,260.028101
225,2978.000,2007-10-27,2.000,1,2,2.82,D-1CH,1,-1434.955629,-590.258061,-154393.846143,225.000000
225,2978.000,2007-10-27,2.000,1,2,2.82,D-1H,1,-372.830470,-240.426824,-40806.678661,225.000000
225,2978.000,2007-10-27,2.000,1,2,2.82,D-2H,1,-680.773235,-1680.123024,-74698.919447,225.000000
225,2978.000,2007-10-27,2.000,1,2,2.82,D-3AH,1,-1318.013270,-6499.421992,-137301.474491,225.000000
225,2978.000,2007-10-27,2.000,1,2,2.82,D-4AH,1,-252.092802,-962.008957,-27145.609149,225.000000
225,2978.000,2007-10-27,2.000,1,2,2.82,D-4H,1,-210.318251,-1489.399797,-22642.318746,225.000000
225,2978.000,2007-10-27,2.000,1,2,2.82,E-1H,1,-848.288056,-937.292003,-92447.889787,225.000000
225,2978.000,2007-10-27,2.000,1,2,2.82,E-2AH,1,-566.237548,-43.423563,-61598.315850,225.000000
225,2978.000,2007-10-27,2.000,1,2,2.82,E-2H,1,-587.189215,-1311.370495,-63884.984731,225.000000
225,2978.000,2007-10-27,2.000,1,2,2.82,E-3AH,1,-274.075157,-606.240521,-28002.821742,225.000000
225,2978.000,2007-10-27,2.000,1,2,2.82,E-3CH,1,-246.180048,-187.691288,-26852.587866,225.000000
225,2978.000,2007-10-27,2.000,1,2,2.82,E-3H,1,-72.902487,-2150.546991,-7895.689006,225.000000
225,2978.000,2007-10-27,2.000,1,2,2.82,E-4AH,1,-437.828919,-158.698129,-41236.410465,225.000000
225,2978.000,2007-10-27,2.000,1,2,2.82,F-1H,1,0.000000,6000.000000,0.000000,329.074531
225,2978.000,2007-10-27,2.000,1,2,2.82,F-2H,1,0.000000,6000.000000,0.000000,375.001004
225,2978.000,2007-10-27,2.000,1,2,2.82,F-3H,1,0.000000,6000.000000,0.000000,272.514739
225,2978.000,2007-10-27,2.000,1,2,2.82,F-4H,1,0.000000,4937.950527,0.000000,400.000003
226,2995.000,2007-11-13,17.000,1,9,9.91,B-1BH,1,-7869.144074,-5642.945168,-809103.537745,225.000000
226,2995.000,2007-11-13,17.000,1,9,9.91,B-1H,1,-1658.059979,-4736.664989,-178022.241744,225.000000
226,2995.000,2007-11-13,17.000,1,9,9.91,B-2H,1,-623.420123,-480.234808,-68015.846673,225.000000
226,2995.000,2007-11-13,17.000,1,9,9.91,B-3H,1,-1002.554529,-7522.170975,-111382.752742,225.000000
226,2995.000,2007-11-13,17.000,1,9,9.91,B-4BH,1,-356.693890,-3048.731904,-37946.310206,225.000000
226,2995.000,2007-11-13,17.000,1,9,9.91,B-4DH,1,-678.140785,-667.807991,-73495.250585,225.000000
226,2995.000,2007-11-13,17.000,1,9,9.91,B-4H,1,-609.999602,-1388.194544,-69446.325301,225.000000
226,2995.000,2007-11-13,17.000,1,9,9.91,C-1H,1,0.000000,6000.000000,0.000000,334.162053
226,2995.000,2007-11-13,17.000,1,9,9.91,C-2H,1,0.000000,6000.000000,0.000000,281.110074
226,2995.000,2007-11-13,17.000,1,9,9.91,C-3H,1,0.000000,6000.000000,0.000000,286.496895
226,2995.000,2007-11-13,17.000,1,9,9.91,C-4AH,1,0.000000,6000.000000,0.000000,387.116538
226,2995.000,2007-11-13,17.000,1,9,9.91,C-4H,1,0.000000,6000.000000,0.000000,257.850015
226,2995.000,2007-11-13,17.000,1,9,9.91,D-1CH,1,-1332.042411,-560.440846,-144640.667830,225.000000
226,2995.000,2007-11-13,17.000,1,9,9.91,D-1H,1,-348.643007,-229.201220,-38416.717268,225.000000
226,2995.000,2007-11-13,17.000,1,9,9.91,D-2H,1,-613.294824,-1531.368078,-68954.371906,225.000000
226,2995.000,2007-11-13,17.000,1,9,9.91,D-3AH,1,-1263.029258,-6321.259251,-131497.744072,225.000000
226,2995.000,2007-11-13,17.000,1,9,9.91,D-4AH,1,-248.636697,-966.041228,-26776.060582,225.000000
226,2995.000,2007-11-13,17.000,1,9,9.91,D-4H,1,-195.990549,-1427.998620,-21460.645987,225.000000
226,2995.000,2007-11-13,17.000,1,9,9.91,E-1H,1,-828.469028,-943.839372,-90448.350546,225.000000
226,2995.000,2007-11-13,17.000,1,9,9.91,E-2AH,1,-523.316700,-50.131854,-56904.547180,225.000000
226,2995.000,2007-11-13,17.000,1,9,9.91,E-2H,1,-571.345340,-1314.802557,-62340.937647,225.000000
226,2995.000,2007-11-13,17.000,1,9,9.91,E-3AH,1,-272.138167,-606.203229,-27802.238452,225.000000
226,2995.000,2007-11-13,17.000,1,9,9.91,E-3CH,1,-234.085691,-193.148522,-25540.776646,225.000000
226,2995.000,2007-11-13,17.000,1,9,9.91,E-3H,1,-72.038399,-2150.818504,-7800.465824,225.000000
226,2995.000,2007-11-13,17.000,1,9,9.91,E-4AH,1,-432.592735,-164.683064,-40743.190278,225.000000
226,2995.000,2007-11-13,17.000,1,9,9.91,F-1H,1,0.000000,6000.000000,0.000000,328.996322
226,2995.000,2007-11-13,17.000,1,9,9.91,F-2H,1,0.000000,6000.000000,0.000000,374.925558
226,2995.000,2007-11-13,17.000,1,9,9.91,F-3H,1,0.000000,6000.000000,0.000000,272.211213
226,2995.000,2007-11-13,17.000,1,9,9.91,F-4H,1,0.000000,4942.465061,0.000000,400.000000
227,3009.000,2007-11-27,14.000,1,3,3.99,B-1BH,1,-5578.719443,-5412.501113,-570588.733185,225.000000
227,3009.000,2007-11-27,14.000,1,3,3.99,B-1H,1,-1589.137400,-4622.937334,-170644.463016,225.000000
227,3009.000,2007-11-27,14.000,1,3,3.99,B-2H,1,-588.243634,-458.016553,-64203.841341,225.000000
227,3009.000,2007-11-27,14.000,1,3,3.99,B-3H,1,-938.129103,-7383.890723,-104240.703244,225.000000
227,3009.000,2007-11-27,14.000,1,3,3.99,B-4BH,1,-350.744097,-3035.017282,-37334.485208,225.000000
227,3009.000,2007-11-27,14.000,1,3,3.99,B-4DH,1,-624.240816,-630.593954,-67705.415529,225.000000
227,3009.000,2007-11-27,14.000,1,3,3.99,B-4H,1,-424.646837,-1430.474559,-47393.033806,225.000000
227,3009.000,2007-11-27,14.000,1,3,3.99,C-1H,1,0.000000,6000.000000,0.000000,333.597495
227,3009.000,2007-11-27,14.000,1,3,3.99,C-2H,1,0.000000,6000.000000,0.000000,280.103946
227,3009.000,2007-11-27,14.000,1,3,3.99,C-3H,1,0.000000,6000.000000,0.000000,285.144842
227,3009.000,2007-11-27,14.000,1,3,3.99,C-4AH,1,0.000000,6000.000000,0.000000,386.802758
227,3009.000,2007-11-27,14.000,1,3,3.99,C-4H,1,0.000000,6000.000000,0.000000,256.883875
227,3009.000,2007-11-27,14.000,1,3,3.99,D-1CH,1,-1254.973836,-535.252610,-136833.543853,225.000000
227,3009.000,2007-11-27,14.000,1,3,3.99,D-1H,1,-329.146468,-219.193063,-36447.363908,225.000000
227,3009.000,2007-11-27,14.000,1,3,3.99,D-2H,1,-572.922855,-1448.548141,-64846.258912,225.000000
227,3009.000,2007-11-27,14.000,1,3,3.99,D-3AH,1,-1217.602734,-6187.787806,-126415.655198,225.000000
227,3009.000,2007-11-27,14.000,1,3,3.99,D-4H,1,-184.033704,-1381.209590,-20331.496424,225.000000
227,3009.000,2007-11-27,14.000,1,3,3.99,E-1H,1,-813.333375,-949.931716,-88839.998889,225.000000
227,3009.000,2007-11-27,14.000,1,3,3.99,E-2AH,1,-491.162406,-56.253423,-53386.195744,225.000000
227,3009.000,2007-11-27,14.000,1,3,3.99,E-2H,1,-561.079647,-1318.264637,-61251.907681,225.000000
227,3009.000,2007-11-27,14.000,1,3,3.99,E-3AH,1,-270.901724,-608.132635,-27666.147514,225.000000
227,3009.000,2007-11-27,14.000,1,3,3.99,E-3CH,1,-226.463390,-199.096857,-24700.610261,225.000000
227,3009.000,2007-11-27,14.000,1,3,3.99,E-3H,1,-72.045853,-2172.475594,-7800.723506,225.000000
227,3009.000,2007-11-27,14.000,1,3,3.99,E-4AH,1,-426.684977,-169.371503,-40186.730703,225.000000
227,3009.000,2007-11-27,14.000,1,3,3.99,F-1H,1,0.000000,6000.000000,0.000000,329.524336
227,3009.000,2007-11-27,14.000,1,3,3.99,F-2H,1,0.000000,6000.000000,0.000000,375.657152
227,3009.000,2007-11-27,14.000,1,3,3.99,F-3H,1,0.000000,6000.000000,0.000000,272.035373
227,3009.000,2007-11-27,14.000,1,3,3.99,F-4H,1,0.000000,4947.563406,0.000000,400.000000
228,3032.000,2007-12-20,23.000,1,3,3.84,B-1BH,1,-4604.487202,-5367.877231,-468172.689883,225.000000
228,3032.000,2007-12-20,23.000,1,3,3.84,B-1H,1,-1513.580859,-4519.278030,-161873.225692,225.000000
228,3032.000,2007-12-20,23.000,1,3,3.84,B-2H,1,-553.086855,-438.358232,-60129.897536,225.000000
228,3032.000,2007-12-20,23.000,1,3,3.84,B-3H,1,-878.101422,-7300.396717,-96927.056515,225.000000
228,3032.000,2007-12-20,23.000,1,3,3.84,B-4BH,1,-342.611013,-3028.845563,-36442.227171,225.000000
228,3032.000,2007-12-20,23.000,1,3,3.84,B-4DH,1,-571.961536,-602.729437,-61681.222406,225.000000
228,3032.000,2007-12-20,23.000,1,3,3.84,B-4H,1,-323.456876,-1504.032375,-34840.654227,225.000000
228,3032.000,2007-12-20,23.000,1,3,3.84,C-1H,1,0.000000,6000.000000,0.000000,332.948956
228,3032.000,2007-12-20,23.000,1,3,3.84,C-2H,1,0.000000,6000.000000,0.000000,278.909978
228,3032.000,2007-12-20,23.000,1,3,3.84,C-3H,1,0.000000,6000.000000,0.000000,283.900574
228,3032.000,2007-12-20,23.000,1,3,3.84,C-4AH,1,0.000000,6000.000000,0.000000,386.404522
228,3032.000,2007-12-20,23.000,1,3,3.84,C-4H,1,0.000000,6000.000000,0.000000,256.131599
228,3032.000,2007-12-20,23.000,1,3,3.84,D-1CH,1,-1174.950351,-509.142825,-127921.159368,225.000000
228,3032.000,2007-12-20,23.000,1,3,3.84,D-1H,1,-306.361845,-208.655217,-33984.989078,225.000000
228,3032.000,2007-12-20,23.000,1,3,3.84,D-2H,1,-535.852155,-1382.453832,-60289.937831,225.000000
228,3032.000,2007-12-20,23.000,1,3,3.84,D-3AH,1,-1162.634885,-6073.244077,-120521.413049,225.000000
228,3032.000,2007-12-20,23.000,1,3,3.84,D-4H,1,-169.836850,-1337.079049,-18721.020503,225.000000
228,3032.000,2007-12-20,23.000,1,3,3.84,E-1H,1,-790.949987,-961.703839,-86367.210071,225.000000
228,3032.000,2007-12-20,23.000,1,3,3.84,E-2AH,1,-446.782715,-66.517188,-48535.258454,225.000000
228,3032.000,2007-12-20,23.000,1,3,3.84,E-2H,1,-548.468777,-1327.536065,-59828.106505,225.000000
228,3032.000,2007-12-20,23.000,1,3,3.84,E-3AH,1,-268.864845,-612.432431,-27446.980160,225.000000
228,3032.000,2007-12-20,23.000,1,3,3.84,E-3CH,1,-215.008361,-207.758244,-23461.326635,225.000000
228,3032.000,2007-12-20,23.000,1,3,3.84,E-3H,1,-71.765009,-2197.061905,-7769.146870,225.000000
228,3032.000,2007-12-20,23.000,1,3,3.84,E-4AH,1,-416.831099,-176.927308,-39258.594919,225.000000
228,3032.000,2007-12-20,23.000,1,3,3.84,F-1H,1,0.000000,6000.000000,0.000000,330.080293
228,3032.000,2007-12-20,23.000,1,3,3.84,F-2H,1,0.000000,6000.000000,0.000000,376.302591
228,3032.000,2007-12-20,23.000,1,3,3.84,F-3H,1,0.000000,6000.000000,0.000000,271.877042
228,3032.000,2007-12-20,23.000,1,3,3.84,F-4H,1,0.000000,4956.615841,0.000000,400.000000
229,3037.000,2007-12-25,5.000,1,6,6.85,B-1BH,1,-4450.906636,-5355.067982,-452465.884342,225.000000
229,3037.000,2007-12-25,5.000,1,6,6.85,B-1H,1,-1475.094396,-4436.159330,-157443.387311,225.000000
229,3037.000,2007-12-25,5.000,1,6,6.85,B-2H,1,-546.149845,-434.519961,-59319.147114,225.000000
229,3037.000,2007-12-25,5.000,1,6,6.85,B-3H,1,-863.359220,-7266.693287,-95335.864909,225.000000
229,3037.000,2007-12-25,5.000,1,6,6.85,B-4BH,1,-340.493884,-3022.322069,-36258.572163,225.000000
229,3037.000,2007-12-25,5.000,1,6,6.85,B-4DH,1,-562.084127,-597.634323,-60534.156436,225.000000
229,3037.000,2007-12-25,5.000,1,6,6.85,B-4H,1,-307.304097,-1514.733042,-32853.853096,225.000000
229,3037.000,2007-12-25,5.000,1,6,6.85,C-1H,1,0.000000,6000.000000,0.000000,332.788476
229,3037.000,2007-12-25,5.000,1,6,6.85,C-2H,1,0.000000,6000.000000,0.000000,278.674004
229,3037.000,2007-12-25,5.000,1,6,6.85,C-3H,1,0.000000,6000.000000,0.000000,283.670443
229,3037.000,2007-12-25,5.000,1,6,6.85,C-4AH,1,0.000000,6000.000000,0.000000,386.305390
229,3037.000,2007-12-25,5.000,1,6,6.85,C-4H,1,0.000000,6000.000000,0.000000,255.950776
229,3037.000,2007-12-25,5.000,1,6,6.85,D-1CH,1,-1159.585067,-504.079042,-126169.854734,225.000000
229,3037.000,2007-12-25,5.000,1,6,6.85,D-1H,1,-301.873381,-206.611230,-33495.514980,225.000000
229,3037.000,2007-12-25,5.000,1,6,6.85,D-2H,1,-528.981466,-1370.583225,-59405.321289,225.000000
229,3037.000,2007-12-25,5.000,1,6,6.85,D-3AH,1,-1058.601302,-5943.063139,-109582.047492,225.000000
229,3037.000,2007-12-25,5.000,1,6,6.85,D-3BH,1,-805.179408,-191.789964,-316614.481614,225.000000
229,3037.000,2007-12-25,5.000,1,6,6.85,D-4H,1,-166.736049,-1325.329136,-18385.132030,225.000000
229,3037.000,2007-12-25,5.000,1,6,6.85,E-1H,1,-785.876328,-963.708324,-85828.709255,225.000000
229,3037.000,2007-12-25,5.000,1,6,6.85,E-2AH,1,-437.719042,-68.975474,-47546.950742,225.000000
229,3037.000,2007-12-25,5.000,1,6,6.85,E-2H,1,-545.799287,-1329.053611,-59546.789906,225.000000
229,3037.000,2007-12-25,5.000,1,6,6.85,E-3AH,1,-268.409695,-613.351648,-27398.792405,225.000000
229,3037.000,2007-12-25,5.000,1,6,6.85,E-3CH,1,-212.634676,-209.567466,-23206.257633,225.000000
229,3037.000,2007-12-25,5.000,1,6,6.85,E-3H,1,-71.674498,-2201.400775,-7759.062426,225.000000
229,3037.000,2007-12-25,5.000,1,6,6.85,E-4AH,1,-417.063669,-178.947489,-39280.489274,225.000000
229,3037.000,2007-12-25,5.000,1,6,6.85,F-1H,1,0.000000,6000.000000,0.000000,330.174368
229,3037.000,2007-12-25,5.000,1,6,6.85,F-2H,1,0.000000,6000.000000,0.000000,376.410790
229,3037.000,2007-12-25,5.000,1,6,6.85,F-3H,1,0.000000,6000.000000,0.000000,271.827615
229,3037.000,2007-12-25,5.000,1,6,6.85,F-4H,1,0.000000,4958.666362,0.000000,400.000000
230,3068.000,2008-01-25,31.000,1,4,4.98,B-1BH,1,-3942.346848,-5347.952077,-399585.517273,225.000000
230,3068.000,2008-01-25,31.000,1,4,4.98,B-1H,1,-1377.696648,-4340.787112,-145875.310683,225.000000
230,3068.000,2008-01-25,31.000,1,4,4.98,B-2H,1,-517.693128,-423.161609,-55836.520140,225.000000
230,3068.000,2008-01-25,31.000,1,4,4.98,B-3H,1,-807.452963,-7187.842251,-88512.499458,225.000000
230,3068.000,2008-01-25,31.000,1,4,4.98,B-4BH,1,-329.540304,-3006.611083,-35075.837011,225.000000
230,3068.000,2008-01-25,31.000,1,4,4.98,B-4DH,1,-523.607858,-583.921448,-55976.444805,225.000000
230,3068.000,2008-01-25,31.000,1,4,4.98,B-4H,1,-250.334166,-1570.572912,-26220.465306,225.000000
230,3068.000,2008-01-25,31.000,1,4,4.98,C-1H,1,0.000000,6000.000000,0.000000,332.168662
230,3068.000,2008-01-25,31.000,1,4,4.98,C-2H,1,0.000000,6000.000000,0.000000,277.767104
230,3068.000,2008-01-25,31.000,1,4,4.98,C-3H,1,0.000000,6000.000000,0.000000,282.864585
230,3068.000,2008-01-25,31.000,1,4,4.98,C-4AH,1,0.000000,6000.000000,0.000000,385.850497
230,3068.000,2008-01-25,31.000,1,4,4.98,C-4H,1,0.000000,6000.000000,0.000000,255.362469
230,3068.000,2008-01-25,31.000,1,4,4.98,D-1CH,1,-1101.434230,-486.684917,-119087.274101,225.000000
230,3068.000,2008-01-25,31.000,1,4,4.98,D-1H,1,-283.066670,-200.035630,-31338.262987,225.000000
230,3068.000,2008-01-25,31.000,1,4,4.98,D-2H,1,-503.740967,-1333.758590,-55870.090152,225.000000
230,3068.000,2008-01-25,31.000,1,4,4.98,D-3AH,1,-918.056209,-6006.266483,-94307.342237,225.000000
230,3068.000,2008-01-25,31.000,1,4,4.98,D-3BH,1,-673.276389,-187.563136,-155561.392451,225.000000
230,3068.000,2008-01-25,31.000,1,4,4.98,D-4H,1,-154.571143,-1290.109792,-16899.500334,225.000000
230,3068.000,2008-01-25,31.000,1,4,4.98,E-1H,1,-755.468653,-973.928805,-82548.775397,225.000000
230,3068.000,2008-01-25,31.000,1,4,4.98,E-2AH,1,-392.699555,-80.795223,-42704.413102,225.000000
230,3068.000,2008-01-25,31.000,1,4,4.98,E-2H,1,-529.326569,-1333.739688,-57801.635985,225.000000
230,3068.000,2008-01-25,31.000,1,4,4.98,E-3AH,1,-265.141085,-616.678940,-27061.671484,225.000000
230,3068.000,2008-01-25,31.000,1,4,4.98,E-3CH,1,-198.450541,-218.020514,-21674.609557,225.000000
230,3068.000,2008-01-25,31.000,1,4,4.98,E-3H,1,-70.608064,-2210.420467,-7640.920631,225.000000
230,3068.000,2008-01-25,31.000,1,4,4.98,E-4AH,1,-403.263386,-188.865878,-37980.659033,225.000000
230,3068.000,2008-01-25,31.000,1,4,4.98,F-1H,1,0.000000,6000.000000,0.000000,330.304895
230,3068.000,2008-01-25,31.000,1,4,4.98,F-2H,1,0.000000,6000.000000,0.000000,376.536429
230,3068.000,2008-01-25,31.000,1,4,4.98,F-3H,1,0.000000,6000.000000,0.000000,271.566800
230,3068.000,2008-01-25,31.000,1,4,4.98,F-4H,1,0.000000,4971.834677,0.000000,400.000000
231,3092.000,2008-02-18,24.000,1,3,3.89,B-1BH,1,-3672.028765,-5384.270727,-371460.858760,225.000000
231,3092.000,2008-02-18,24.000,1,3,3.89,B-1H,1,-1334.134049,-4327.325097,-140905.018992,225.000000
231,3092.000,2008-02-18,24.000,1,3,3.89,B-2H,1,-501.981192,-419.398756,-53876.683005,225.000000
231,3092.000,2008-02-18,24.000,1,3,3.89,B-3H,1,-778.427915,-7179.128405,-84893.445463,225.000000
231,3092.000,2008-02-18,24.000,1,3,3.89,B-4BH,1,-322.396943,-3006.509905,-34263.413280,225.000000
231,3092.000,2008-02-18,24.000,1,3,3.89,B-4DH,1,-502.522088,-579.591214,-53453.795997,225.000000
231,3092.000,2008-02-18,24.000,1,3,3.89,B-4H,1,-223.883374,-1610.164993,-23207.977541,225.000000
231,3092.000,2008-02-18,24.000,1,3,3.89,C-1H,1,0.000000,6000.000000,0.000000,331.877619
231,3092.000,2008-02-18,24.000,1,3,3.89,C-2H,1,0.000000,6000.000000,0.000000,277.309252
231,3092.000,2008-02-18,24.000,1,3,3.89,C-3H,1,0.000000,6000.000000,0.000000,282.472481
231,3092.000,2008-02-18,24.000,1,3,3.89,C-4AH,1,0.000000,6000.000000,0.000000,385.609574
231,3092.000,2008-02-18,24.000,1,3,3.89,C-4H,1,0.000000,6000.000000,0.000000,255.088288
231,3092.000,2008-02-18,24.000,1,3,3.89,D-1CH,1,-1071.173758,-479.206919,-115242.926659,225.000000
231,3092.000,2008-02-18,24.000,1,3,3.89,D-1H,1,-272.598028,-197.453806,-30082.638362,225.000000
231,3092.000,2008-02-18,24.000,1,3,3.89,D-2H,1,-490.467522,-1318.434982,-53946.302568,225.000000
231,3092.000,2008-02-18,24.000,1,3,3.89,D-3AH,1,-873.540723,-6051.562848,-89560.609718,225.000000
231,3092.000,2008-02-18,24.000,1,3,3.89,D-3BH,1,-621.929204,-197.145121,-125167.735511,225.000000
231,3092.000,2008-02-18,24.000,1,3,3.89,D-4H,1,-147.961323,-1278.250901,-16046.021913,225.000000
231,3092.000,2008-02-18,24.000,1,3,3.89,E-1H,1,-734.223840,-983.013388,-80212.020386,225.000000
231,3092.000,2008-02-18,24.000,1,3,3.89,E-2AH,1,-365.142253,-88.440797,-39752.211101,225.000000
231,3092.000,2008-02-18,24.000,1,3,3.89,E-2H,1,-517.848446,-1339.601289,-56550.757129,225.000000
231,3092.000,2008-02-18,24.000,1,3,3.89,E-3AH,1,-262.528405,-618.165970,-26793.038827,225.000000
231,3092.000,2008-02-18,24.000,1,3,3.89,E-3CH,1,-188.463244,-224.226617,-20589.313588,225.000000
231,3092.000,2008-02-18,24.000,1,3,3.89,E-3H,1,-69.699706,-2213.854213,-7540.430415,225.000000
231,3092.000,2008-02-18,24.000,1,3,3.89,E-4AH,1,-394.464588,-196.816514,-37151.911999,225.000000
231,3092.000,2008-02-18,24.000,1,3,3.89,F-1H,1,0.000000,6000.000000,0.000000,330.283703
231,3092.000,2008-02-18,24.000,1,3,3.89,F-2H,1,0.000000,6000.000000,0.000000,376.509409
231,3092.000,2008-02-18,24.000,1,3,3.89,F-3H,1,0.000000,6000.000000,0.000000,271.413654
231,3092.000,2008-02-18,24.000,1,3,3.89,F-4H,1,0.000000,4980.981390,0.000000,400.000000
232,3098.000,2008-02-24,6.000,1,2,2.77,B-1BH,1,-3610.212941,-5395.897142,-365034.290584,225.000000
232,3098.000,2008-02-24,6.000,1,2,2.77,B-1H,1,-1324.481463,-4325.440974,-139812.483741,225.000000
232,3098.000,2008-02-24,6.000,1,2,2.77,B-2H,1,-498.384678,-418.691696,-53427.183083,225.000000
232,3098.000,2008-02-24,6.000,1,2,2.77,B-3H,1,-771.992936,-7179.916467,-84096.234167,225.000000
232,3098.000,2008-02-24,6.000,1,2,2.77,B-4BH,1,-320.693942,-3007.039872,-34068.955335,225.000000
232,3098.000,2008-02-24,6.000,1,2,2.77,B-4DH,1,-497.716735,-578.788755,-52878.048733,225.000000
232,3098.000,2008-02-24,6.000,1,2,2.77,B-4H,1,-218.139760,-1619.860600,-22558.756523,225.000000
232,3098.000,2008-02-24,6.000,1,2,2.77,C-1H,1,0.000000,6000.000000,0.000000,331.814751
232,3098.000,2008-02-24,6.000,1,2,2.77,C-2H,1,0.000000,6000.000000,0.000000,277.208563
232,3098.000,2008-02-24,6.000,1,2,2.77,C-3H,1,0.000000,6000.000000,0.000000,282.386930
232,3098.000,2008-02-24,6.000,1,2,2.77,C-4AH,1,0.000000,6000.000000,0.000000,385.555525
232,3098.000,2008-02-24,6.000,1,2,2.77,C-4H,1,0.000000,6000.000000,0.000000,255.028641
232,3098.000,2008-02-24,6.000,1,2,2.77,D-1CH,1,-1064.395712,-477.684455,-114372.338036,225.000000
232,3098.000,2008-02-24,6.000,1,2,2.77,D-1H,1,-270.188435,-196.894349,-29790.114805,225.000000
232,3098.000,2008-02-24,6.000,1,2,2.77,D-2H,1,-487.488387,-1315.288730,-53510.464152,225.000000
232,3098.000,2008-02-24,6.000,1,2,2.77,D-3AH,1,-864.448375,-6060.545091,-88601.501474,225.000000
232,3098.000,2008-02-24,6.000,1,2,2.77,D-3BH,1,-610.916761,-199.908389,-121311.067645,225.000000
232,3098.000,2008-02-24,6.000,1,2,2.77,D-4H,1,-146.463482,-1275.986639,-15850.140324,225.000000
232,3098.000,2008-02-24,6.000,1,2,2.77,E-1H,1,-729.076254,-985.369398,-79643.529590,225.000000
232,3098.000,2008-02-24,6.000,1,2,2.77,E-2AH,1,-358.643209,-90.387391,-39057.357215,225.000000
232,3098.000,2008-02-24,6.000,1,2,2.77,E-2H,1,-515.040351,-1341.177889,-56242.260322,225.000000
232,3098.000,2008-02-24,6.000,1,2,2.77,E-3AH,1,-261.872712,-618.474056,-26725.607024,225.000000
232,3098.000,2008-02-24,6.000,1,2,2.77,E-3CH,1,-186.044460,-225.755521,-20326.078527,225.000000
232,3098.000,2008-02-24,6.000,1,2,2.77,E-3H,1,-69.470888,-2214.572275,-7515.138025,225.000000
232,3098.000,2008-02-24,6.000,1,2,2.77,E-4AH,1,-392.116321,-198.798997,-36930.733150,225.000000
232,3098.000,2008-02-24,6.000,1,2,2.77,F-1H,1,0.000000,6000.000000,0.000000,330.273065
232,3098.000,2008-02-24,6.000,1,2,2.77,F-2H,1,0.000000,6000.000000,0.000000,376.497296
232,3098.000,2008-02-24,6.000,1,2,2.77,F-3H,1,0.000000,6000.000000,0.000000,271.377985
232,3098.000,2008-02-24,6.000,1,2,2.77,F-4H,1,0.000000,4982.819374,0.000000,399.999989
233,3129.000,2008-03-26,31.000,1,3,3.79,B-1BH,1,-3357.884181,-5495.453224,-339016.462221,225.000000
233,3129.000,2008-03-26,31.000,1,3,3.79,B-1H,1,-1287.431374,-4337.253313,-135603.702775,225.000000
233,3129.000,2008-03-26,31.000,1,3,3.79,B-2H,1,-484.434900,-418.951071,-51717.133313,225.000000
233,3129.000,2008-03-26,31.000,1,3,3.79,B-3H,1,-745.188878,-7200.520009,-80862.029838,225.000000
233,3129.000,2008-03-26,31.000,1,3,3.79,B-4BH,1,-312.839980,-3016.263720,-33186.830518,225.000000
233,3129.000,2008-03-26,31.000,1,3,3.79,B-4DH,1,-479.439744,-580.045012,-50708.084848,225.000000
233,3129.000,2008-03-26,31.000,1,3,3.79,B-4H,1,-197.930166,-1664.603769,-20348.013397,225.000000
233,3129.000,2008-03-26,31.000,1,3,3.79,C-1H,1,0.000000,6000.000000,0.000000,331.617213
233,3129.000,2008-03-26,31.000,1,3,3.79,C-2H,1,0.000000,6000.000000,0.000000,276.898696
233,3129.000,2008-03-26,31.000,1,3,3.79,C-3H,1,0.000000,6000.000000,0.000000,282.129746
233,3129.000,2008-03-26,31.000,1,3,3.79,C-4AH,1,0.000000,6000.000000,0.000000,385.366280
233,3129.000,2008-03-26,31.000,1,3,3.79,C-4H,1,0.000000,6000.000000,0.000000,254.836123
233,3129.000,2008-03-26,31.000,1,3,3.79,D-1CH,1,-1040.723063,-475.116505,-111278.798451,225.000000
233,3129.000,2008-03-26,31.000,1,3,3.79,D-1H,1,-261.225715,-196.476389,-28667.335477,225.000000
233,3129.000,2008-03-26,31.000,1,3,3.79,D-2H,1,-476.921377,-1309.509302,-51945.601963,225.000000
233,3129.000,2008-03-26,31.000,1,3,3.79,D-3AH,1,-832.566642,-6099.054510,-85279.483298,225.000000
233,3129.000,2008-03-26,31.000,1,3,3.79,D-3BH,1,-566.795583,-214.026752,-111141.819946,225.000000
233,3129.000,2008-03-26,31.000,1,3,3.79,D-4H,1,-140.618433,-1274.279883,-15100.078018,225.000000
233,3129.000,2008-03-26,31.000,1,3,3.79,E-1H,1,-704.332533,-998.721567,-76884.454095,225.000000
233,3129.000,2008-03-26,31.000,1,3,3.79,E-2AH,1,-334.069158,-97.609691,-36428.248966,225.000000
233,3129.000,2008-03-26,31.000,1,3,3.79,E-2H,1,-501.211059,-1350.816776,-54700.749545,225.000000
233,3129.000,2008-03-26,31.000,1,3,3.79,E-3AH,1,-258.461441,-619.296857,-26373.388935,225.000000
233,3129.000,2008-03-26,31.000,1,3,3.79,E-3CH,1,-175.337142,-232.720800,-19154.813958,225.000000
233,3129.000,2008-03-26,31.000,1,3,3.79,E-3H,1,-68.309127,-2217.705000,-7387.004971,225.000000
233,3129.000,2008-03-26,31.000,1,3,3.79,E-4AH,1,-381.459065,-209.000278,-35926.950319,225.000000
233,3129.000,2008-03-26,31.000,1,3,3.79,F-1H,1,0.000000,6000.000000,0.000000,330.184283
233,3129.000,2008-03-26,31.000,1,3,3.79,F-2H,1,0.000000,6000.000000,0.000000,376.403332
233,3129.000,2008-03-26,31.000,1,3,3.79,F-3H,1,0.000000,6000.000000,0.000000,271.234562
233,3129.000,2008-03-26,31.000,1,3,3.79,F-4H,1,0.000000,4992.587763,0.000000,400.000000
234,3159.000,2008-04-25,30.000,1,3,3.92,B-1BH,1,-3154.878069,-5617.726498,-318182.835774,225.000000
234,3159.000,2008-04-25,30.000,1,3,3.92,B-1H,1,-1257.774918,-4356.612238,-132232.847386,225.000000
234,3159.000,2008-04-25,30.000,1,3,3.92,B-2H,1,-473.407012,-421.113409,-50409.878161,225.000000
234,3159.000,2008-04-25,30.000,1,3,3.92,B-3H,1,-723.203734,-7231.200218,-78277.263451,225.000000
234,3159.000,2008-04-25,30.000,1,3,3.92,B-4BH,1,-305.895607,-3028.137234,-32421.421607,225.000000
234,3159.000,2008-04-25,30.000,1,3,3.92,B-4DH,1,-465.454597,-584.003935,-49080.612086,225.000000
234,3159.000,2008-04-25,30.000,1,3,3.92,B-4H,1,-183.492491,-1700.436324,-18803.784038,225.000000
234,3159.000,2008-04-25,30.000,1,3,3.92,C-1H,1,0.000000,6000.000000,0.000000,331.488883
234,3159.000,2008-04-25,30.000,1,3,3.92,C-2H,1,0.000000,6000.000000,0.000000,276.713409
234,3159.000,2008-04-25,30.000,1,3,3.92,C-3H,1,0.000000,6000.000000,0.000000,281.978709
234,3159.000,2008-04-25,30.000,1,3,3.92,C-4AH,1,0.000000,6000.000000,0.000000,385.231644
234,3159.000,2008-04-25,30.000,1,3,3.92,C-4H,1,0.000000,6000.000000,0.000000,254.706607
234,3159.000,2008-04-25,30.000,1,3,3.92,D-1CH,1,-1023.567850,-475.327578,-109063.463415,225.000000
234,3159.000,2008-04-25,30.000,1,3,3.92,D-1H,1,-254.277066,-197.170424,-27792.568765,225.000000
234,3159.000,2008-04-25,30.000,1,3,3.92,D-2H,1,-469.239015,-1309.023528,-50832.129706,225.000000
234,3159.000,2008-04-25,30.000,1,3,3.92,D-3AH,1,-808.959956,-6134.873397,-82829.936602,225.000000
234,3159.000,2008-04-25,30.000,1,3,3.92,D-3BH,1,-534.211012,-225.861635,-104003.460861,225.000000
234,3159.000,2008-04-25,30.000,1,3,3.92,D-4H,1,-135.960356,-1276.656567,-14526.365745,225.000000
234,3159.000,2008-04-25,30.000,1,3,3.92,E-1H,1,-682.318294,-1013.379370,-74429.585317,225.000000
234,3159.000,2008-04-25,30.000,1,3,3.92,E-2AH,1,-315.741047,-103.209196,-34459.321477,225.000000
234,3159.000,2008-04-25,30.000,1,3,3.92,E-2H,1,-488.672776,-1361.162503,-53310.616328,225.000000
234,3159.000,2008-04-25,30.000,1,3,3.92,E-3AH,1,-255.171281,-619.759962,-26032.567426,225.000000
234,3159.000,2008-04-25,30.000,1,3,3.92,E-3CH,1,-166.245208,-239.082710,-18159.417874,225.000000
234,3159.000,2008-04-25,30.000,1,3,3.92,E-3H,1,-67.229365,-2221.012099,-7268.125285,225.000000
234,3159.000,2008-04-25,30.000,1,3,3.92,E-4AH,1,-371.294276,-218.800445,-34969.560861,225.000000
234,3159.000,2008-04-25,30.000,1,3,3.92,F-1H,1,0.000000,6000.000000,0.000000,330.098248
234,3159.000,2008-04-25,30.000,1,3,3.92,F-2H,1,0.000000,6000.000000,0.000000,376.313714
234,3159.000,2008-04-25,30.000,1,3,3.92,F-3H,1,0.000000,6000.000000,0.000000,271.119097
234,3159.000,2008-04-25,30.000,1,3,3.92,F-4H,1,0.000000,5000.231860,0.000000,400.000000
235,3190.000,2008-05-26,31.000,1,3,3.80,B-1BH,1,-2969.194201,-5751.543855,-299129.894863,225.000000
235,3190.000,2008-05-26,31.000,1,3,3.80,B-1H,1,-1230.788642,-4383.369199,-129178.814107,225.000000
235,3190.000,2008-05-26,31.000,1,3,3.80,B-2H,1,-463.391249,-424.409066,-49263.197478,225.000000
235,3190.000,2008-05-26,31.000,1,3,3.80,B-3H,1,-703.256818,-7267.519843,-75970.946661,225.000000
235,3190.000,2008-05-26,31.000,1,3,3.80,B-4BH,1,-299.236953,-3042.295863,-31694.889527,225.000000
235,3190.000,2008-05-26,31.000,1,3,3.80,B-4DH,1,-453.239446,-589.385816,-47693.212454,225.000000
235,3190.000,2008-05-26,31.000,1,3,3.80,B-4H,1,-172.256788,-1736.233080,-17619.621097,225.000000
235,3190.000,2008-05-26,31.000,1,3,3.80,C-1H,1,0.000000,6000.000000,0.000000,331.393146
235,3190.000,2008-05-26,31.000,1,3,3.80,C-2H,1,0.000000,6000.000000,0.000000,276.591225
235,3190.000,2008-05-26,31.000,1,3,3.80,C-3H,1,0.000000,6000.000000,0.000000,281.880777
235,3190.000,2008-05-26,31.000,1,3,3.80,C-4AH,1,0.000000,6000.000000,0.000000,385.123400
235,3190.000,2008-05-26,31.000,1,3,3.80,C-4H,1,0.000000,6000.000000,0.000000,254.607710
235,3190.000,2008-05-26,31.000,1,3,3.80,D-1CH,1,-1009.142227,-477.264493,-107258.679184,225.000000
235,3190.000,2008-05-26,31.000,1,3,3.80,D-1H,1,-248.389932,-198.632536,-27057.081817,225.000000
235,3190.000,2008-05-26,31.000,1,3,3.80,D-2H,1,-462.797155,-1311.761902,-49940.431046,225.000000
235,3190.000,2008-05-26,31.000,1,3,3.80,D-3AH,1,-789.166145,-6172.276513,-80781.010699,225.000000
235,3190.000,2008-05-26,31.000,1,3,3.80,D-3BH,1,-506.160572,-236.636519,-97855.908196,225.000000
235,3190.000,2008-05-26,31.000,1,3,3.80,D-4H,1,-131.851985,-1281.245321,-14040.410039,225.000000
235,3190.000,2008-05-26,31.000,1,3,3.80,E-1H,1,-661.167448,-1028.645865,-72075.292301,225.000000
235,3190.000,2008-05-26,31.000,1,3,3.80,E-2AH,1,-300.379485,-107.758255,-32803.168206,225.000000
235,3190.000,2008-05-26,31.000,1,3,3.80,E-2H,1,-476.644650,-1372.473215,-51977.731706,225.000000
235,3190.000,2008-05-26,31.000,1,3,3.80,E-3AH,1,-251.818393,-620.193680,-25684.673172,225.000000
235,3190.000,2008-05-26,31.000,1,3,3.80,E-3CH,1,-157.885785,-245.280880,-17243.342570,225.000000
235,3190.000,2008-05-26,31.000,1,3,3.80,E-3H,1,-66.161166,-2224.838268,-7150.704007,225.000000
235,3190.000,2008-05-26,31.000,1,3,3.80,E-4AH,1,-361.313358,-228.915866,-34029.494768,225.000000
235,3190.000,2008-05-26,31.000,1,3,3.80,F-1H,1,0.000000,6000.000000,0.000000,330.017701
235,3190.000,2008-05-26,31.000,1,3,3.80,F-2H,1,0.000000,6000.000000,0.000000,376.230170
235,3190.000,2008-05-26,31.000,1,3,3.80,F-3H,1,0.000000,6000.000000,0.000000,271.016004
235,3190.000,2008-05-26,31.000,1,3,3.80,F-4H,1,0.000000,5007.085541,0.000000,400.000000
236,3204.000,2008-06-09,14.000,1,2,2.77,B-1BH,1,-2889.514552,-5812.753694,-290942.339740,225.000000
236,3204.000,2008-06-09,14.000,1,2,2.77,B-1H,1,-1219.112938,-4395.717605,-127858.967762,225.000000
236,3204.000,2008-06-09,14.000,1,2,2.77,B-2H,1,-459.092596,-426.058927,-48778.399039,225.000000
236,3204.000,2008-06-09,14.000,1,2,2.77,B-3H,1,-694.983018,-7284.991299,-75015.963522,225.000000
236,3204.000,2008-06-09,14.000,1,2,2.77,B-4BH,1,-296.325741,-3048.966632,-31378.567668,225.000000
236,3204.000,2008-06-09,14.000,1,2,2.77,B-4DH,1,-448.038908,-591.976429,-47109.705970,225.000000
236,3204.000,2008-06-09,14.000,1,2,2.77,B-4H,1,-168.321372,-1751.306100,-17205.409162,225.000000
236,3204.000,2008-06-09,14.000,1,2,2.77,C-1H,1,0.000000,6000.000000,0.000000,331.355434
236,3204.000,2008-06-09,14.000,1,2,2.77,C-2H,1,0.000000,6000.000000,0.000000,276.546522
236,3204.000,2008-06-09,14.000,1,2,2.77,C-3H,1,0.000000,6000.000000,0.000000,281.845337
236,3204.000,2008-06-09,14.000,1,2,2.77,C-4AH,1,0.000000,6000.000000,0.000000,385.079240
236,3204.000,2008-06-09,14.000,1,2,2.77,C-4H,1,0.000000,6000.000000,0.000000,254.568376
236,3204.000,2008-06-09,14.000,1,2,2.77,D-1CH,1,-1003.118292,-478.382565,-106518.390567,225.000000
236,3204.000,2008-06-09,14.000,1,2,2.77,D-1H,1,-245.903695,-199.366167,-26748.970244,225.000000
236,3204.000,2008-06-09,14.000,1,2,2.77,D-2H,1,-460.114147,-1313.430782,-49578.712662,225.000000
236,3204.000,2008-06-09,14.000,1,2,2.77,D-3AH,1,-780.883288,-6188.908458,-79923.514076,225.000000
236,3204.000,2008-06-09,14.000,1,2,2.77,D-3BH,1,-494.775185,-241.423649,-95309.728010,225.000000
236,3204.000,2008-06-09,14.000,1,2,2.77,D-4H,1,-130.111119,-1283.556012,-13838.288035,225.000000
236,3204.000,2008-06-09,14.000,1,2,2.77,E-1H,1,-652.272240,-1036.021162,-71091.070399,225.000000
236,3204.000,2008-06-09,14.000,1,2,2.77,E-2AH,1,-294.029995,-109.641431,-32118.322530,225.000000
236,3204.000,2008-06-09,14.000,1,2,2.77,E-2H,1,-471.370517,-1377.685632,-51393.291573,225.000000
236,3204.000,2008-06-09,14.000,1,2,2.77,E-3AH,1,-250.319898,-620.388390,-25529.105437,225.000000
236,3204.000,2008-06-09,14.000,1,2,2.77,E-3CH,1,-154.358041,-247.982487,-16856.695318,225.000000
236,3204.000,2008-06-09,14.000,1,2,2.77,E-3H,1,-65.688786,-2226.636333,-7098.817364,225.000000
236,3204.000,2008-06-09,14.000,1,2,2.77,E-4AH,1,-356.778357,-233.496775,-33602.361710,225.000000
236,3204.000,2008-06-09,14.000,1,2,2.77,F-1H,1,0.000000,6000.000000,0.000000,329.983147
236,3204.000,2008-06-09,14.000,1,2,2.77,F-2H,1,0.000000,6000.000000,0.000000,376.194358
236,3204.000,2008-06-09,14.000,1,2,2.77,F-3H,1,0.000000,6000.000000,0.000000,270.971947
236,3204.000,2008-06-09,14.000,1,2,2.77,F-4H,1,0.000000,5009.508613,0.000000,400.000001
237,3205.000,2008-06-10,1.000,1,2,2.90,B-1BH,1,-2883.815656,-5817.056595,-290355.610342,225.000000
237,3205.000,2008-06-10,1.000,1,2,2.90,B-1H,1,-1218.262425,-4396.307440,-127762.086134,225.000000
237,3205.000,2008-06-10,1.000,1,2,2.90,B-2H,1,-458.776233,-426.168608,-48742.792443,225.000000
237,3205.000,2008-06-10,1.000,1,2,2.90,B-3H,1,-694.455776,-7286.667997,-74956.705629,225.000000
237,3205.000,2008-06-10,1.000,1,2,2.90,B-4BH,1,-296.118516,-3049.446997,-31356.051113,225.000000
237,3205.000,2008-06-10,1.000,1,2,2.90,B-4DH,1,-447.662355,-592.136635,-47067.423413,225.000000
237,3205.000,2008-06-10,1.000,1,2,2.90,B-4H,1,-168.074341,-1752.367250,-17179.398694,225.000000
237,3205.000,2008-06-10,1.000,1,2,2.90,C-1H,1,0.000000,6000.000000,0.000000,331.352777
237,3205.000,2008-06-10,1.000,1,2,2.90,C-2H,1,0.000000,6000.000000,0.000000,276.543387
237,3205.000,2008-06-10,1.000,1,2,2.90,C-3H,1,0.000000,6000.000000,0.000000,281.842854
237,3205.000,2008-06-10,1.000,1,2,2.90,C-4AH,1,0.000000,6000.000000,0.000000,385.076118
237,3205.000,2008-06-10,1.000,1,2,2.90,C-4H,1,0.000000,6000.000000,0.000000,254.565603
237,3205.000,2008-06-10,1.000,1,2,2.90,D-1CH,1,-1002.663156,-478.448551,-106462.801562,225.000000
237,3205.000,2008-06-10,1.000,1,2,2.90,D-1H,1,-245.702050,-199.385917,-26724.272099,225.000000
237,3205.000,2008-06-10,1.000,1,2,2.90,D-2H,1,-459.921947,-1313.547425,-49552.862053,225.000000
237,3205.000,2008-06-10,1.000,1,2,2.90,D-3AH,1,-780.287814,-6190.033225,-79868.515449,225.000000
237,3205.000,2008-06-10,1.000,1,2,2.90,D-3BH,1,-493.902051,-241.710849,-95117.593041,225.000000
237,3205.000,2008-06-10,1.000,1,2,2.90,D-4H,1,-129.985368,-1283.689432,-13823.669022,225.000000
237,3205.000,2008-06-10,1.000,1,2,2.90,E-1H,1,-651.653237,-1036.568524,-71022.653479,225.000000
237,3205.000,2008-06-10,1.000,1,2,2.90,E-2AH,1,-293.595427,-109.780908,-32071.551520,225.000000
237,3205.000,2008-06-10,1.000,1,2,2.90,E-2H,1,-471.004457,-1378.078759,-51352.861042,225.000000
237,3205.000,2008-06-10,1.000,1,2,2.90,E-3AH,1,-250.212990,-620.398664,-25518.005947,225.000000
237,3205.000,2008-06-10,1.000,1,2,2.90,E-3CH,1,-154.119702,-248.190136,-16830.681588,225.000000
237,3205.000,2008-06-10,1.000,1,2,2.90,E-3H,1,-65.655515,-2226.769722,-7095.162685,225.000000
237,3205.000,2008-06-10,1.000,1,2,2.90,E-4AH,1,-356.312031,-233.787867,-33558.440198,225.000000
237,3205.000,2008-06-10,1.000,1,2,2.90,F-1H,1,0.000000,6000.000000,0.000000,329.980691
237,3205.000,2008-06-10,1.000,1,2,2.90,F-2H,1,0.000000,6000.000000,0.000000,376.191810
237,3205.000,2008-06-10,1.000,1,2,2.90,F-3H,1,0.000000,6000.000000,0.000000,270.968808
237,3205.000,2008-06-10,1.000,1,2,2.90,F-4H,1,0.000000,5010.064388,0.000000,399.999985
238,3221.000,2008-06-26,16.000,1,2,2.80,B-1BH,1,-2797.639661,-5886.807091,-281520.227742,225.000000
238,3221.000,2008-06-26,16.000,1,2,2.80,B-1H,1,-1205.393931,-4412.130307,-126324.301130,225.000000
238,3221.000,2008-06-26,16.000,1,2,2.80,B-2H,1,-454.252234,-428.285903,-48239.469295,225.000000
238,3221.000,2008-06-26,16.000,1,2,2.80,B-3H,1,-685.194814,-7305.995135,-73891.137547,225.000000
238,3221.000,2008-06-26,16.000,1,2,2.80,B-4BH,1,-292.883705,-3057.323907,-31005.586877,225.000000
238,3221.000,2008-06-26,16.000,1,2,2.80,B-4DH,1,-442.134620,-595.335133,-46455.036108,225.000000
238,3221.000,2008-06-26,16.000,1,2,2.80,B-4H,1,-164.031204,-1768.508073,-16755.608091,225.000000
238,3221.000,2008-06-26,16.000,1,2,2.80,C-1H,1,0.000000,6000.000000,0.000000,331.315275
238,3221.000,2008-06-26,16.000,1,2,2.80,C-2H,1,0.000000,6000.000000,0.000000,276.502654
238,3221.000,2008-06-26,16.000,1,2,2.80,C-3H,1,0.000000,6000.000000,0.000000,281.811069
238,3221.000,2008-06-26,16.000,1,2,2.80,C-4AH,1,0.000000,6000.000000,0.000000,385.030843
238,3221.000,2008-06-26,16.000,1,2,2.80,C-4H,1,0.000000,6000.000000,0.000000,254.526543
238,3221.000,2008-06-26,16.000,1,2,2.80,D-1CH,1,-996.231443,-480.030431,-105691.214776,225.000000
238,3221.000,2008-06-26,16.000,1,2,2.80,D-1H,1,-243.092349,-200.446003,-26404.467804,225.000000
238,3221.000,2008-06-26,16.000,1,2,2.80,D-2H,1,-457.084333,-1315.913798,-49182.664927,225.000000
238,3221.000,2008-06-26,16.000,1,2,2.80,D-3AH,1,-771.498283,-6209.071995,-78955.161775,225.000000
238,3221.000,2008-06-26,16.000,1,2,2.80,D-3BH,1,-482.216840,-247.061119,-92445.075774,225.000000
238,3221.000,2008-06-26,16.000,1,2,2.80,D-4H,1,-128.131257,-1286.694618,-13612.571953,225.000000
238,3221.000,2008-06-26,16.000,1,2,2.80,E-1H,1,-641.579501,-1044.999895,-69908.429160,225.000000
238,3221.000,2008-06-26,16.000,1,2,2.80,E-2AH,1,-286.923986,-111.674602,-31352.472455,225.000000
238,3221.000,2008-06-26,16.000,1,2,2.80,E-2H,1,-465.151383,-1383.972069,-50703.170555,225.000000
238,3221.000,2008-06-26,16.000,1,2,2.80,E-3AH,1,-248.550215,-620.624550,-25345.275155,225.000000
238,3221.000,2008-06-26,16.000,1,2,2.80,E-3CH,1,-150.499589,-251.140809,-16433.498475,225.000000
238,3221.000,2008-06-26,16.000,1,2,2.80,E-3H,1,-65.126587,-2228.903894,-7037.110506,225.000000
238,3221.000,2008-06-26,16.000,1,2,2.80,E-4AH,1,-351.591070,-239.067660,-33113.793971,225.000000
238,3221.000,2008-06-26,16.000,1,2,2.80,F-1H,1,0.000000,6000.000000,0.000000,329.943812
238,3221.000,2008-06-26,16.000,1,2,2.80,F-2H,1,0.000000,6000.000000,0.000000,376.153583
238,3221.000,2008-06-26,16.000,1,2,2.80,F-3H,1,0.000000,6000.000000,0.000000,270.921470
238,3221.000,2008-06-26,16.000,1,2,2.80,F-4H,1,0.000000,5012.833519,0.000000,399.999994
239,3234.000,2008-07-09,13.000,1,3,3.89,B-1BH,1,-2730.616814,-5945.639006,-274674.532420,225.000000
239,3234.000,2008-07-09,13.000,1,3,3.89,B-1H,1,-1195.174013,-4424.870696,-125187.632030,225.000000
239,3234.000,2008-07-09,13.000,1,3,3.89,B-2H,1,-450.683910,-430.039398,-47846.338731,225.000000
239,3234.000,2008-07-09,13.000,1,3,3.89,B-3H,1,-677.917177,-7322.416402,-73059.475924,225.000000
239,3234.000,2008-07-09,13.000,1,3,3.89,B-4BH,1,-290.307809,-3063.838578,-30727.172654,225.000000
239,3234.000,2008-07-09,13.000,1,3,3.89,B-4DH,1,-437.947080,-597.990890,-45994.932408,225.000000
239,3234.000,2008-07-09,13.000,1,3,3.89,B-4H,1,-161.084526,-1780.783568,-16449.433192,225.000000
239,3234.000,2008-07-09,13.000,1,3,3.89,C-1H,1,0.000000,6000.000000,0.000000,331.287432
239,3234.000,2008-07-09,13.000,1,3,3.89,C-2H,1,0.000000,6000.000000,0.000000,276.474228
239,3234.000,2008-07-09,13.000,1,3,3.89,C-3H,1,0.000000,6000.000000,0.000000,281.789104
239,3234.000,2008-07-09,13.000,1,3,3.89,C-4AH,1,0.000000,6000.000000,0.000000,384.996725
239,3234.000,2008-07-09,13.000,1,3,3.89,C-4H,1,0.000000,6000.000000,0.000000,254.497164
239,3234.000,2008-07-09,13.000,1,3,3.89,D-1CH,1,-991.138512,-481.411450,-105091.858880,225.000000
239,3234.000,2008-07-09,13.000,1,3,3.89,D-1H,1,-240.986776,-201.320245,-26149.987800,225.000000
239,3234.000,2008-07-09,13.000,1,3,3.89,D-2H,1,-454.941148,-1318.038334,-48908.877862,225.000000
239,3234.000,2008-07-09,13.000,1,3,3.89,D-3AH,1,-764.715242,-6224.434076,-78257.231047,225.000000
239,3234.000,2008-07-09,13.000,1,3,3.89,D-3BH,1,-473.141780,-251.150778,-90403.956585,225.000000
239,3234.000,2008-07-09,13.000,1,3,3.89,D-4H,1,-126.684518,-1289.195755,-13449.902688,225.000000
239,3234.000,2008-07-09,13.000,1,3,3.89,E-1H,1,-633.724351,-1051.905772,-69042.329401,225.000000
239,3234.000,2008-07-09,13.000,1,3,3.89,E-2AH,1,-281.940211,-113.109582,-30814.580212,225.000000
239,3234.000,2008-07-09,13.000,1,3,3.89,E-2H,1,-460.581307,-1388.698794,-50195.349761,225.000000
239,3234.000,2008-07-09,13.000,1,3,3.89,E-3AH,1,-247.229448,-620.809379,-25208.013982,225.000000
239,3234.000,2008-07-09,13.000,1,3,3.89,E-3CH,1,-147.722044,-253.514279,-16128.939692,225.000000
239,3234.000,2008-07-09,13.000,1,3,3.89,E-3H,1,-64.704511,-2230.685542,-6990.811971,225.000000
239,3234.000,2008-07-09,13.000,1,3,3.89,E-4AH,1,-347.687218,-243.300397,-32746.108191,225.000000
239,3234.000,2008-07-09,13.000,1,3,3.89,F-1H,1,0.000000,6000.000000,0.000000,329.915277
239,3234.000,2008-07-09,13.000,1,3,3.89,F-2H,1,0.000000,6000.000000,0.000000,376.123994
239,3234.000,2008-07-09,13.000,1,3,3.89,F-3H,1,0.000000,6000.000000,0.000000,270.884475
239,3234.000,2008-07-09,13.000,1,3,3.89,F-4H,1,0.000000,5015.945236,0.000000,400.000000
240,3251.000,2008-07-26,17.000,1,2,2.84,B-1BH,1,-2649.038870,-6020.746029,-266387.884365,225.000000
240,3251.000,2008-07-26,17.000,1,2,2.84,B-1H,1,-1182.198981,-4441.839447,-123749.223242,225.000000
240,3251.000,2008-07-26,17.000,1,2,2.84,B-2H,1,-446.150150,-432.391132,-47351.852539,225.000000
240,3251.000,2008-07-26,17.000,1,2,2.84,B-3H,1,-668.628702,-7343.591323,-72001.846110,225.000000
240,3251.000,2008-07-26,17.000,1,2,2.84,B-4BH,1,-287.014925,-3072.636591,-30372.705595,225.000000
240,3251.000,2008-07-26,17.000,1,2,2.84,B-4DH,1,-432.733356,-601.610979,-45428.127150,225.000000
240,3251.000,2008-07-26,17.000,1,2,2.84,B-4H,1,-157.533055,-1795.755360,-16082.746051,225.000000
240,3251.000,2008-07-26,17.000,1,2,2.84,C-1H,1,0.000000,6000.000000,0.000000,331.253878
240,3251.000,2008-07-26,17.000,1,2,2.84,C-2H,1,0.000000,6000.000000,0.000000,276.442437
240,3251.000,2008-07-26,17.000,1,2,2.84,C-3H,1,0.000000,6000.000000,0.000000,281.764615
240,3251.000,2008-07-26,17.000,1,2,2.84,C-4AH,1,0.000000,6000.000000,0.000000,384.954712
240,3251.000,2008-07-26,17.000,1,2,2.84,C-4H,1,0.000000,6000.000000,0.000000,254.461664
240,3251.000,2008-07-26,17.000,1,2,2.84,D-1CH,1,-984.689961,-483.349097,-104349.821105,225.000000
240,3251.000,2008-07-26,17.000,1,2,2.84,D-1H,1,-238.308375,-202.548794,-25831.256686,225.000000
240,3251.000,2008-07-26,17.000,1,2,2.84,D-2H,1,-452.222060,-1321.031332,-48573.294048,225.000000
240,3251.000,2008-07-26,17.000,1,2,2.84,D-3AH,1,-756.260553,-6244.468740,-77383.751007,225.000000
240,3251.000,2008-07-26,17.000,1,2,2.84,D-3BH,1,-462.094272,-256.317012,-88024.551289,225.000000
240,3251.000,2008-07-26,17.000,1,2,2.84,D-4H,1,-124.875432,-1292.562694,-13249.353637,225.000000
240,3251.000,2008-07-26,17.000,1,2,2.84,E-1H,1,-623.667001,-1060.963687,-67937.878076,225.000000
240,3251.000,2008-07-26,17.000,1,2,2.84,E-2AH,1,-276.224577,-114.822261,-30196.697785,225.000000
240,3251.000,2008-07-26,17.000,1,2,2.84,E-2H,1,-454.695443,-1394.837060,-49542.524851,225.000000
240,3251.000,2008-07-26,17.000,1,2,2.84,E-3AH,1,-245.522133,-621.078049,-25030.491487,225.000000
240,3251.000,2008-07-26,17.000,1,2,2.84,E-3CH,1,-144.284805,-256.485021,-15752.040045,225.000000
240,3251.000,2008-07-26,17.000,1,2,2.84,E-3H,1,-64.163404,-2233.063224,-6931.496826,225.000000
240,3251.000,2008-07-26,17.000,1,2,2.84,E-4AH,1,-342.743757,-248.774469,-32280.507847,225.000000
240,3251.000,2008-07-26,17.000,1,2,2.84,F-1H,1,0.000000,6000.000000,0.000000,329.879966
240,3251.000,2008-07-26,17.000,1,2,2.84,F-2H,1,0.000000,6000.000000,0.000000,376.087339
240,3251.000,2008-07-26,17.000,1,2,2.84,F-3H,1,0.000000,6000.000000,0.000000,270.837867
240,3251.000,2008-07-26,17.000,1,2,2.84,F-4H,1,0.000000,5018.594321,0.000000,400.000005
241,3260.000,2008-08-04,9.000,0,84,95.84,B-1BH,1,-0.000000,-0.000000,-0.000000,225.000000
241,3260.000,2008-08-04,9.000,0,84,95.84,B-1H,1,-0.000000,-0.000000,-0.000000,225.000000
241,3260.000,2008-08-04,9.000,0,84,95.84,B-2H,1,-0.000000,-0.000000,-0.000000,225.000000
241,3260.000,2008-08-04,9.000,0,84,95.84,B-3H,1,-0.000000,-0.000000,-0.000000,225.000000
241,3260.000,2008-08-04,9.000,0,84,95.84,B-4BH,1,-0.000000,-0.000000,-0.000000,225.000000
241,3260.000,2008-08-04,9.000,0,84,95.84,B-4DH,1,-0.000000,-0.000000,-0.000000,225.000000
241,3260.000,2008-08-04,9.000,0,84,95.84,B-4H,1,-0.000000,-0.000000,-0.000000,225.000000
241,3260.000,2008-08-04,9.000,0,84,95.84,C-1H,1,0.000000,6000.000000,0.000000,281.951499
241,3260.000,2008-08-04,9.000,0,84,95.84,C-2H,1,0.000000,6000.000000,0.000000,264.995050
241,3260.000,2008-08-04,9.000,0,84,95.84,C-3H,1,0.000000,6000.000000,0.000000,266.970104
241,3260.000,2008-08-04,9.000,0,84,95.84,C-4AH,1,0.000000,6000.000000,0.000000,312.339820
241,3260.000,2008-08-04,9.000,0,84,95.84,C-4H,1,0.000000,6000.000000,0.000000,252.504038
241,3260.000,2008-08-04,9.000,0,84,95.84,D-1CH,1,-0.000000,-0.000000,-0.000000,225.000000
241,3260.000,2008-08-04,9.000,0,84,95.84,D-1H,1,-0.000000,-0.000000,-0.000000,225.000000
241,3260.000,2008-08-04,9.000,0,84,95.84,D-2H,1,-0.000000,-0.000000,-0.000000,225.000000
241,3260.000,2008-08-04,9.000,0,84,95.84,D-3AH,1,-0.000000,-0.000000,-0.000000,225.000000
241,3260.000,2008-08-04,9.000,0,84,95.84,D-3BH,1,-0.000000,-0.000000,-0.000000,225.000000
241,3260.000,2008-08-04,9.000,0,84,95.84,D-4H,1,-0.000000,-0.000000,-0.000000,225.000000
241,3260.000,2008-08-04,9.000,0,84,95.84,E-1H,1,-0.000000,-0.000000,-0.000000,225.000000
241,3260.000,2008-08-04,9.000,0,84,95.84,E-2AH,1,-0.000000,-0.000000,-0.000000,225.000000
241,3260.000,2008-08-04,9.000,0,84,95.84,E-2H,1,-0.000000,-0.000000,-0.000000,225.000000
241,3260.000,2008-08-04,9.000,0,84,95.84,E-3AH,1,-0.000000,-0.000000,-0.000000,225.000000
241,3260.000,2008-08-04,9.000,0,84,95.84,E-3CH,1,-0.000000,-0.000000,-0.000000,225.000000
241,3260.000,2008-08-04,9.000,0,84,95.84,E-3H,1,-0.000000,-0.000000,-0.000000,225.000000
241,3260.000,2008-08-04,9.000,0,84,95.84,E-4AH,1,-0.000000,-0.000000,-0.000000,225.000000
241,3260.000,2008-08-04,9.000,0,84,95.84,F-1H,1,0.000000,6000.000000,0.000000,302.589954
241,3260.000,2008-08-04,9.000,0,84,95.84,F-2H,1,0.000000,6000.000000,0.000000,325.439576
241,3260.000,2008-08-04,9.000,0,84,95.84,F-3H,1,0.000000,6000.000000,0.000000,263.106750
241,3260.000,2008-08-04,9.000,0,84,95.84,F-4H,1,0.000000,6000.000000,0.000000,369.669924
242,3265.000,2008-08-09,5.000,0,84,98.00,B-1BH,1,-0.000000,-0.000000,-0.000000,225.000000
242,3265.000,2008-08-09,5.000,0,84,98.00,B-1H,1,-0.000000,-0.000000,-0.000000,225.000000
242,3265.000,2008-08-09,5.000,0,84,98.00,B-2H,1,-0.000000,-0.000000,-0.000000,225.000000
242,3265.000,2008-08-09,5.000,0,84,98.00,B-3H,1,-0.000000,-0.000000,-0.000000,225.000000
242,3265.000,2008-08-09,5.000,0,84,98.00,B-4BH,1,-0.000000,-0.000000,-0.000000,225.000000
242,3265.000,2008-08-09,5.000,0,84,98.00,B-4DH,1,-0.000000,-0.000000,-0.000000,225.000000
242,3265.000,2008-08-09,5.000,0,84,98.00,B-4H,1,-0.000000,-0.000000,-0.000000,225.000000
242,3265.000,2008-08-09,5.000,0,84,98.00,C-1H,1,0.000000,6000.000000,0.000000,281.951499
242,3265.000,2008-08-09,5.000,0,84,98.00,C-2H,1,0.000000,6000.000000,0.000000,264.995050
242,3265.000,2008-08-09,5.000,0,84,98.00,C-3H,1,0.000000,6000.000000,0.000000,266.970104
242,3265.000,2008-08-09,5.000,0,84,98.00,C-4AH,1,0.000000,6000.000000,0.000000,312.339820
242,3265.000,2008-08-09,5.000,0,84,98.00,C-4H,1,0.000000,6000.000000,0.000000,252.504038
242,3265.000,2008-08-09,5.000,0,84,98.00,D-1CH,1,-0.000000,-0.000000,-0.000000,225.000000
242,3265.000,2008-08-09,5.000,0,84,98.00,D-1H,1,-0.000000,-0.000000,-0.000000,225.000000
242,3265.000,2008-08-09,5.000,0,84,98.00,D-2H,1,-0.000000,-0.000000,-0.000000,225.000000
242,3265.000,2008-08-09,5.000,0,84,98.00,D-3AH,1,-0.000000,-0.000000,-0.000000,225.000000
242,3265.000,2008-08-09,5.000,0,84,98.00,D-3BH,1,-0.000000,-0.000000,-0.000000,225.000000
242,3265.000,2008-08-09,5.000,0,84,98.00,D-4H,1,-0.000000,-0.000000,-0.000000,225.000000
242,3265.000,2008-08-09,5.000,0,84,98.00,E-1H,1,-0.000000,-0.000000,-0.000000,225.000000
242,3265.000,2008-08-09,5.000,0,84,98.00,E-2AH,1,-0.000000,-0.000000,-0.000000,225.000000
242,3265.000,2008-08-09,5.000,0,84,98.00,E-2H,1,-0.000000,-0.000000,-0.000000,225.000000
242,3265.000,2008-08-09,5.000,0,84,98.00,E-3AH,1,-0.000000,-0.000000,-0.000000,225.000000
242,3265.000,2008-08-09,5.000,0,84,98.00,E-3CH,1,-0.000000,-0.000000,-0.000000,225.000000
242,3265.000,2008-08-09,5.000,0,84,98.00,E-3H,1,-0.000000,-0.000000,-0.000000,225.000000
242,3265.000,2008-08-09,5.000,0,84,98.00,E-4AH,1,-0.000000,-0.000000,-0.000000,225.000000
242,3265.000,2008-08-09,5.000,0,84,98.00,F-1H,1,0.000000,6000.000000,0.000000,302.589954
242,3265.000,2008-08-09,5.000,0,84,98.00,F-2H,1,0.000000,6000.000000,0.000000,325.439576
242,3265.000,2008-08-09,5.000,0,84,98.00,F-3H,1,0.000000,6000.000000,0.000000,263.106750
242,3265.000,2008-08-09,5.000,0,84,98.00,F-4H,1,0.000000,6000.000000,0.000000,369.669924
243,3282.000,2008-08-26,17.000,0,84,97.15,B-1BH,1,-0.000000,-0.000000,-0.000000,225.000000
243,3282.000,2008-08-26,17.000,0,84,97.15,B-1H,1,-0.000000,-0.000000,-0.000000,225.000000
243,3282.000,2008-08-26,17.000,0,84,97.15,B-2H,1,-0.000000,-0.000000,-0.000000,225.000000
243,3282.000,2008-08-26,17.000,0,84,97.15,B-3H,1,-0.000000,-0.000000,-0.000000,225.000000
243,3282.000,2008-08-26,17.000,0,84,97.15,B-4BH,1,-0.000000,-0.000000,-0.000000,225.000000
243,3282.000,2008-08-26,17.000,0,84,97.15,B-4DH,1,-0.000000,-0.000000,-0.000000,225.000000
243,3282.000,2008-08-26,17.000,0,84,97.15,B-4H,1,-0.000000,-0.000000,-0.000000,225.000000
243,3282.000,2008-08-26,17.000,0,84,97.15,C-1H,1,0.000000,6000.000000,0.000000,281.951499
243,3282.000,2008-08-26,17.000,0,84,97.15,C-2H,1,0.000000,6000.000000,0.000000,264.995050
243,3282.000,2008-08-26,17.000,0,84,97.15,C-3H,1,0.000000,6000.000000,0.000000,266.970104
243,3282.000,2008-08-26,17.000,0,84,97.15,C-4AH,1,0.000000,6000.000000,0.000000,312.339820
243,3282.000,2008-08-26,17.000,0,84,97.15,C-4H,1,0.000000,6000.000000,0.000000,252.504038
243,3282.000,2008-08-26,17.000,0,84,97.15,D-1CH,1,-0.000000,-0.000000,-0.000000,225.000000
243,3282.000,2008-08-26,17.000,0,84,97.15,D-1H,1,-0.000000,-0.000000,-0.000000,225.000000
243,3282.000,2008-08-26,17.000,0,84,97.15,D-2H,1,-0.000000,-0.000000,-0.000000,225.000000
243,3282.000,2008-08-26,17.000,0,84,97.15,D-3AH,1,-0.000000,-0.000000,-0.000000,225.000000
243,3282.000,2008-08-26,17.000,0,84,97.15,D-3BH,1,-0.000000,-0.000000,-0.000000,225.000000
243,3282.000,2008-08-26,17.000,0,84,97.15,D-4H,1,-0.000000,-0.000000,-0.000000,225.000000
243,3282.000,2008-08-26,17.000,0,84,97.15,E-1H,1,-0.000000,-0.000000,-0.000000,225.000000
243,3282.000,2008-08-26,17.000,0,84,97.15,E-2AH,1,-0.000000,-0.000000,-0.000000,225.000000
243,3282.000,2008-08-26,17.000,0,84,97.15,E-2H,1,-0.000000,-0.000000,-0.000000,225.000000
243,3282.000,2008-08-26,17.000,0,84,97.15,E-3AH,1,-0.000000,-0.000000,-0.000000,225.000000
243,3282.000,2008-08-26,17.000,0,84,97.15,E-3CH,1,-0.000000,-0.000000,-0.000000,225.000000
243,3282.000,2008-08-26,17.000,0,84,97.15,E-3H,1,-0.000000,-0.000000,-0.000000,225.000000
243,3282.000,2008-08-26,17.000,0,84,97.15,E-4AH,1,-0.000000,-0.000000,-0.000000,225.000000
243,3282.000,2008-08-26,17.000,0,84,97.15,F-1H,1,0.000000,6000.000000,0.000000,302.589954
243,3282.000,2008-08-26,17.000,0,84,97.15,F-2H,1,0.000000,6000.000000,0.000000,325.439576
243,3282.000,2008-08-26,17.000,0,84,97.15,F-3H,1,0.000000,6000.000000,0.000000,263.106750
243,3282.000,2008-08-26,17.000,0,84,97.15,F-4H,1,0.000000,6000.000000,0.000000,369.669924
243,3282.000,2008-08-26,17.000,0,84,97.15,K-3H,1,-0.000000,-0.000000,-0.000000,225.000000
244,3290.000,2008-09-03,8.000,0,84,99.86,B-1BH,1,-0.000000,-0.000000,-0.000000,225.000000
244,3290.000,2008-09-03,8.000,0,84,99.86,B-1H,1,-0.000000,-0.000000,-0.000000,225.000000
244,3290.000,2008-09-03,8.000,0,84,99.86,B-2H,1,-0.000000,-0.000000,-0.000000,225.000000
244,3290.000,2008-09-03,8.000,0,84,99.86,B-3H,1,-0.000000,-0.000000,-0.000000,225.000000
244,3290.000,2008-09-03,8.000,0,84,99.86,B-4BH,1,-0.000000,-0.000000,-0.000000,225.000000
244,3290.000,2008-09-03,8.000,0,84,99.86,B-4DH,1,-0.000000,-0.000000,-0.000000,225.000000
244,3290.000,2008-09-03,8.000,0,84,99.86,B-4H,1,-0.000000,-0.000000,-0.000000,225.000000
244,3290.000,2008-09-03,8.000,0,84,99.86,C-1H,1,0.000000,6000.000000,0.000000,281.951499
244,3290.000,2008-09-03,8.000,0,84,99.86,C-2H,1,0.000000,6000.000000,0.000000,264.995050
244,3290.000,2008-09-03,8.000,0,84,99.86,C-3H,1,0.000000,6000.000000,0.000000,266.970104
244,3290.000,2008-09-03,8.000,0,84,99.86,C-4AH,1,0.000000,6000.000000,0.000000,312.339820
244,3290.000,2008-09-03,8.000,0,84,99.86,C-4H,1,0.000000,6000.000000,0.000000,252.504038
244,3290.000,2008-09-03,8.000,0,84,99.86,D-1CH,1,-0.000000,-0.000000,-0.000000,225.000000
244,3290.000,2008-09-03,8.000,0,84,99.86,D-1H,1,-0.000000,-0.000000,-0.000000,225.000000
244,3290.000,2008-09-03,8.000,0,84,99.86,D-2H,1,-0.000000,-0.000000,-0.000000,225.000000
244,3290.000,2008-09-03,8.000,0,84,99.86,D-3AH,1,-0.000000,-0.000000,-0.000000,225.000000
244,3290.000,2008-09-03,8.000,0,84,99.86,D-3BH,1,-0.000000,-0.000000,-0.000000,225.000000
244,3290.000,2008-09-03,8.000,0,84,99.86,D-4H,1,-0.000000,-0.000000,-0.000000,225.000000
244,3290.000,2008-09-03,8.000,0,84,99.86,E-1H,1,-0.000000,-0.000000,-0.000000,225.000000
244,3290.000,2008-09-03,8.000,0,84,99.86,E-2AH,1,-0.000000,-0.000000,-0.000000,225.000000
244,3290.000,2008-09-03,8.000,0,84,99.86,E-2H,1,-0.000000,-0.000000,-0.000000,225.000000
244,3290.000,2008-09-03,8.000,0,84,99.86,E-3AH,1,-0.000000,-0.000000,-0.000000,225.000000
244,3290.000,2008-09-03,8.000,0,84,99.86,E-3CH,1,-0.000000,-0.000000,-0.000000,225.000000
244,3290.000,2008-09-03,8.000,0,84,99.86,E-3H,1,-0.000000,-0.000000,-0.000000,225.000000
244,3290.000,2008-09-03,8.000,0,84,99.86,E-4AH,1,-0.000000,-0.000000,-0.000000,225.000000
244,3290.000,2008-09-03,8.000,0,84,99.86,F-1H,1,0.000000,6000.000000,0.000000,302.589954
244,3290.000,2008-09-03,8.000,0,84,99.86,F-2H,1,0.000000,6000.000000,0.000000,325.439576
244,3290.000,2008-09-03,8.000,0,84,99.86,F-3H,1,0.000000,6000.000000,0.000000,263.106750
244,3290.000,2008-09-03,8.000,0,84,99.86,F-4H,1,0.000000,6000.000000,0.000000,369.669924
244,3290.000,2008-09-03,8.000,0,84,99.86,K-3H,1,-0.000000,-0.000000,-0.000000,225.000000
245,3292.000,2008-09-05,2.000,0,84,99.31,B-1BH,1,-0.000000,-0.000000,-0.000000,225.000000
245,3292.000,2008-09-05,2.000,0,84,99.31,B-1H,1,-0.000000,-0.000000,-0.000000,225.000000
245,3292.000,2008-09-05,2.000,0,84,99.31,B-2H,1,-0.000000,-0.000000,-0.000000,225.000000
245,3292.000,2008-09-05,2.000,0,84,99.31,B-3H,1,-0.000000,-0.000000,-0.000000,225.000000
245,3292.000,2008-09-05,2.000,0,84,99.31,B-4BH,1,-0.000000,-0.000000,-0.000000,225.000000
245,3292.000,2008-09-05,2.000,0,84,99.31,B-4DH,1,-0.000000,-0.000000,-0.000000,225.000000
245,3292.000,2008-09-05,2.000,0,84,99.31,B-4H,1,-0.000000,-0.000000,-0.000000,225.000000
245,3292.000,2008-09-05,2.000,0,84,99.31,C-1H,1,0.000000,6000.000000,0.000000,281.951499
245,3292.000,2008-09-05,2.000,0,84,99.31,C-2H,1,0.000000,6000.000000,0.000000,264.995050
245,3292.000,2008-09-05,2.000,0,84,99.31,C-3H,1,0.000000,6000.000000,0.000000,266.970104
245,3292.000,2008-09-05,2.000,0,84,99.31,C-4AH,1,0.000000,6000.000000,0.000000,312.339820
245,3292.000,2008-09-05,2.000,0,84,99.31,C-4H,1,0.000000,6000.000000,0.000000,252.504038
245,3292.000,2008-09-05,2.000,0,84,99.31,D-1CH,1,-0.000000,-0.000000,-0.000000,225.000000
245,3292.000,2008-09-05,2.000,0,84,99.31,D-1H,1,-0.000000,-0.000000,-0.000000,225.000000
245,3292.000,2008-09-05,2.000,0,84,99.31,D-2H,1,-0.000000,-0.000000,-0.000000,225.000000
245,3292.000,2008-09-05,2.000,0,84,99.31,D-3AH,1,-0.000000,-0.000000,-0.000000,225.000000
245,3292.000,2008-09-05,2.000,0,84,99.31,D-3BH,1,-0.000000,-0.000000,-0.000000,225.000000
245,3292.000,2008-09-05,2.000,0,84,99.31,D-4H,1,-0.000000,-0.000000,-0.000000,225.000000
245,3292.000,2008-09-05,2.000,0,84,99.31,E-1H,1,-0.000000,-0.000000,-0.000000,225.000000
245,3292.000,2008-09-05,2.000,0,84,99.31,E-2AH,1,-0.000000,-0.000000,-0.000000,225.000000
245,3292.000,2008-09-05,2.000,0,84,99.31,E-2H,1,-0.000000,-0.000000,-0.000000,225.000000
245,3292.000,2008-09-05,2.000,0,84,99.31,E-3AH,1,-0.000000,-0.000000,-0.000000,225.000000
245,3292.000,2008-09-05,2.000,0,84,99.31,E-3CH,1,-0.000000,-0.000000,-0.000000,225.000000
245,3292.000,2008-09-05,2.000,0,84,99.31,E-3H,1,-0.000000,-0.000000,-0.000000,225.000000
245,3292.000,2008-09-05,2.000,0,84,99.31,E-4AH,1,-0.000000,-0.000000,-0.000000,225.000000
245,3292.000,2008-09-05,2.000,0,84,99.31,F-1H,1,0.000000,6000.000000,0.000000,302.589954
245,3292.000,2008-09-05,2.000,0,84,99.31,F-2H,1,0.000000,6000.000000,0.000000,325.439576
245,3292.000,2008-09-05,2.000,0,84,99.31,F-3H,1,0.000000,6000.000000,0.000000,263.106750
245,3292.000,2008-09-05,2.000,0,84,99.31,F-4H,1,0.000000,6000.000000,0.000000,369.669924
245,3292.000,2008-09-05,2.000,0,84,99.31,K-3H,1,-0.000000,-0.000000,-0.000000,225.000000
246,3298.000,2008-09-11,6.000,0,84,99.00,B-1BH,1,-0.000000,-0.000000,-0.000000,225.000000
246,3298.000,2008-09-11,6.000,0,84,99.00,B-1H,1,-0.000000,-0.000000,-0.000000,225.000000
246,3298.000,2008-09-11,6.000,0,84,99.00,B-2H,1,-0.000000,-0.000000,-0.000000,225.000000
246,3298.000,2008-09-11,6.000,0,84,99.00,B-3H,1,-0.000000,-0.000000,-0.000000,225.000000
246,3298.000,2008-09-11,6.000,0,84,99.00,B-4BH,1,-0.000000,-0.000000,-0.000000,225.000000
246,3298.000,2008-09-11,6.000,0,84,99.00,B-4DH,1,-0.000000,-0.000000,-0.000000,225.000000
246,3298.000,2008-09-11,6.000,0,84,99.00,B-4H,1,-0.000000,-0.000000,-0.000000,225.000000
246,3298.000,2008-09-11,6.000,0,84,99.00,C-1H,1,0.000000,6000.000000,0.000000,281.951499
246,3298.000,2008-09-11,6.000,0,84,99.00,C-2H,1,0.000000,6000.000000,0.000000,264.995050
246,3298.000,2008-09-11,6.000,0,84,99.00,C-3H,1,0.000000,6000.000000,0.000000,266.970104
246,3298.000,2008-09-11,6.000,0,84,99.00,C-4AH,1,0.000000,6000.000000,0.000000,312.339820
246,3298.000,2008-09-11,6.000,0,84,99.00,C-4H,1,0.000000,6000.000000,0.000000,252.504038
246,3298.000,2008-09-11,6.000,0,84,99.00,D-1CH,1,-0.000000,-0.000000,-0.000000,225.000000
246,3298.000,2008-09-11,6.000,0,84,99.00,D-1H,1,-0.000000,-0.000000,-0.000000,225.000000
246,3298.000,2008-09-11,6.000,0,84,99.00,D-2H,1,-0.000000,-0.000000,-0.000000,225.000000
246,3298.000,2008-09-11,6.000,0,84,99.00,D-3AH,1,-0.000000,-0.000000,-0.000000,225.000000
246,3298.000,2008-09-11,6.000,0,84,99.00,D-3BH,1,-0.000000,-0.000000,-0.000000,225.000000
246,3298.000,2008-09-11,6.000,0,84,99.00,D-4H,1,-0.000000,-0.000000,-0.000000,225.000000
246,3298.000,2008-09-11,6.000,0,84,99.00,E-1H,1,-0.000000,-0.000000,-0.000000,225.000000
246,3298.000,2008-09-11,6.000,0,84,99.00,E-2AH,1,-0.000000,-0.000000,-0.000000,225.000000
246,3298.000,2008-09-11,6.000,0,84,99.00,E-2H,1,-0.000000,-0.000000,-0.000000,225.000000
246,3298.000,2008-09-11,6.000,0,84,99.00,E-3AH,1,-0.000000,-0.000000,-0.000000,225.000000
246,3298.000,2008-09-11,6.000,0,84,99.00,E-3CH,1,-0.000000,-0.000000,-0.000000,225.000000
246,3298.000,2008-09-11,6.000,0,84,99.00,E-3H,1,-0.000000,-0.000000,-0.000000,225.000000
246,3298.000,2008-09-11,6.000,0,84,99.00,E-4AH,1,-0.000000,-0.000000,-0.000000,225.000000
246,3298.000,2008-09-11,6.000,0,84,99.00,F-1H,1,0.000000,6000.000000,0.000000,302.589954
246,3298.000,2008-09-11,6.000,0,84,99.00,F-2H,1,0.000000,6000.000000,0.000000,325.439576
246,3298.000,2008-09-11,6.000,0,84,99.00,F-3H,1,0.000000,6000.000000,0.000000,263.106750
246,3298.000,2008-09-11,6.000,0,84,99.00,F-4H,1,0.000000,6000.000000,0.000000,369.669924
246,3298.000,2008-09-11,6.000,0,84,99.00,K-3H,1,-0.000000,-0.000000,-0.000000,225.000000
247,3312.000,2008-09-25,14.000,0,84,102.79,B-1BH,1,-0.000000,-0.000000,-0.000000,225.000000
247,3312.000,2008-09-25,14.000,0,84,102.79,B-1H,1,-0.000000,-0.000000,-0.000000,225.000000
247,3312.000,2008-09-25,14.000,0,84,102.79,B-2H,1,-0.000000,-0.000000,-0.000000,225.000000
247,3312.000,2008-09-25,14.000,0,84,102.79,B-3H,1,-0.000000,-0.000000,-0.000000,225.000000
247,3312.000,2008-09-25,14.000,0,84,102.79,B-4BH,1,-0.000000,-0.000000,-0.000000,225.000000
247,3312.000,2008-09-25,14.000,0,84,102.79,B-4DH,1,-0.000000,-0.000000,-0.000000,225.000000
247,3312.000,2008-09-25,14.000,0,84,102.79,B-4H,1,-0.000000,-0.000000,-0.000000,225.000000
247,3312.000,2008-09-25,14.000,0,84,102.79,C-1H,1,0.000000,6000.000000,0.000000,281.951499
247,3312.000,2008-09-25,14.000,0,84,102.79,C-2H,1,0.000000,6000.000000,0.000000,264.995050
247,3312.000,2008-09-25,14.000,0,84,102.79,C-3H,1,0.000000,6000.000000,0.000000,266.970104
247,3312.000,2008-09-25,14.000,0,84,102.79,C-4AH,1,0.000000,6000.000000,0.000000,312.339820
247,3312.000,2008-09-25,14.000,0,84,102.79,C-4H,1,0.000000,6000.000000,0.000000,252.504038
247,3312.000,2008-09-25,14.000,0,84,102.79,D-1CH,1,-0.000000,-0.000000,-0.000000,225.000000
247,3312.000,2008-09-25,14.000,0,84,102.79,D-1H,1,-0.000000,-0.000000,-0.000000,225.000000
247,3312.000,2008-09-25,14.000,0,84,102.79,D-2H,1,-0.000000,-0.000000,-0.000000,225.000000
247,3312.000,2008-09-25,14.000,0,84,102.79,D-3AH,1,-0.000000,-0.000000,-0.000000,225.000000
247,3312.000,2008-09-25,14.000,0,84,102.79,D-3BH,1,-0.000000,-0.000000,-0.000000,225.000000
247,3312.000,2008-09-25,14.000,0,84,102.79,D-4H,1,-0.000000,-0.000000,-0.000000,225.000000
247,3312.000,2008-09-25,14.000,0,84,102.79,E-1H,1,-0.000000,-0.000000,-0.000000,225.000000
247,3312.000,2008-09-25,14.000,0,84,102.79,E-2AH,1,-0.000000,-0.000000,-0.000000,225.000000
247,3312.000,2008-09-25,14.000,0,84,102.79,E-2H,1,-0.000000,-0.000000,-0.000000,225.000000
247,3312.000,2008-09-25,14.000,0,84,102.79,E-3AH,1,-0.000000,-0.000000,-0.000000,225.000000
247,3312.000,2008-09-25,14.000,0,84,102.79,E-3CH,1,-0.000000,-0.000000,-0.000000,225.000000
247,3312.000,2008-09-25,14.000,0,84,102.79,E-3H,1,-0.000000,-0.000000,-0.000000,225.000000
247,3312.000,2008-09-25,14.000,0,84,102.79,E-4AH,1,-0.000000,-0.000000,-0.000000,225.000000
247,3312.000,2008-09-25,14.000,0,84,102.79,F-1H,1,0.000000,6000.000000,0.000000,302.589954
247,3312.000,2008-09-25,14.000,0,84,102.79,F-2H,1,0.000000,6000.000000,0.000000,325.439576
247,3312.000,2008-09-25,14.000,0,84,102.79,F-3H,1,0.000000,6000.000000,0.000000,263.106750
247,3312.000,2008-09-25,14.000,0,84,102.79,F-4H,1,0.000000,6000.000000,0.000000,369.669924
247,3312.000,2008-09-25,14.000,0,84,102.79,K-3H,1,-0.000000,-0.000000,-0.000000,225.000000
