step,time_days,date,dt_days,converged,nonlinear_iters,wall_s,well,status,qO_sm3d,qW_sm3d,qG_sm3d,bhp_bar
1,10.000,1999-09-11,10.000,0,40,1.28,INJ,1,0.000000,0.000000,12.475492,689.475729
1,10.000,1999-09-11,10.000,0,40,1.28,PROD,1,-0.007001,0.000000,0.000000,6.550019
2,20.000,1999-09-21,10.000,0,83,3.14,INJ,1,0.000000,0.000000,10.106122,689.475729
2,20.000,1999-09-21,10.000,0,83,3.14,PROD,1,-0.003603,-0.000000,0.000000,6.550019
3,30.000,1999-10-01,10.000,0,74,2.37,INJ,1,0.000000,0.000000,8.654158,689.475729
3,30.000,1999-10-01,10.000,0,74,2.37,PROD,1,-0.002597,-0.000000,0.000000,6.550019
4,40.000,1999-10-11,10.000,0,76,2.60,INJ,1,0.000000,0.000000,980.046061,689.475729
4,40.000,1999-10-11,10.000,0,76,2.60,PROD,1,-0.002115,-0.000000,0.000000,6.550019
5,50.000,1999-10-21,10.000,0,84,2.51,INJ,1,0.000048,0.000000,13.372394,689.475729
5,50.000,1999-10-21,10.000,0,84,2.51,PROD,1,-0.001819,-0.000000,0.000000,6.550019
6,60.000,1999-10-31,10.000,1,62,1.78,INJ,1,0.000000,0.000000,0.888832,689.475729
6,60.000,1999-10-31,10.000,1,62,1.78,PROD,1,-0.000439,-0.000000,0.000000,6.550019
7,70.000,1999-11-10,10.000,1,11,0.33,INJ,1,0.000000,0.000000,0.691176,689.475729
7,70.000,1999-11-10,10.000,1,11,0.33,PROD,1,-0.000350,-0.000000,0.000000,6.550019
8,80.000,1999-11-20,10.000,1,12,0.48,INJ,1,0.000000,0.000000,0.596977,689.475729
8,80.000,1999-11-20,10.000,1,12,0.48,PROD,1,-0.000505,-0.000000,0.000000,6.550019
9,90.000,1999-11-30,10.000,1,8,0.22,INJ,1,0.000000,0.000000,0.533152,689.475729
9,90.000,1999-11-30,10.000,1,8,0.22,PROD,1,-0.001252,-0.000000,0.000000,6.550019
10,100.000,1999-12-10,10.000,1,5,0.15,INJ,1,0.000000,0.000000,0.487054,689.475729
10,100.000,1999-12-10,10.000,1,5,0.15,PROD,1,-0.002718,-0.000000,0.000000,6.550019
11,110.000,1999-12-20,10.000,1,3,0.10,INJ,1,0.000000,0.000000,0.434979,689.475729
11,110.000,1999-12-20,10.000,1,3,0.10,PROD,1,-0.005015,-0.000000,0.000000,6.550019
12,120.000,1999-12-30,10.000,1,6,0.20,INJ,1,0.000000,0.000000,0.393499,689.475729
12,120.000,1999-12-30,10.000,1,6,0.20,PROD,1,-0.008163,-0.000000,0.000000,6.550019
13,130.000,2000-01-09,10.000,1,3,0.11,INJ,1,0.000000,0.000000,0.362596,689.475729
13,130.000,2000-01-09,10.000,1,3,0.11,PROD,1,-0.012107,-0.000000,0.000000,6.550019
14,140.000,2000-01-19,10.000,1,3,0.10,INJ,1,0.000000,0.000000,0.337906,689.475729
14,140.000,2000-01-19,10.000,1,3,0.10,PROD,1,-0.016734,-0.000000,0.000000,6.550019
15,150.000,2000-01-29,10.000,1,3,0.11,INJ,1,0.000000,0.000000,0.314477,689.475729
15,150.000,2000-01-29,10.000,1,3,0.11,PROD,1,-0.021907,-0.000000,0.000000,6.550019
16,160.000,2000-02-08,10.000,1,3,0.12,INJ,1,0.000000,0.000000,0.296003,689.475729
16,160.000,2000-02-08,10.000,1,3,0.12,PROD,1,-0.027478,-0.000000,0.000000,6.550019
17,170.000,2000-02-18,10.000,1,3,0.10,INJ,1,0.000000,0.000000,0.280112,689.475729
17,170.000,2000-02-18,10.000,1,3,0.10,PROD,1,-0.033305,-0.000000,0.000000,6.550019
18,180.000,2000-02-28,10.000,1,3,0.10,INJ,1,0.000000,0.000000,0.266766,689.475729
18,180.000,2000-02-28,10.000,1,3,0.10,PROD,1,-0.039261,-0.000000,0.000000,6.550019
19,190.000,2000-03-09,10.000,1,3,0.10,INJ,1,0.000000,0.000000,0.256379,689.475729
19,190.000,2000-03-09,10.000,1,3,0.10,PROD,1,-0.045240,-0.000000,0.000000,6.550019
20,200.000,2000-03-19,10.000,1,3,0.10,INJ,1,0.000000,0.000000,0.248789,689.475729
20,200.000,2000-03-19,10.000,1,3,0.10,PROD,1,-0.051154,-0.000000,0.000000,6.550019
21,210.000,2000-03-29,10.000,1,3,0.09,INJ,1,0.000000,0.000000,0.241090,689.475729
21,210.000,2000-03-29,10.000,1,3,0.09,PROD,1,-0.056936,-0.000000,0.000000,6.550019
22,220.000,2000-04-08,10.000,1,3,0.11,INJ,1,0.000000,0.000000,0.232679,689.475729
22,220.000,2000-04-08,10.000,1,3,0.11,PROD,1,-0.062538,-0.000000,0.000000,6.550019
23,230.000,2000-04-18,10.000,1,3,0.11,INJ,1,0.000000,0.000000,0.224143,689.475729
23,230.000,2000-04-18,10.000,1,3,0.11,PROD,1,-0.067925,-0.000000,0.000000,6.550019
24,240.000,2000-04-28,10.000,1,3,0.10,INJ,1,0.000000,0.000000,0.217059,689.475729
24,240.000,2000-04-28,10.000,1,3,0.10,PROD,1,-0.073073,-0.000000,0.000000,6.550019
25,250.000,2000-05-08,10.000,1,3,0.10,INJ,1,0.000000,0.000000,0.210162,689.475729
25,250.000,2000-05-08,10.000,1,3,0.10,PROD,1,-0.077969,-0.000000,0.000000,6.550019
26,260.000,2000-05-18,10.000,1,3,0.09,INJ,1,0.000000,0.000000,0.204178,689.475729
26,260.000,2000-05-18,10.000,1,3,0.09,PROD,1,-0.082604,-0.000000,0.000000,6.550019
27,270.000,2000-05-28,10.000,1,3,0.12,INJ,1,0.000000,0.000000,0.198958,689.475729
27,270.000,2000-05-28,10.000,1,3,0.12,PROD,1,-0.086975,-0.000000,0.000000,6.550019
28,280.000,2000-06-07,10.000,1,3,0.09,INJ,1,0.000000,0.000000,0.194119,689.475729
28,280.000,2000-06-07,10.000,1,3,0.09,PROD,1,-0.091084,-0.000000,0.000000,6.550019
29,290.000,2000-06-17,10.000,1,3,0.09,INJ,1,0.000000,0.000000,0.189750,689.475729
29,290.000,2000-06-17,10.000,1,3,0.09,PROD,1,-0.094936,-0.000000,0.000000,6.550019
30,300.000,2000-06-27,10.000,1,3,0.10,INJ,1,0.000000,0.000000,0.185524,689.475729
30,300.000,2000-06-27,10.000,1,3,0.10,PROD,1,-0.098536,-0.000000,0.000000,6.550019
31,310.000,2000-07-07,10.000,1,3,0.10,INJ,1,0.000000,0.000000,0.181783,689.475729
31,310.000,2000-07-07,10.000,1,3,0.10,PROD,1,-0.101895,-0.000000,0.000000,6.550019
32,320.000,2000-07-17,10.000,1,3,0.10,INJ,1,0.000000,0.000000,0.178548,689.475729
32,320.000,2000-07-17,10.000,1,3,0.10,PROD,1,-0.105023,-0.000000,0.000000,6.550019
33,330.000,2000-07-27,10.000,1,3,0.12,INJ,1,0.000000,0.000000,0.175661,689.475729
33,330.000,2000-07-27,10.000,1,3,0.12,PROD,1,-0.107929,-0.000000,0.000000,6.550019
34,340.000,2000-08-06,10.000,1,3,0.14,INJ,1,0.000000,0.000000,0.172891,689.475729
34,340.000,2000-08-06,10.000,1,3,0.14,PROD,1,-0.110627,-0.000000,0.000000,6.550019
35,350.000,2000-08-16,10.000,1,3,0.16,INJ,1,0.000000,0.000000,0.170369,689.475729
35,350.000,2000-08-16,10.000,1,3,0.16,PROD,1,-0.113127,-0.000000,0.000000,6.550019
36,360.000,2000-08-26,10.000,1,3,0.12,INJ,1,0.000000,0.000000,0.167979,689.475729
36,360.000,2000-08-26,10.000,1,3,0.12,PROD,1,-0.115442,-0.000000,0.000000,6.550019
37,370.000,2000-09-05,10.000,1,3,0.11,INJ,1,0.000000,0.000000,0.165865,689.475729
37,370.000,2000-09-05,10.000,1,3,0.11,PROD,1,-0.117583,-0.000000,0.000000,6.550019
38,380.000,2000-09-15,10.000,1,3,0.12,INJ,1,0.000000,0.000000,0.164248,689.475729
38,380.000,2000-09-15,10.000,1,3,0.12,PROD,1,-0.119562,-0.000000,0.000000,6.550019
39,390.000,2000-09-25,10.000,1,3,0.13,INJ,1,0.000000,0.000000,0.162761,689.475729
39,390.000,2000-09-25,10.000,1,3,0.13,PROD,1,-0.121390,-0.000000,0.000000,6.550019
40,400.000,2000-10-05,10.000,1,3,0.11,INJ,1,0.000000,0.000000,0.161226,689.475729
40,400.000,2000-10-05,10.000,1,3,0.11,PROD,1,-0.123077,-0.000000,0.000000,6.550019
41,410.000,2000-10-15,10.000,1,3,0.13,INJ,1,0.000000,0.000000,0.159873,689.475729
41,410.000,2000-10-15,10.000,1,3,0.13,PROD,1,-0.124635,-0.000000,0.000000,6.550019
42,420.000,2000-10-25,10.000,1,3,0.12,INJ,1,0.000000,0.000000,0.158566,689.475729
42,420.000,2000-10-25,10.000,1,3,0.12,PROD,1,-0.126072,-0.000000,0.000000,6.550019
43,430.000,2000-11-04,10.000,1,3,0.11,INJ,1,0.000000,0.000000,0.157508,689.475729
43,430.000,2000-11-04,10.000,1,3,0.11,PROD,1,-0.127399,-0.000000,0.000000,6.550019
44,440.000,2000-11-14,10.000,1,3,0.11,INJ,1,0.000000,0.000000,0.156694,689.475729
44,440.000,2000-11-14,10.000,1,3,0.11,PROD,1,-0.128624,-0.000000,0.000000,6.550019
45,450.000,2000-11-24,10.000,1,3,0.11,INJ,1,0.000000,0.000000,0.155933,689.475729
45,450.000,2000-11-24,10.000,1,3,0.11,PROD,1,-0.129755,-0.000000,0.000000,6.550019
46,460.000,2000-12-04,10.000,1,3,0.10,INJ,1,0.000000,0.000000,0.155265,689.475729
46,460.000,2000-12-04,10.000,1,3,0.10,PROD,1,-0.130801,-0.000000,0.000000,6.550019
47,470.000,2000-12-14,10.000,1,3,0.13,INJ,1,0.000000,0.000000,0.154511,689.475729
47,470.000,2000-12-14,10.000,1,3,0.13,PROD,1,-0.131767,-0.000000,0.000000,6.550019
48,480.000,2000-12-24,10.000,1,3,0.11,INJ,1,0.000000,0.000000,0.153696,689.475729
48,480.000,2000-12-24,10.000,1,3,0.11,PROD,1,-0.132661,-0.000000,0.000000,6.550019
49,490.000,2001-01-03,10.000,1,3,0.09,INJ,1,0.000000,0.000000,0.152905,689.475729
49,490.000,2001-01-03,10.000,1,3,0.09,PROD,1,-0.133489,-0.000000,0.000000,6.550019
50,500.000,2001-01-13,10.000,1,3,0.11,INJ,1,0.000000,0.000000,0.152205,689.475729
50,500.000,2001-01-13,10.000,1,3,0.11,PROD,1,-0.134256,-0.000000,0.000000,6.550019
51,510.000,2001-01-23,10.000,1,3,0.10,INJ,1,0.000000,0.000000,0.151538,689.475729
51,510.000,2001-01-23,10.000,1,3,0.10,PROD,1,-0.134967,-0.000000,0.000000,6.550019
52,520.000,2001-02-02,10.000,1,3,0.10,INJ,1,0.000000,0.000000,0.150915,689.475729
52,520.000,2001-02-02,10.000,1,3,0.10,PROD,1,-0.135625,-0.000000,0.000000,6.550019
53,530.000,2001-02-12,10.000,1,3,0.11,INJ,1,0.000000,0.000000,0.150363,689.475729
53,530.000,2001-02-12,10.000,1,3,0.11,PROD,1,-0.136235,-0.000000,0.000000,6.550019
54,540.000,2001-02-22,10.000,1,3,0.10,INJ,1,0.000000,0.000000,0.149873,689.475729
54,540.000,2001-02-22,10.000,1,3,0.10,PROD,1,-0.136800,-0.000000,0.000000,6.550019
55,550.000,2001-03-04,10.000,1,3,0.10,INJ,1,0.000000,0.000000,0.149472,689.475729
55,550.000,2001-03-04,10.000,1,3,0.10,PROD,1,-0.137323,-0.000000,0.000000,6.550019
56,560.000,2001-03-14,10.000,1,3,0.10,INJ,1,0.000000,0.000000,0.149130,689.475729
56,560.000,2001-03-14,10.000,1,3,0.10,PROD,1,-0.137808,-0.000000,0.000000,6.550019
57,570.000,2001-03-24,10.000,1,3,0.10,INJ,1,0.000000,0.000000,0.148869,689.475729
57,570.000,2001-03-24,10.000,1,3,0.10,PROD,1,-0.138256,-0.000000,0.000000,6.550019
58,580.000,2001-04-03,10.000,1,3,0.09,INJ,1,0.000000,0.000000,0.148728,689.475729
58,580.000,2001-04-03,10.000,1,3,0.09,PROD,1,-0.138671,-0.000000,0.000000,6.550019
59,590.000,2001-04-13,10.000,1,3,0.09,INJ,1,0.000000,0.000000,0.148536,689.475729
59,590.000,2001-04-13,10.000,1,3,0.09,PROD,1,-0.139056,-0.000000,0.000000,6.550019
60,600.000,2001-04-23,10.000,1,3,0.09,INJ,1,0.000000,0.000000,0.148277,689.475729
60,600.000,2001-04-23,10.000,1,3,0.09,PROD,1,-0.139413,-0.000000,0.000000,6.550019
61,610.000,2001-05-03,10.000,1,3,0.10,INJ,1,0.000000,0.000000,0.148136,689.475729
61,610.000,2001-05-03,10.000,1,3,0.10,PROD,1,-0.139744,-0.000000,0.000000,6.550019
62,620.000,2001-05-13,10.000,1,3,0.10,INJ,1,0.000000,0.000000,0.148018,689.475729
62,620.000,2001-05-13,10.000,1,3,0.10,PROD,1,-0.140053,-0.000000,0.000000,6.550019
63,630.000,2001-05-23,10.000,1,3,0.10,INJ,1,0.000000,0.000000,0.147829,689.475729
63,630.000,2001-05-23,10.000,1,3,0.10,PROD,1,-0.140341,-0.000000,0.000000,6.550019
64,640.000,2001-06-02,10.000,1,3,0.11,INJ,1,0.000000,0.000000,0.147636,689.475729
64,640.000,2001-06-02,10.000,1,3,0.11,PROD,1,-0.140609,-0.000000,0.000000,6.550019
65,650.000,2001-06-12,10.000,1,3,0.10,INJ,1,0.000000,0.000000,0.147426,689.475729
65,650.000,2001-06-12,10.000,1,3,0.10,PROD,1,-0.140860,-0.000000,0.000000,6.550019
66,660.000,2001-06-22,10.000,1,3,0.10,INJ,1,0.000000,0.000000,0.147169,689.475729
66,660.000,2001-06-22,10.000,1,3,0.10,PROD,1,-0.141094,-0.000000,0.000000,6.550019
67,670.000,2001-07-02,10.000,1,3,0.10,INJ,1,0.000000,0.000000,0.147071,689.475729
67,670.000,2001-07-02,10.000,1,3,0.10,PROD,1,-0.141313,-0.000000,0.000000,6.550019
68,680.000,2001-07-12,10.000,1,3,0.10,INJ,1,0.000000,0.000000,0.147806,689.475729
68,680.000,2001-07-12,10.000,1,3,0.10,PROD,1,-0.141517,-0.000000,0.000000,6.550019
69,690.000,2001-07-22,10.000,1,3,0.10,INJ,1,0.000000,0.000000,0.148305,689.475729
69,690.000,2001-07-22,10.000,1,3,0.10,PROD,1,-0.141710,-0.000000,0.000000,6.550019
70,700.000,2001-08-01,10.000,1,3,0.09,INJ,1,0.000000,0.000000,0.148435,689.475729
70,700.000,2001-08-01,10.000,1,3,0.09,PROD,1,-0.141893,-0.000000,0.000000,6.550019
71,710.000,2001-08-11,10.000,1,3,0.10,INJ,1,0.000000,0.000000,0.149822,689.475729
71,710.000,2001-08-11,10.000,1,3,0.10,PROD,1,-0.142068,-0.000000,0.000000,6.550019
72,720.000,2001-08-21,10.000,1,3,0.10,INJ,1,0.000000,0.000000,0.150620,689.475729
72,720.000,2001-08-21,10.000,1,3,0.10,PROD,1,-0.142241,-0.000000,0.000000,6.550019
73,730.000,2001-08-31,10.000,1,3,0.10,INJ,1,0.000000,0.000000,0.151139,689.475729
73,730.000,2001-08-31,10.000,1,3,0.10,PROD,1,-0.142413,-0.000000,0.000000,6.550019
74,740.000,2001-09-10,10.000,1,4,0.13,INJ,1,0.000000,0.000000,0.152435,689.475729
74,740.000,2001-09-10,10.000,1,4,0.13,PROD,1,-0.142589,-0.000000,0.000000,6.550019
75,750.000,2001-09-20,10.000,1,3,0.10,INJ,1,0.000000,0.000000,0.152652,689.475729
75,750.000,2001-09-20,10.000,1,3,0.10,PROD,1,-0.142771,-0.000000,0.000000,6.550019
76,760.000,2001-09-30,10.000,1,3,0.11,INJ,1,0.000000,0.000000,0.153434,689.475729
76,760.000,2001-09-30,10.000,1,3,0.11,PROD,1,-0.142962,-0.000000,0.000000,6.550019
77,770.000,2001-10-10,10.000,1,3,0.11,INJ,1,0.000000,0.000000,0.154223,689.475729
77,770.000,2001-10-10,10.000,1,3,0.11,PROD,1,-0.143164,-0.000000,0.000000,6.550019
78,780.000,2001-10-20,10.000,1,3,0.11,INJ,1,0.000000,0.000000,0.154414,689.475729
78,780.000,2001-10-20,10.000,1,3,0.11,PROD,1,-0.143377,-0.000000,0.000000,6.550019
79,790.000,2001-10-30,10.000,1,3,0.10,INJ,1,0.000000,0.000000,0.154917,689.475729
79,790.000,2001-10-30,10.000,1,3,0.10,PROD,1,-0.143604,-0.000000,0.000000,6.550019
80,800.000,2001-11-09,10.000,1,3,0.11,INJ,1,0.000000,0.000000,0.155267,689.475729
80,800.000,2001-11-09,10.000,1,3,0.11,PROD,1,-0.143842,-0.000000,0.000000,6.550019
81,810.000,2001-11-19,10.000,1,3,0.10,INJ,1,0.000000,0.000000,0.155361,689.475729
81,810.000,2001-11-19,10.000,1,3,0.10,PROD,1,-0.144093,-0.000000,0.000000,6.550019
82,820.000,2001-11-29,10.000,1,3,0.11,INJ,1,0.000000,0.000000,0.155920,689.475729
82,820.000,2001-11-29,10.000,1,3,0.11,PROD,1,-0.144354,-0.000000,0.000000,6.550019
83,830.000,2001-12-09,10.000,1,3,0.11,INJ,1,0.000000,0.000000,0.156237,689.475729
83,830.000,2001-12-09,10.000,1,3,0.11,PROD,1,-0.144624,-0.000000,0.000000,6.550019
84,840.000,2001-12-19,10.000,1,3,0.10,INJ,1,0.000000,0.000000,0.156554,689.475729
84,840.000,2001-12-19,10.000,1,3,0.10,PROD,1,-0.144904,-0.000000,0.000000,6.550019
85,850.000,2001-12-29,10.000,1,4,0.13,INJ,1,0.000000,0.000000,0.157269,689.475729
85,850.000,2001-12-29,10.000,1,4,0.13,PROD,1,-0.145191,0.000000,0.000000,6.550019
86,860.000,2002-01-08,10.000,1,3,0.11,INJ,1,0.000000,0.000000,0.157575,689.475729
86,860.000,2002-01-08,10.000,1,3,0.11,PROD,1,-0.145485,-0.000000,0.000000,6.550019
87,870.000,2002-01-18,10.000,1,3,0.10,INJ,1,0.000000,0.000000,0.157985,689.475729
87,870.000,2002-01-18,10.000,1,3,0.10,PROD,1,-0.145787,-0.000000,0.000000,6.550019
88,880.000,2002-01-28,10.000,1,3,0.10,INJ,1,0.000000,0.000000,0.158574,689.475729
88,880.000,2002-01-28,10.000,1,3,0.10,PROD,1,-0.146096,-0.000000,0.000000,6.550019
89,890.000,2002-02-07,10.000,1,3,0.10,INJ,1,0.000000,0.000000,0.158755,689.475729
89,890.000,2002-02-07,10.000,1,3,0.10,PROD,1,-0.146410,-0.000000,0.000000,6.550019
90,900.000,2002-02-17,10.000,1,3,0.10,INJ,1,0.000000,0.000000,0.158982,689.475729
90,900.000,2002-02-17,10.000,1,3,0.10,PROD,1,-0.146730,0.000000,0.000000,6.550019
91,910.000,2002-02-27,10.000,1,3,0.10,INJ,1,0.000000,0.000000,0.159545,689.475729
91,910.000,2002-02-27,10.000,1,3,0.10,PROD,1,-0.147055,0.000000,0.000000,6.550019
92,920.000,2002-03-09,10.000,1,3,0.11,INJ,1,0.000000,0.000000,0.159755,689.475729
92,920.000,2002-03-09,10.000,1,3,0.11,PROD,1,-0.147384,-0.000000,0.000000,6.550019
93,930.000,2002-03-19,10.000,1,3,0.10,INJ,1,0.000000,0.000000,0.160090,689.475729
93,930.000,2002-03-19,10.000,1,3,0.10,PROD,1,-0.147717,-0.000000,0.000000,6.550019
94,940.000,2002-03-29,10.000,1,3,0.10,INJ,1,0.000000,0.000000,0.160723,689.475729
94,940.000,2002-03-29,10.000,1,3,0.10,PROD,1,-0.148055,-0.000000,0.000000,6.550019
95,950.000,2002-04-08,10.000,1,3,0.10,INJ,1,0.000000,0.000000,0.161068,689.475729
95,950.000,2002-04-08,10.000,1,3,0.10,PROD,1,-0.148398,-0.000000,0.000000,6.550019
96,960.000,2002-04-18,10.000,1,3,0.14,INJ,1,0.000000,0.000000,0.161532,689.475729
96,960.000,2002-04-18,10.000,1,3,0.14,PROD,1,-0.148746,-0.000000,0.000000,6.550019
97,970.000,2002-04-28,10.000,1,3,0.17,INJ,1,0.000000,0.000000,0.161997,689.475729
97,970.000,2002-04-28,10.000,1,3,0.17,PROD,1,-0.149099,-0.000000,0.000000,6.550019
98,980.000,2002-05-08,10.000,1,3,0.09,INJ,1,0.000000,0.000000,0.162229,689.475729
98,980.000,2002-05-08,10.000,1,3,0.09,PROD,1,-0.149457,-0.000000,0.000000,6.550019
99,990.000,2002-05-18,10.000,1,3,0.09,INJ,1,0.000000,0.000000,0.162426,689.475729
99,990.000,2002-05-18,10.000,1,3,0.09,PROD,1,-0.149819,-0.000000,0.000000,6.550019
100,1000.000,2002-05-28,10.000,1,3,0.10,INJ,1,0.000000,0.000000,0.162560,689.475729
100,1000.000,2002-05-28,10.000,1,3,0.10,PROD,1,-0.150182,-0.000000,0.000000,6.550019
101,1010.000,2002-06-07,10.000,1,3,0.10,INJ,1,0.000000,0.000000,0.162485,689.475729
101,1010.000,2002-06-07,10.000,1,3,0.10,PROD,1,-0.150545,-0.000000,0.000000,6.550019
102,1020.000,2002-06-17,10.000,1,3,0.12,INJ,1,0.000000,0.000000,0.162509,689.475729
102,1020.000,2002-06-17,10.000,1,3,0.12,PROD,1,-0.150904,0.000000,0.000000,6.550019
103,1030.000,2002-06-27,10.000,1,3,0.10,INJ,1,0.000000,0.000000,0.163217,689.475729
103,1030.000,2002-06-27,10.000,1,3,0.10,PROD,1,-0.151262,-0.000000,0.000000,6.550019
104,1040.000,2002-07-07,10.000,1,3,0.10,INJ,1,0.000000,0.000000,0.163881,689.475729
104,1040.000,2002-07-07,10.000,1,3,0.10,PROD,1,-0.151621,-0.000000,0.000000,6.550019
105,1050.000,2002-07-17,10.000,1,3,0.10,INJ,1,0.000000,0.000000,0.164649,689.475729
105,1050.000,2002-07-17,10.000,1,3,0.10,PROD,1,-0.151985,-0.000000,0.000000,6.550019
106,1060.000,2002-07-27,10.000,1,3,0.10,INJ,1,0.000000,0.000000,0.165262,689.475729
106,1060.000,2002-07-27,10.000,1,3,0.10,PROD,1,-0.152357,-0.000000,0.000000,6.550019
107,1070.000,2002-08-06,10.000,1,3,0.11,INJ,1,0.000000,0.000000,0.165813,689.475729
107,1070.000,2002-08-06,10.000,1,3,0.11,PROD,1,-0.152737,-0.000000,0.000000,6.550019
108,1080.000,2002-08-16,10.000,1,3,0.11,INJ,1,0.000000,0.000000,0.166142,689.475729
108,1080.000,2002-08-16,10.000,1,3,0.11,PROD,1,-0.153126,-0.000000,0.000000,6.550019
109,1090.000,2002-08-26,10.000,1,3,0.10,INJ,1,0.000000,0.000000,0.166373,689.475729
109,1090.000,2002-08-26,10.000,1,3,0.10,PROD,1,-0.153519,-0.000000,0.000000,6.550019
110,1100.000,2002-09-05,10.000,1,3,0.10,INJ,1,0.000000,0.000000,0.166608,689.475729
110,1100.000,2002-09-05,10.000,1,3,0.10,PROD,1,-0.153916,-0.000000,0.000000,6.550019
111,1110.000,2002-09-15,10.000,1,3,0.10,INJ,1,0.000000,0.000000,0.166820,689.475729
111,1110.000,2002-09-15,10.000,1,3,0.10,PROD,1,-0.154312,-0.000000,0.000000,6.550019
112,1120.000,2002-09-25,10.000,1,3,0.11,INJ,1,0.000000,0.000000,0.166904,689.475729
112,1120.000,2002-09-25,10.000,1,3,0.11,PROD,1,-0.154706,-0.000000,0.000000,6.550019
113,1130.000,2002-10-05,10.000,1,3,0.22,INJ,1,0.000000,0.000000,0.167011,689.475729
113,1130.000,2002-10-05,10.000,1,3,0.22,PROD,1,-0.155095,0.000000,0.000000,6.550019
114,1140.000,2002-10-15,10.000,1,3,0.09,INJ,1,0.000000,0.000000,0.167219,689.475729
114,1140.000,2002-10-15,10.000,1,3,0.09,PROD,1,-0.155478,-0.000000,0.000000,6.550019
115,1150.000,2002-10-25,10.000,1,3,0.09,INJ,1,0.000000,0.000000,0.167420,689.475729
115,1150.000,2002-10-25,10.000,1,3,0.09,PROD,1,-0.155855,-0.000000,0.000000,6.550019
116,1160.000,2002-11-04,10.000,1,3,0.11,INJ,1,0.000000,0.000000,0.167498,689.475729
116,1160.000,2002-11-04,10.000,1,3,0.11,PROD,1,-0.156226,-0.000000,0.000000,6.550019
117,1170.000,2002-11-14,10.000,1,3,0.10,INJ,1,0.000000,0.000000,0.167657,689.475729
117,1170.000,2002-11-14,10.000,1,3,0.10,PROD,1,-0.156590,-0.000000,0.000000,6.550019
118,1180.000,2002-11-24,10.000,1,3,0.09,INJ,1,0.000000,0.000000,0.168029,689.475729
118,1180.000,2002-11-24,10.000,1,3,0.09,PROD,1,-0.156948,-0.000000,0.000000,6.550019
119,1190.000,2002-12-04,10.000,1,3,0.09,INJ,1,0.000000,0.000000,0.168275,689.475729
119,1190.000,2002-12-04,10.000,1,3,0.09,PROD,1,-0.157304,-0.000000,0.000000,6.550019
120,1200.000,2002-12-14,10.000,1,3,0.09,INJ,1,0.000000,0.000000,0.168474,689.475729
120,1200.000,2002-12-14,10.000,1,3,0.09,PROD,1,-0.157656,-0.000000,0.000000,6.550019
121,1210.000,2002-12-24,10.000,1,3,0.11,INJ,1,0.000000,0.000000,0.168839,689.475729
121,1210.000,2002-12-24,10.000,1,3,0.11,PROD,1,-0.158007,0.000000,0.000000,6.550019
122,1220.000,2003-01-03,10.000,1,3,0.10,INJ,1,0.000000,0.000000,0.169106,689.475729
122,1220.000,2003-01-03,10.000,1,3,0.10,PROD,1,-0.158357,-0.000000,0.000000,6.550019
123,1230.000,2003-01-13,10.000,1,3,0.11,INJ,1,0.000000,0.000000,0.169294,689.475729
123,1230.000,2003-01-13,10.000,1,3,0.11,PROD,1,-0.158705,-0.000000,0.000000,6.550019
124,1240.000,2003-01-23,10.000,1,3,0.12,INJ,1,0.000000,0.000000,0.169591,689.475729
124,1240.000,2003-01-23,10.000,1,3,0.12,PROD,1,-0.159053,-0.000000,0.000000,6.550019
125,1250.000,2003-02-02,10.000,1,3,0.10,INJ,1,0.000000,0.000000,0.169892,689.475729
125,1250.000,2003-02-02,10.000,1,3,0.10,PROD,1,-0.159400,-0.000000,0.000000,6.550019
126,1260.000,2003-02-12,10.000,1,3,0.11,INJ,1,0.000000,0.000000,0.170099,689.475729
126,1260.000,2003-02-12,10.000,1,3,0.11,PROD,1,-0.159747,0.000000,0.000000,6.550019
127,1270.000,2003-02-22,10.000,1,3,0.10,INJ,1,0.000000,0.000000,0.170350,689.475729
127,1270.000,2003-02-22,10.000,1,3,0.10,PROD,1,-0.160093,-0.000000,0.000000,6.550019
128,1280.000,2003-03-04,10.000,1,3,0.11,INJ,1,0.000000,0.000000,0.170541,689.475729
128,1280.000,2003-03-04,10.000,1,3,0.11,PROD,1,-0.160439,-0.000000,0.000000,6.550019
129,1290.000,2003-03-14,10.000,1,3,0.11,INJ,1,0.000000,0.000000,0.170657,689.475729
129,1290.000,2003-03-14,10.000,1,3,0.11,PROD,1,-0.160783,-0.000000,0.000000,6.550019
130,1300.000,2003-03-24,10.000,1,3,0.10,INJ,1,0.000000,0.000000,0.170910,689.475729
130,1300.000,2003-03-24,10.000,1,3,0.10,PROD,1,-0.161126,-0.000000,0.000000,6.550019
131,1310.000,2003-04-03,10.000,1,3,0.09,INJ,1,0.000000,0.000000,0.171231,689.475729
131,1310.000,2003-04-03,10.000,1,3,0.09,PROD,1,-0.161471,-0.000000,0.000000,6.550019
132,1320.000,2003-04-13,10.000,1,3,0.10,INJ,1,0.000000,0.000000,0.171502,689.475729
132,1320.000,2003-04-13,10.000,1,3,0.10,PROD,1,-0.161818,-0.000000,0.000000,6.550019
133,1330.000,2003-04-23,10.000,1,3,0.10,INJ,1,0.000000,0.000000,0.171777,689.475729
133,1330.000,2003-04-23,10.000,1,3,0.10,PROD,1,-0.162166,-0.000000,0.000000,6.550019
134,1340.000,2003-05-03,10.000,1,3,0.10,INJ,1,0.000000,0.000000,0.172118,689.475729
134,1340.000,2003-05-03,10.000,1,3,0.10,PROD,1,-0.162516,-0.000000,0.000000,6.550019
135,1350.000,2003-05-13,10.000,1,3,0.10,INJ,1,0.000000,0.000000,0.172399,689.475729
135,1350.000,2003-05-13,10.000,1,3,0.10,PROD,1,-0.162866,-0.000000,0.000000,6.550019
136,1360.000,2003-05-23,10.000,1,3,0.11,INJ,1,0.000000,0.000000,0.172610,689.475729
136,1360.000,2003-05-23,10.000,1,3,0.11,PROD,1,-0.163215,-0.000000,0.000000,6.550019
137,1370.000,2003-06-02,10.000,1,3,0.09,INJ,1,0.000000,0.000000,0.172755,689.475729
137,1370.000,2003-06-02,10.000,1,3,0.09,PROD,1,-0.163558,-0.000000,0.000000,6.550019
138,1380.000,2003-06-12,10.000,1,3,0.10,INJ,1,0.000000,0.000000,0.172878,689.475729
138,1380.000,2003-06-12,10.000,1,3,0.10,PROD,1,-0.163896,-0.000000,0.000000,6.550019
139,1390.000,2003-06-22,10.000,1,3,0.10,INJ,1,0.000000,0.000000,0.172957,689.475729
139,1390.000,2003-06-22,10.000,1,3,0.10,PROD,1,-0.164226,-0.000000,0.000000,6.550019
140,1400.000,2003-07-02,10.000,1,3,0.11,INJ,1,0.000000,0.000000,0.173021,689.475729
140,1400.000,2003-07-02,10.000,1,3,0.11,PROD,1,-0.164547,-0.000000,0.000000,6.550019
141,1410.000,2003-07-12,10.000,1,3,0.12,INJ,1,0.000000,0.000000,0.173066,689.475729
141,1410.000,2003-07-12,10.000,1,3,0.12,PROD,1,-0.164857,-0.000000,0.000000,6.550019
142,1420.000,2003-07-22,10.000,1,3,0.10,INJ,1,0.000000,0.000000,0.173124,689.475729
142,1420.000,2003-07-22,10.000,1,3,0.10,PROD,1,-0.165156,-0.000000,0.000000,6.550019
143,1430.000,2003-08-01,10.000,1,3,0.11,INJ,1,0.000000,0.000000,0.173279,689.475729
143,1430.000,2003-08-01,10.000,1,3,0.11,PROD,1,-0.165447,-0.000000,0.000000,6.550019
144,1440.000,2003-08-11,10.000,1,3,0.09,INJ,1,0.000000,0.000000,0.173453,689.475729
144,1440.000,2003-08-11,10.000,1,3,0.09,PROD,1,-0.165732,-0.000000,0.000000,6.550019
145,1450.000,2003-08-21,10.000,1,3,0.10,INJ,1,0.000000,0.000000,0.173602,689.475729
145,1450.000,2003-08-21,10.000,1,3,0.10,PROD,1,-0.166011,-0.000000,0.000000,6.550019
146,1460.000,2003-08-31,10.000,1,3,0.12,INJ,1,0.000000,0.000000,0.173757,689.475729
146,1460.000,2003-08-31,10.000,1,3,0.12,PROD,1,-0.166285,-0.000000,0.000000,6.550019
147,1470.000,2003-09-10,10.000,1,3,0.10,INJ,1,0.000000,0.000000,0.173957,689.475729
147,1470.000,2003-09-10,10.000,1,3,0.10,PROD,1,-0.166557,-0.000000,0.000000,6.550019
148,1480.000,2003-09-20,10.000,1,3,0.11,INJ,1,0.000000,0.000000,0.174144,689.475729
148,1480.000,2003-09-20,10.000,1,3,0.11,PROD,1,-0.166824,-0.000000,0.000000,6.550019
149,1490.000,2003-09-30,10.000,1,3,0.10,INJ,1,0.000000,0.000000,0.174353,689.475729
149,1490.000,2003-09-30,10.000,1,3,0.10,PROD,1,-0.167089,-0.000000,0.000000,6.550019
150,1500.000,2003-10-10,10.000,1,3,0.10,INJ,1,0.000000,0.000000,0.174693,689.475729
150,1500.000,2003-10-10,10.000,1,3,0.10,PROD,1,-0.167356,-0.000000,0.000000,6.550019
151,1510.000,2003-10-20,10.000,1,3,0.10,INJ,1,0.000000,0.000000,0.175026,689.475729
151,1510.000,2003-10-20,10.000,1,3,0.10,PROD,1,-0.167630,-0.000000,0.000000,6.550019
152,1520.000,2003-10-30,10.000,1,3,0.10,INJ,1,0.000000,0.000000,0.175338,689.475729
152,1520.000,2003-10-30,10.000,1,3,0.10,PROD,1,-0.167909,-0.000000,0.000000,6.550019
153,1530.000,2003-11-09,10.000,1,3,0.11,INJ,1,0.000000,0.000000,0.175742,689.475729
153,1530.000,2003-11-09,10.000,1,3,0.11,PROD,1,-0.168198,-0.000000,0.000000,6.550019
154,1540.000,2003-11-19,10.000,1,3,0.10,INJ,1,0.000000,0.000000,0.176135,689.475729
154,1540.000,2003-11-19,10.000,1,3,0.10,PROD,1,-0.168497,-0.000000,0.000000,6.550019
155,1550.000,2003-11-29,10.000,1,3,0.11,INJ,1,0.000000,0.000000,0.176530,689.475729
155,1550.000,2003-11-29,10.000,1,3,0.11,PROD,1,-0.168805,-0.000000,0.000000,6.550019
156,1560.000,2003-12-09,10.000,1,3,0.10,INJ,1,0.000000,0.000000,0.176941,689.475729
156,1560.000,2003-12-09,10.000,1,3,0.10,PROD,1,-0.169123,-0.000000,0.000000,6.550019
157,1570.000,2003-12-19,10.000,1,3,0.10,INJ,1,0.000000,0.000000,0.177310,689.475729
157,1570.000,2003-12-19,10.000,1,3,0.10,PROD,1,-0.169449,-0.000000,0.000000,6.550019
158,1580.000,2003-12-29,10.000,1,3,0.11,INJ,1,0.000000,0.000000,0.177672,689.475729
158,1580.000,2003-12-29,10.000,1,3,0.11,PROD,1,-0.169784,-0.000000,0.000000,6.550019
159,1590.000,2004-01-08,10.000,1,3,0.09,INJ,1,0.000000,0.000000,0.178093,689.475729
159,1590.000,2004-01-08,10.000,1,3,0.09,PROD,1,-0.170130,-0.000000,0.000000,6.550019
160,1600.000,2004-01-18,10.000,1,3,0.11,INJ,1,0.000000,0.000000,0.178536,689.475729
160,1600.000,2004-01-18,10.000,1,3,0.11,PROD,1,-0.170487,-0.000000,0.000000,6.550019
161,1610.000,2004-01-28,10.000,1,3,0.11,INJ,1,0.000000,0.000000,0.178954,689.475729
161,1610.000,2004-01-28,10.000,1,3,0.11,PROD,1,-0.170855,-0.000000,0.000000,6.550019
162,1620.000,2004-02-07,10.000,1,3,0.11,INJ,1,0.000000,0.000000,0.179364,689.475729
162,1620.000,2004-02-07,10.000,1,3,0.11,PROD,1,-0.171233,-0.000000,0.000000,6.550019
163,1630.000,2004-02-17,10.000,1,3,0.10,INJ,1,0.000000,0.000000,0.179784,689.475729
163,1630.000,2004-02-17,10.000,1,3,0.10,PROD,1,-0.171621,-0.000000,0.000000,6.550019
164,1640.000,2004-02-27,10.000,1,4,0.14,INJ,1,0.000000,0.000000,0.180175,689.475729
164,1640.000,2004-02-27,10.000,1,4,0.14,PROD,1,-0.172016,-0.000000,0.000000,6.550019
165,1650.000,2004-03-08,10.000,1,3,0.11,INJ,1,0.000000,0.000000,0.180533,689.475729
165,1650.000,2004-03-08,10.000,1,3,0.11,PROD,1,-0.172416,-0.000000,0.000000,6.550019
166,1660.000,2004-03-18,10.000,1,3,0.10,INJ,1,0.000000,0.000000,0.180857,689.475729
166,1660.000,2004-03-18,10.000,1,3,0.10,PROD,1,-0.172819,-0.000000,0.000000,6.550019
167,1670.000,2004-03-28,10.000,1,3,0.11,INJ,1,0.000000,0.000000,0.181143,689.475729
167,1670.000,2004-03-28,10.000,1,3,0.11,PROD,1,-0.173217,-0.000000,0.000000,6.550019
168,1680.000,2004-04-07,10.000,1,3,0.11,INJ,1,0.000000,0.000000,0.181402,689.475729
168,1680.000,2004-04-07,10.000,1,3,0.11,PROD,1,-0.173609,-0.000000,0.000000,6.550019
169,1690.000,2004-04-17,10.000,1,3,0.10,INJ,1,0.000000,0.000000,0.181656,689.475729
169,1690.000,2004-04-17,10.000,1,3,0.10,PROD,1,-0.173993,-0.000000,0.000000,6.550019
170,1700.000,2004-04-27,10.000,1,3,0.11,INJ,1,0.000000,0.000000,0.181929,689.475729
170,1700.000,2004-04-27,10.000,1,3,0.11,PROD,1,-0.174371,-0.000000,0.000000,6.550019
171,1710.000,2004-05-07,10.000,1,3,0.10,INJ,1,0.000000,0.000000,0.182208,689.475729
171,1710.000,2004-05-07,10.000,1,3,0.10,PROD,1,-0.174744,-0.000000,0.000000,6.550019
172,1720.000,2004-05-17,10.000,1,3,0.10,INJ,1,0.000000,0.000000,0.182454,689.475729
172,1720.000,2004-05-17,10.000,1,3,0.10,PROD,1,-0.175111,-0.000000,0.000000,6.550019
173,1730.000,2004-05-27,10.000,1,3,0.10,INJ,1,0.000000,0.000000,0.182684,689.475729
173,1730.000,2004-05-27,10.000,1,3,0.10,PROD,1,-0.175470,-0.000000,0.000000,6.550019
174,1740.000,2004-06-06,10.000,1,3,0.11,INJ,1,0.000000,0.000000,0.182886,689.475729
174,1740.000,2004-06-06,10.000,1,3,0.11,PROD,1,-0.175816,-0.000000,0.000000,6.550019
175,1750.000,2004-06-16,10.000,1,3,0.11,INJ,1,0.000000,0.000000,0.183033,689.475729
175,1750.000,2004-06-16,10.000,1,3,0.11,PROD,1,-0.176149,-0.000000,0.000000,6.550019
176,1760.000,2004-06-26,10.000,1,3,0.10,INJ,1,0.000000,0.000000,0.183130,689.475729
176,1760.000,2004-06-26,10.000,1,3,0.10,PROD,1,-0.176468,-0.000000,0.000000,6.550019
177,1770.000,2004-07-06,10.000,1,4,0.14,INJ,1,0.000000,0.000000,0.183196,689.475729
177,1770.000,2004-07-06,10.000,1,4,0.14,PROD,1,-0.176773,-0.000000,0.000000,6.550019
178,1780.000,2004-07-16,10.000,1,4,0.14,INJ,1,0.000000,0.000000,0.183269,689.475729
178,1780.000,2004-07-16,10.000,1,4,0.14,PROD,1,-0.177066,-0.000000,0.000000,6.550019
179,1790.000,2004-07-26,10.000,1,4,0.14,INJ,1,0.000000,0.000000,0.183381,689.475729
179,1790.000,2004-07-26,10.000,1,4,0.14,PROD,1,-0.177352,-0.000000,0.000000,6.550019
180,1800.000,2004-08-05,10.000,1,4,0.14,INJ,1,0.000000,0.000000,0.183527,689.475729
180,1800.000,2004-08-05,10.000,1,4,0.14,PROD,1,-0.177630,-0.000000,0.000000,6.550019
181,1810.000,2004-08-15,10.000,1,4,0.14,INJ,1,0.000000,0.000000,0.183687,689.475729
181,1810.000,2004-08-15,10.000,1,4,0.14,PROD,1,-0.177899,-0.000000,0.000000,6.550019
182,1820.000,2004-08-25,10.000,1,4,0.15,INJ,1,0.000000,0.000000,0.183835,689.475729
182,1820.000,2004-08-25,10.000,1,4,0.15,PROD,1,-0.178157,-0.000000,0.000000,6.550019
183,1830.000,2004-09-04,10.000,1,4,0.12,INJ,1,0.000000,0.000000,0.183966,689.475729
183,1830.000,2004-09-04,10.000,1,4,0.12,PROD,1,-0.178409,-0.000000,0.000000,6.550019
184,1840.000,2004-09-14,10.000,1,4,0.14,INJ,1,0.000000,0.000000,0.184125,689.475729
184,1840.000,2004-09-14,10.000,1,4,0.14,PROD,1,-0.178663,-0.000000,0.000000,6.550019
185,1850.000,2004-09-24,10.000,1,4,0.12,INJ,1,0.000000,0.000000,0.184244,689.475729
185,1850.000,2004-09-24,10.000,1,4,0.12,PROD,1,-0.178921,-0.000000,0.000000,6.550019
186,1860.000,2004-10-04,10.000,1,4,0.13,INJ,1,0.000000,0.000000,0.184305,689.475729
186,1860.000,2004-10-04,10.000,1,4,0.13,PROD,1,-0.179178,-0.000000,0.000000,6.550019
187,1870.000,2004-10-14,10.000,1,4,0.13,INJ,1,0.000000,0.000000,0.184318,689.475729
187,1870.000,2004-10-14,10.000,1,4,0.13,PROD,1,-0.179431,-0.000000,0.000000,6.550019
188,1880.000,2004-10-24,10.000,1,4,0.15,INJ,1,0.000000,0.000000,0.184308,689.475729
188,1880.000,2004-10-24,10.000,1,4,0.15,PROD,1,-0.179680,-0.000000,0.000000,6.550019
189,1890.000,2004-11-03,10.000,1,4,0.14,INJ,1,0.000000,0.000000,0.184269,689.475729
189,1890.000,2004-11-03,10.000,1,4,0.14,PROD,1,-0.179920,-0.000000,0.000000,6.550019
190,1900.000,2004-11-13,10.000,1,4,0.14,INJ,1,0.000000,0.000000,0.184194,689.475729
190,1900.000,2004-11-13,10.000,1,4,0.14,PROD,1,-0.180142,-0.000000,0.000000,6.550019
191,1910.000,2004-11-23,10.000,1,4,0.12,INJ,1,0.000000,0.000000,0.184157,689.475729
191,1910.000,2004-11-23,10.000,1,4,0.12,PROD,1,-0.180337,-0.000000,0.000000,6.550019
192,1920.000,2004-12-03,10.000,1,4,0.13,INJ,1,0.000000,0.000000,0.184146,689.475729
192,1920.000,2004-12-03,10.000,1,4,0.13,PROD,1,-0.180511,-0.000000,0.000000,6.550019
193,1930.000,2004-12-13,10.000,1,4,0.13,INJ,1,0.000000,0.000000,0.184192,689.475729
193,1930.000,2004-12-13,10.000,1,4,0.13,PROD,1,-0.180674,-0.000000,0.000000,6.550019
194,1940.000,2004-12-23,10.000,1,4,0.14,INJ,1,0.000000,0.000000,0.184334,689.475729
194,1940.000,2004-12-23,10.000,1,4,0.14,PROD,1,-0.180836,-0.000000,0.000000,6.550019
195,1950.000,2005-01-02,10.000,1,4,0.12,INJ,1,0.000000,0.000000,0.184517,689.475729
195,1950.000,2005-01-02,10.000,1,4,0.12,PROD,1,-0.180993,-0.000000,0.000000,6.550019
196,1960.000,2005-01-12,10.000,1,4,0.15,INJ,1,0.000000,0.000000,0.184711,689.475729
196,1960.000,2005-01-12,10.000,1,4,0.15,PROD,1,-0.181145,-0.000000,0.000000,6.550019
197,1970.000,2005-01-22,10.000,1,4,0.15,INJ,1,0.000000,0.000000,0.184899,689.475729
197,1970.000,2005-01-22,10.000,1,4,0.15,PROD,1,-0.181295,-0.000000,0.000000,6.550019
198,1980.000,2005-02-01,10.000,1,4,0.13,INJ,1,0.000000,0.000000,0.185111,689.475729
198,1980.000,2005-02-01,10.000,1,4,0.13,PROD,1,-0.181452,-0.000000,0.000000,6.550019
199,1990.000,2005-02-11,10.000,1,4,0.13,INJ,1,0.000000,0.000000,0.185317,689.475729
199,1990.000,2005-02-11,10.000,1,4,0.13,PROD,1,-0.181615,-0.000000,0.000000,6.550019
200,2000.000,2005-02-21,10.000,1,4,0.14,INJ,1,0.000000,0.000000,0.185481,689.475729
200,2000.000,2005-02-21,10.000,1,4,0.14,PROD,1,-0.181775,-0.000000,0.000000,6.550019
201,2010.000,2005-03-03,10.000,1,4,0.16,INJ,1,0.000000,0.000000,0.185633,689.475729
201,2010.000,2005-03-03,10.000,1,4,0.16,PROD,1,-0.181937,-0.000000,0.000000,6.550019
202,2020.000,2005-03-13,10.000,1,4,0.13,INJ,1,0.000000,0.000000,0.185819,689.475729
202,2020.000,2005-03-13,10.000,1,4,0.13,PROD,1,-0.182107,-0.000000,0.000000,6.550019
203,2030.000,2005-03-23,10.000,1,4,0.15,INJ,1,0.000000,0.000000,0.186051,689.475729
203,2030.000,2005-03-23,10.000,1,4,0.15,PROD,1,-0.182294,-0.000000,0.000000,6.550019
204,2040.000,2005-04-02,10.000,1,4,0.14,INJ,1,0.000000,0.000000,0.186312,689.475729
204,2040.000,2005-04-02,10.000,1,4,0.14,PROD,1,-0.182497,-0.000000,0.000000,6.550019
205,2050.000,2005-04-12,10.000,1,4,0.14,INJ,1,0.000000,0.000000,0.186622,689.475729
205,2050.000,2005-04-12,10.000,1,4,0.14,PROD,1,-0.182705,-0.000000,0.000000,6.550019
206,2060.000,2005-04-22,10.000,1,4,0.13,INJ,1,0.000000,0.000000,0.186960,689.475729
206,2060.000,2005-04-22,10.000,1,4,0.13,PROD,1,-0.182914,-0.000000,0.000000,6.550019
207,2070.000,2005-05-02,10.000,1,4,0.14,INJ,1,0.000000,0.000000,0.187273,689.475729
207,2070.000,2005-05-02,10.000,1,4,0.14,PROD,1,-0.183123,-0.000000,0.000000,6.550019
208,2080.000,2005-05-12,10.000,1,4,0.14,INJ,1,0.000000,0.000000,0.187542,689.475729
208,2080.000,2005-05-12,10.000,1,4,0.14,PROD,1,-0.183337,-0.000000,0.000000,6.550019
209,2090.000,2005-05-22,10.000,1,4,0.14,INJ,1,0.000000,0.000000,0.187734,689.475729
209,2090.000,2005-05-22,10.000,1,4,0.14,PROD,1,-0.183557,-0.000000,0.000000,6.550019
210,2100.000,2005-06-01,10.000,1,4,0.14,INJ,1,0.000000,0.000000,0.187853,689.475729
210,2100.000,2005-06-01,10.000,1,4,0.14,PROD,1,-0.183780,-0.000000,0.000000,6.550019
211,2110.000,2005-06-11,10.000,1,4,0.14,INJ,1,0.000000,0.000000,0.187915,689.475729
211,2110.000,2005-06-11,10.000,1,4,0.14,PROD,1,-0.184003,-0.000000,0.000000,6.550019
212,2120.000,2005-06-21,10.000,1,4,0.14,INJ,1,0.000000,0.000000,0.187946,689.475729
212,2120.000,2005-06-21,10.000,1,4,0.14,PROD,1,-0.184224,-0.000000,0.000000,6.550019
213,2130.000,2005-07-01,10.000,1,3,0.10,INJ,1,0.000000,0.000000,0.188030,689.475729
213,2130.000,2005-07-01,10.000,1,3,0.10,PROD,1,-0.184440,-0.000000,0.000000,6.550019
214,2140.000,2005-07-11,10.000,1,3,0.12,INJ,1,0.000000,0.000000,0.188151,689.475729
214,2140.000,2005-07-11,10.000,1,3,0.12,PROD,1,-0.184646,-0.000000,0.000000,6.550019
215,2150.000,2005-07-21,10.000,1,3,0.10,INJ,1,0.000000,0.000000,0.188388,689.475729
215,2150.000,2005-07-21,10.000,1,3,0.10,PROD,1,-0.184842,-0.000000,0.000000,6.550019
216,2160.000,2005-07-31,10.000,1,3,0.10,INJ,1,0.000000,0.000000,0.188690,689.475729
216,2160.000,2005-07-31,10.000,1,3,0.10,PROD,1,-0.185027,-0.000000,0.000000,6.550019
217,2170.000,2005-08-10,10.000,1,3,0.11,INJ,1,0.000000,0.000000,0.188985,689.475729
217,2170.000,2005-08-10,10.000,1,3,0.11,PROD,1,-0.185208,-0.000000,0.000000,6.550019
218,2180.000,2005-08-20,10.000,1,3,0.10,INJ,1,0.000000,0.000000,0.189303,689.475729
218,2180.000,2005-08-20,10.000,1,3,0.10,PROD,1,-0.185392,-0.000000,0.000000,6.550019
219,2190.000,2005-08-30,10.000,1,3,0.11,INJ,1,0.000000,0.000000,0.189644,689.475729
219,2190.000,2005-08-30,10.000,1,3,0.11,PROD,1,-0.185583,-0.000000,0.000000,6.550019
220,2200.000,2005-09-09,10.000,1,3,0.11,INJ,1,0.000000,0.000000,0.190001,689.475729
220,2200.000,2005-09-09,10.000,1,3,0.11,PROD,1,-0.185784,-0.000000,0.000000,6.550019
221,2210.000,2005-09-19,10.000,1,3,0.22,INJ,1,0.000000,0.000000,0.190454,689.475729
221,2210.000,2005-09-19,10.000,1,3,0.22,PROD,1,-0.185997,-0.000000,0.000000,6.550019
222,2220.000,2005-09-29,10.000,1,3,0.10,INJ,1,0.000000,0.000000,0.190934,689.475729
222,2220.000,2005-09-29,10.000,1,3,0.10,PROD,1,-0.186220,-0.000000,0.000000,6.550019
223,2230.000,2005-10-09,10.000,1,3,0.11,INJ,1,0.000000,0.000000,0.191400,689.475729
223,2230.000,2005-10-09,10.000,1,3,0.11,PROD,1,-0.186452,-0.000000,0.000000,6.550019
224,2240.000,2005-10-19,10.000,1,3,0.16,INJ,1,0.000000,0.000000,0.191813,689.475729
224,2240.000,2005-10-19,10.000,1,3,0.16,PROD,1,-0.186691,-0.000000,0.000000,6.550019
225,2250.000,2005-10-29,10.000,1,3,0.13,INJ,1,0.000000,0.000000,0.192167,689.475729
225,2250.000,2005-10-29,10.000,1,3,0.13,PROD,1,-0.186939,-0.000000,0.000000,6.550019
226,2260.000,2005-11-08,10.000,1,3,0.09,INJ,1,0.000000,0.000000,0.192497,689.475729
226,2260.000,2005-11-08,10.000,1,3,0.09,PROD,1,-0.187198,-0.000000,0.000000,6.550019
227,2270.000,2005-11-18,10.000,1,3,0.10,INJ,1,0.000000,0.000000,0.192849,689.475729
227,2270.000,2005-11-18,10.000,1,3,0.10,PROD,1,-0.187473,-0.000000,0.000000,6.550019
228,2280.000,2005-11-28,10.000,1,3,0.10,INJ,1,0.000000,0.000000,0.193232,689.475729
228,2280.000,2005-11-28,10.000,1,3,0.10,PROD,1,-0.187764,-0.000000,0.000000,6.550019
229,2290.000,2005-12-08,10.000,1,3,0.10,INJ,1,0.000000,0.000000,0.193659,689.475729
229,2290.000,2005-12-08,10.000,1,3,0.10,PROD,1,-0.188070,-0.000000,0.000000,6.550019
230,2300.000,2005-12-18,10.000,1,3,0.12,INJ,1,0.000000,0.000000,0.194033,689.475729
230,2300.000,2005-12-18,10.000,1,3,0.12,PROD,1,-0.188384,-0.000000,0.000000,6.550019
231,2310.000,2005-12-28,10.000,1,3,0.10,INJ,1,0.000000,0.000000,0.194335,689.475729
231,2310.000,2005-12-28,10.000,1,3,0.10,PROD,1,-0.188697,-0.000000,0.000000,6.550019
232,2320.000,2006-01-07,10.000,1,3,0.11,INJ,1,0.000000,0.000000,0.194556,689.475729
232,2320.000,2006-01-07,10.000,1,3,0.11,PROD,1,-0.189002,-0.000000,0.000000,6.550019
233,2330.000,2006-01-17,10.000,1,3,0.11,INJ,1,0.000000,0.000000,0.194748,689.475729
233,2330.000,2006-01-17,10.000,1,3,0.11,PROD,1,-0.189299,-0.000000,0.000000,6.550019
234,2340.000,2006-01-27,10.000,1,3,0.09,INJ,1,0.000000,0.000000,0.194932,689.475729
234,2340.000,2006-01-27,10.000,1,3,0.09,PROD,1,-0.189589,-0.000000,0.000000,6.550019
235,2350.000,2006-02-06,10.000,1,3,0.10,INJ,1,0.000000,0.000000,0.195179,689.475729
235,2350.000,2006-02-06,10.000,1,3,0.10,PROD,1,-0.189877,-0.000000,0.000000,6.550019
236,2360.000,2006-02-16,10.000,1,3,0.11,INJ,1,0.000000,0.000000,0.195440,689.475729
236,2360.000,2006-02-16,10.000,1,3,0.11,PROD,1,-0.190165,-0.000000,0.000000,6.550019
237,2370.000,2006-02-26,10.000,1,3,0.10,INJ,1,0.000000,0.000000,0.195665,689.475729
237,2370.000,2006-02-26,10.000,1,3,0.10,PROD,1,-0.190449,-0.000000,0.000000,6.550019
238,2380.000,2006-03-08,10.000,1,3,0.10,INJ,1,0.000000,0.000000,0.195844,689.475729
238,2380.000,2006-03-08,10.000,1,3,0.10,PROD,1,-0.190725,-0.000000,0.000000,6.550019
239,2390.000,2006-03-18,10.000,1,3,0.11,INJ,1,0.000000,0.000000,0.195984,689.475729
239,2390.000,2006-03-18,10.000,1,3,0.11,PROD,1,-0.190993,-0.000000,0.000000,6.550019
240,2400.000,2006-03-28,10.000,1,3,0.11,INJ,1,0.000000,0.000000,0.196124,689.475729
240,2400.000,2006-03-28,10.000,1,3,0.11,PROD,1,-0.191259,-0.000000,0.000000,6.550019
241,2410.000,2006-04-07,10.000,1,3,0.10,INJ,1,0.000000,0.000000,0.196277,689.475729
241,2410.000,2006-04-07,10.000,1,3,0.10,PROD,1,-0.191526,-0.000000,0.000000,6.550019
242,2420.000,2006-04-17,10.000,1,3,0.11,INJ,1,0.000000,0.000000,0.196495,689.475729
242,2420.000,2006-04-17,10.000,1,3,0.11,PROD,1,-0.191804,-0.000000,0.000000,6.550019
243,2430.000,2006-04-27,10.000,1,3,0.11,INJ,1,0.000000,0.000000,0.196750,689.475729
243,2430.000,2006-04-27,10.000,1,3,0.11,PROD,1,-0.192090,-0.000000,0.000000,6.550019
244,2440.000,2006-05-07,10.000,1,3,0.11,INJ,1,0.000000,0.000000,0.197003,689.475729
244,2440.000,2006-05-07,10.000,1,3,0.11,PROD,1,-0.192376,-0.000000,0.000000,6.550019
245,2450.000,2006-05-17,10.000,1,3,0.12,INJ,1,0.000000,0.000000,0.197240,689.475729
245,2450.000,2006-05-17,10.000,1,3,0.12,PROD,1,-0.192658,-0.000000,0.000000,6.550019
246,2460.000,2006-05-27,10.000,1,3,0.10,INJ,1,0.000000,0.000000,0.197468,689.475729
246,2460.000,2006-05-27,10.000,1,3,0.10,PROD,1,-0.192933,-0.000000,0.000000,6.550019
247,2470.000,2006-06-06,10.000,1,3,0.10,INJ,1,0.000000,0.000000,0.197710,689.475729
247,2470.000,2006-06-06,10.000,1,3,0.10,PROD,1,-0.193209,-0.000000,0.000000,6.550019
248,2480.000,2006-06-16,10.000,1,3,0.10,INJ,1,0.000000,0.000000,0.197977,689.475729
248,2480.000,2006-06-16,10.000,1,3,0.10,PROD,1,-0.193495,-0.000000,0.000000,6.550019
249,2490.000,2006-06-26,10.000,1,3,0.10,INJ,1,0.000000,0.000000,0.198315,689.475729
249,2490.000,2006-06-26,10.000,1,3,0.10,PROD,1,-0.193801,-0.000000,0.000000,6.550019
250,2500.000,2006-07-06,10.000,1,3,0.11,INJ,1,0.000000,0.000000,0.198660,689.475729
250,2500.000,2006-07-06,10.000,1,3,0.11,PROD,1,-0.194123,-0.000000,0.000000,6.550019
251,2510.000,2006-07-16,10.000,1,3,0.10,INJ,1,0.000000,0.000000,0.198961,689.475729
251,2510.000,2006-07-16,10.000,1,3,0.10,PROD,1,-0.194444,-0.000000,0.000000,6.550019
252,2520.000,2006-07-26,10.000,1,3,0.10,INJ,1,0.000000,0.000000,0.199204,689.475729
252,2520.000,2006-07-26,10.000,1,3,0.10,PROD,1,-0.194757,-0.000000,0.000000,6.550019
253,2530.000,2006-08-05,10.000,1,3,0.10,INJ,1,0.000000,0.000000,0.199424,689.475729
253,2530.000,2006-08-05,10.000,1,3,0.10,PROD,1,-0.195064,-0.000000,0.000000,6.550019
254,2540.000,2006-08-15,10.000,1,3,0.11,INJ,1,0.000000,0.000000,0.199638,689.475729
254,2540.000,2006-08-15,10.000,1,3,0.11,PROD,1,-0.195374,-0.000000,0.000000,6.550019
255,2550.000,2006-08-25,10.000,1,3,0.10,INJ,1,0.000000,0.000000,0.199946,689.475729
255,2550.000,2006-08-25,10.000,1,3,0.10,PROD,1,-0.195683,-0.000000,0.000000,6.550019
256,2560.000,2006-09-04,10.000,1,3,0.11,INJ,1,0.000000,0.000000,0.200277,689.475729
256,2560.000,2006-09-04,10.000,1,3,0.11,PROD,1,-0.195991,-0.000000,0.000000,6.550019
257,2570.000,2006-09-14,10.000,1,3,0.11,INJ,1,0.000000,0.000000,0.200601,689.475729
257,2570.000,2006-09-14,10.000,1,3,0.11,PROD,1,-0.196312,-0.000000,0.000000,6.550019
258,2580.000,2006-09-24,10.000,1,3,0.11,INJ,1,0.000000,0.000000,0.200919,689.475729
258,2580.000,2006-09-24,10.000,1,3,0.11,PROD,1,-0.196648,-0.000000,0.000000,6.550019
259,2590.000,2006-10-04,10.000,1,3,0.12,INJ,1,0.000000,0.000000,0.201260,689.475729
259,2590.000,2006-10-04,10.000,1,3,0.12,PROD,1,-0.196978,-0.000000,0.000000,6.550019
260,2600.000,2006-10-14,10.000,1,3,0.11,INJ,1,0.000000,0.000000,0.201653,689.475729
260,2600.000,2006-10-14,10.000,1,3,0.11,PROD,1,-0.197309,-0.000000,0.000000,6.550019
261,2610.000,2006-10-24,10.000,1,3,0.10,INJ,1,0.000000,0.000000,0.202110,689.475729
261,2610.000,2006-10-24,10.000,1,3,0.10,PROD,1,-0.197662,-0.000000,0.000000,6.550019
262,2620.000,2006-11-03,10.000,1,3,0.11,INJ,1,0.000000,0.000000,0.202544,689.475729
262,2620.000,2006-11-03,10.000,1,3,0.11,PROD,1,-0.198015,-0.000000,0.000000,6.550019
263,2630.000,2006-11-13,10.000,1,3,0.10,INJ,1,0.000000,0.000000,0.202986,689.475729
263,2630.000,2006-11-13,10.000,1,3,0.10,PROD,1,-0.198373,-0.000000,0.000000,6.550019
264,2640.000,2006-11-23,10.000,1,3,0.11,INJ,1,0.000000,0.000000,0.203431,689.475729
264,2640.000,2006-11-23,10.000,1,3,0.11,PROD,1,-0.198784,-0.000000,0.000000,6.550019
265,2650.000,2006-12-03,10.000,1,3,0.11,INJ,1,0.000000,0.000000,0.203841,689.475729
265,2650.000,2006-12-03,10.000,1,3,0.11,PROD,1,-0.199219,-0.000000,0.000000,6.550019
266,2660.000,2006-12-13,10.000,1,3,0.10,INJ,1,0.000000,0.000000,0.204237,689.475729
266,2660.000,2006-12-13,10.000,1,3,0.10,PROD,1,-0.199656,-0.000000,0.000000,6.550019
267,2670.000,2006-12-23,10.000,1,3,0.11,INJ,1,0.000000,0.000000,0.204650,689.475729
267,2670.000,2006-12-23,10.000,1,3,0.11,PROD,1,-0.200097,-0.000000,0.000000,6.550019
268,2680.000,2007-01-02,10.000,1,3,0.11,INJ,1,0.000000,0.000000,0.205069,689.475729
268,2680.000,2007-01-02,10.000,1,3,0.11,PROD,1,-0.200527,-0.000000,0.000000,6.550019
269,2690.000,2007-01-12,10.000,1,3,0.10,INJ,1,0.000000,0.000000,0.205444,689.475729
269,2690.000,2007-01-12,10.000,1,3,0.10,PROD,1,-0.200941,-0.000000,0.000000,6.550019
270,2700.000,2007-01-22,10.000,1,3,0.10,INJ,1,0.000000,0.000000,0.205761,689.475729
270,2700.000,2007-01-22,10.000,1,3,0.10,PROD,1,-0.201356,-0.000000,0.000000,6.550019
271,2710.000,2007-02-01,10.000,1,3,0.11,INJ,1,0.000000,0.000000,0.206027,689.475729
271,2710.000,2007-02-01,10.000,1,3,0.11,PROD,1,-0.201753,-0.000000,0.000000,6.550019
272,2720.000,2007-02-11,10.000,1,3,0.10,INJ,1,0.000000,0.000000,0.206286,689.475729
272,2720.000,2007-02-11,10.000,1,3,0.10,PROD,1,-0.202133,-0.000000,0.000000,6.550019
273,2730.000,2007-02-21,10.000,1,3,0.12,INJ,1,0.000000,0.000000,0.206608,689.475729
273,2730.000,2007-02-21,10.000,1,3,0.12,PROD,1,-0.202547,-0.000000,0.000000,6.550019
274,2740.000,2007-03-03,10.000,1,3,0.12,INJ,1,0.000000,0.000000,0.206973,689.475729
274,2740.000,2007-03-03,10.000,1,3,0.12,PROD,1,-0.202968,-0.000000,0.000000,6.550019
275,2750.000,2007-03-13,10.000,1,3,0.10,INJ,1,0.000000,0.000000,0.207384,689.475729
275,2750.000,2007-03-13,10.000,1,3,0.10,PROD,1,-0.203389,-0.000000,0.000000,6.550019
276,2760.000,2007-03-23,10.000,1,3,0.12,INJ,1,0.000000,0.000000,0.207814,689.475729
276,2760.000,2007-03-23,10.000,1,3,0.12,PROD,1,-0.203836,0.000000,0.000000,6.550019
277,2770.000,2007-04-02,10.000,1,3,0.12,INJ,1,0.000000,0.000000,0.208233,689.475729
277,2770.000,2007-04-02,10.000,1,3,0.12,PROD,1,-0.204295,-0.000000,0.000000,6.550019
278,2780.000,2007-04-12,10.000,1,3,0.12,INJ,1,0.000000,0.000000,0.208660,689.475729
278,2780.000,2007-04-12,10.000,1,3,0.12,PROD,1,-0.204752,-0.000000,0.000000,6.550019
279,2790.000,2007-04-22,10.000,1,3,0.10,INJ,1,0.000000,0.000000,0.209178,689.475729
279,2790.000,2007-04-22,10.000,1,3,0.10,PROD,1,-0.205203,-0.000000,0.000000,6.550019
280,2800.000,2007-05-02,10.000,1,3,0.11,INJ,1,0.000000,0.000000,0.209693,689.475729
280,2800.000,2007-05-02,10.000,1,3,0.11,PROD,1,-0.205667,-0.000000,0.000000,6.550019
281,2810.000,2007-05-12,10.000,1,3,0.11,INJ,1,0.000000,0.000000,0.210217,689.475729
281,2810.000,2007-05-12,10.000,1,3,0.11,PROD,1,-0.206128,-0.000000,0.000000,6.550019
282,2820.000,2007-05-22,10.000,1,3,0.11,INJ,1,0.000000,0.000000,0.210764,689.475729
282,2820.000,2007-05-22,10.000,1,3,0.11,PROD,1,-0.206589,-0.000000,0.000000,6.550019
283,2830.000,2007-06-01,10.000,1,3,0.12,INJ,1,0.000000,0.000000,0.211333,689.475729
283,2830.000,2007-06-01,10.000,1,3,0.12,PROD,1,-0.207065,-0.000000,0.000000,6.550019
284,2840.000,2007-06-11,10.000,1,3,0.12,INJ,1,0.000000,0.000000,0.211960,689.475729
284,2840.000,2007-06-11,10.000,1,3,0.12,PROD,1,-0.207584,-0.000000,0.000000,6.550019
285,2850.000,2007-06-21,10.000,1,3,0.12,INJ,1,0.000000,0.000000,0.212584,689.475729
285,2850.000,2007-06-21,10.000,1,3,0.12,PROD,1,-0.208124,-0.000000,0.000000,6.550019
286,2860.000,2007-07-01,10.000,1,3,0.12,INJ,1,0.000000,0.000000,0.213182,689.475729
286,2860.000,2007-07-01,10.000,1,3,0.12,PROD,1,-0.208660,-0.000000,0.000000,6.550019
287,2870.000,2007-07-11,10.000,1,3,0.13,INJ,1,0.000000,0.000000,0.213762,689.475729
287,2870.000,2007-07-11,10.000,1,3,0.13,PROD,1,-0.209202,-0.000000,0.000000,6.550019
288,2880.000,2007-07-21,10.000,1,3,0.11,INJ,1,0.000000,0.000000,0.214325,689.475729
288,2880.000,2007-07-21,10.000,1,3,0.11,PROD,1,-0.209768,-0.000000,0.000000,6.550019
289,2890.000,2007-07-31,10.000,1,3,0.11,INJ,1,0.000000,0.000000,0.214875,689.475729
289,2890.000,2007-07-31,10.000,1,3,0.11,PROD,1,-0.210323,-0.000000,0.000000,6.550019
290,2900.000,2007-08-10,10.000,1,3,0.11,INJ,1,0.000000,0.000000,0.215445,689.475729
290,2900.000,2007-08-10,10.000,1,3,0.11,PROD,1,-0.210851,-0.000000,0.000000,6.550019
291,2910.000,2007-08-20,10.000,1,3,0.12,INJ,1,0.000000,0.000000,0.216020,689.475729
291,2910.000,2007-08-20,10.000,1,3,0.12,PROD,1,-0.211360,-0.000000,0.000000,6.550019
292,2920.000,2007-08-30,10.000,1,3,0.13,INJ,1,0.000000,0.000000,0.216592,689.475729
292,2920.000,2007-08-30,10.000,1,3,0.13,PROD,1,-0.211872,-0.000000,0.000000,6.550019
293,2930.000,2007-09-09,10.000,1,3,0.13,INJ,1,0.000000,0.000000,0.217213,689.475729
293,2930.000,2007-09-09,10.000,1,3,0.13,PROD,1,-0.212381,-0.000000,0.000000,6.550019
294,2940.000,2007-09-19,10.000,1,3,0.11,INJ,1,0.000000,0.000000,0.217819,689.475729
294,2940.000,2007-09-19,10.000,1,3,0.11,PROD,1,-0.212865,-0.000000,0.000000,6.550019
295,2950.000,2007-09-29,10.000,1,3,0.11,INJ,1,0.000000,0.000000,0.218477,689.475729
295,2950.000,2007-09-29,10.000,1,3,0.11,PROD,1,-0.213321,-0.000000,0.000000,6.550019
296,2960.000,2007-10-09,10.000,1,3,0.12,INJ,1,0.000000,0.000000,0.219142,689.475729
296,2960.000,2007-10-09,10.000,1,3,0.12,PROD,1,-0.213761,-0.000000,0.000000,6.550019
297,2970.000,2007-10-19,10.000,1,3,0.11,INJ,1,0.000000,0.000000,0.219811,689.475729
297,2970.000,2007-10-19,10.000,1,3,0.11,PROD,1,-0.214212,-0.000000,0.000000,6.550019
298,2980.000,2007-10-29,10.000,1,3,0.11,INJ,1,0.000000,0.000000,0.220538,689.475729
298,2980.000,2007-10-29,10.000,1,3,0.11,PROD,1,-0.214680,-0.000000,0.000000,6.550019
299,2990.000,2007-11-08,10.000,1,3,0.11,INJ,1,0.000000,0.000000,0.221216,689.475729
299,2990.000,2007-11-08,10.000,1,3,0.11,PROD,1,-0.215141,-0.000000,0.000000,6.550019
300,3000.000,2007-11-18,10.000,1,3,0.11,INJ,1,0.000000,0.000000,0.221914,689.475729
300,3000.000,2007-11-18,10.000,1,3,0.11,PROD,1,-0.215583,-0.000000,0.000000,6.550019
301,3010.000,2007-11-28,10.000,1,3,0.11,INJ,1,0.000000,0.000000,0.222587,689.475729
301,3010.000,2007-11-28,10.000,1,3,0.11,PROD,1,-0.216013,-0.000000,0.000000,6.550019
302,3020.000,2007-12-08,10.000,1,3,0.10,INJ,1,0.000000,0.000000,0.223197,689.475729
302,3020.000,2007-12-08,10.000,1,3,0.10,PROD,1,-0.216447,-0.000000,0.000000,6.550019
303,3030.000,2007-12-18,10.000,1,3,0.11,INJ,1,0.000000,0.000000,0.223793,689.475729
303,3030.000,2007-12-18,10.000,1,3,0.11,PROD,1,-0.216924,-0.000000,0.000000,6.550019
304,3040.000,2007-12-28,10.000,1,3,0.11,INJ,1,0.000000,0.000000,0.224390,689.475729
304,3040.000,2007-12-28,10.000,1,3,0.11,PROD,1,-0.217417,-0.000000,0.000000,6.550019
305,3050.000,2008-01-07,10.000,1,3,0.12,INJ,1,0.000000,0.000000,0.225063,689.475729
305,3050.000,2008-01-07,10.000,1,3,0.12,PROD,1,-0.217912,-0.000000,0.000000,6.550019
306,3060.000,2008-01-17,10.000,1,3,0.11,INJ,1,0.000000,0.000000,0.225778,689.475729
306,3060.000,2008-01-17,10.000,1,3,0.11,PROD,1,-0.218404,-0.000000,0.000000,6.550019
307,3070.000,2008-01-27,10.000,1,3,0.12,INJ,1,0.000000,0.000000,0.226449,689.475729
307,3070.000,2008-01-27,10.000,1,3,0.12,PROD,1,-0.218875,-0.000000,0.000000,6.550019
308,3080.000,2008-02-06,10.000,1,3,0.11,INJ,1,0.000000,0.000000,0.227092,689.475729
308,3080.000,2008-02-06,10.000,1,3,0.11,PROD,1,-0.219305,-0.000000,0.000000,6.550019
309,3090.000,2008-02-16,10.000,1,3,0.11,INJ,1,0.000000,0.000000,0.227703,689.475729
309,3090.000,2008-02-16,10.000,1,3,0.11,PROD,1,-0.219692,-0.000000,0.000000,6.550019
310,3100.000,2008-02-26,10.000,1,3,0.11,INJ,1,0.000000,0.000000,0.228277,689.475729
310,3100.000,2008-02-26,10.000,1,3,0.11,PROD,1,-0.220043,-0.000000,0.000000,6.550019
311,3110.000,2008-03-07,10.000,1,3,0.12,INJ,1,0.000000,0.000000,0.228851,689.475729
311,3110.000,2008-03-07,10.000,1,3,0.12,PROD,1,-0.220435,-0.000000,0.000000,6.550019
312,3120.000,2008-03-17,10.000,1,3,0.11,INJ,1,0.000000,0.000000,0.229444,689.475729
312,3120.000,2008-03-17,10.000,1,3,0.11,PROD,1,-0.220882,-0.000000,0.000000,6.550019
313,3130.000,2008-03-27,10.000,1,3,0.11,INJ,1,0.000000,0.000000,0.230043,689.475729
313,3130.000,2008-03-27,10.000,1,3,0.11,PROD,1,-0.221360,-0.000000,0.000000,6.550019
314,3140.000,2008-04-06,10.000,1,3,0.12,INJ,1,0.000000,0.000000,0.230637,689.475729
314,3140.000,2008-04-06,10.000,1,3,0.12,PROD,1,-0.221773,-0.000000,0.000000,6.550019
315,3150.000,2008-04-16,10.000,1,3,0.10,INJ,1,0.000000,0.000000,0.231237,689.475729
315,3150.000,2008-04-16,10.000,1,3,0.10,PROD,1,-0.222336,-0.000000,0.000000,6.550019
316,3160.000,2008-04-26,10.000,1,3,0.10,INJ,1,0.000000,0.000000,0.231862,689.475729
316,3160.000,2008-04-26,10.000,1,3,0.10,PROD,1,-0.223156,-0.000000,0.000000,6.550019
317,3170.000,2008-05-06,10.000,1,3,0.11,INJ,1,0.000000,0.000000,0.232515,689.475729
317,3170.000,2008-05-06,10.000,1,3,0.11,PROD,1,-0.224039,-0.000000,0.000000,6.550019
318,3180.000,2008-05-16,10.000,1,3,0.10,INJ,1,0.000000,0.000000,0.233187,689.475729
318,3180.000,2008-05-16,10.000,1,3,0.10,PROD,1,-0.224896,-0.000000,0.000000,6.550019
319,3190.000,2008-05-26,10.000,1,3,0.12,INJ,1,0.000000,0.000000,0.233860,689.475729
319,3190.000,2008-05-26,10.000,1,3,0.12,PROD,1,-0.225725,-0.000000,0.000000,6.550019
320,3200.000,2008-06-05,10.000,1,3,0.11,INJ,1,0.000000,0.000000,0.234513,689.475729
320,3200.000,2008-06-05,10.000,1,3,0.11,PROD,1,-0.226481,-0.000000,0.000000,6.550019
321,3210.000,2008-06-15,10.000,1,3,0.10,INJ,1,0.000000,0.000000,0.235146,689.475729
321,3210.000,2008-06-15,10.000,1,3,0.10,PROD,1,-0.227140,-0.000000,0.000000,6.550019
322,3220.000,2008-06-25,10.000,1,3,0.11,INJ,1,0.000000,0.000000,0.235778,689.475729
322,3220.000,2008-06-25,10.000,1,3,0.11,PROD,1,-0.227772,-0.000000,0.000000,6.550019
323,3230.000,2008-07-05,10.000,1,3,0.11,INJ,1,0.000000,0.000000,0.236450,689.475729
323,3230.000,2008-07-05,10.000,1,3,0.11,PROD,1,-0.228417,-0.000000,0.000000,6.550019
324,3240.000,2008-07-15,10.000,1,3,0.12,INJ,1,0.000000,0.000000,0.237129,689.475729
324,3240.000,2008-07-15,10.000,1,3,0.12,PROD,1,-0.229113,-0.000000,0.000000,6.550019
325,3250.000,2008-07-25,10.000,1,3,0.11,INJ,1,0.000000,0.000000,0.237821,689.475729
325,3250.000,2008-07-25,10.000,1,3,0.11,PROD,1,-0.229778,-0.000000,0.000000,6.550019
326,3260.000,2008-08-04,10.000,1,3,0.11,INJ,1,0.000000,0.000000,0.238508,689.475729
326,3260.000,2008-08-04,10.000,1,3,0.11,PROD,1,-0.230448,-0.000000,0.000000,6.550019
327,3270.000,2008-08-14,10.000,1,3,0.11,INJ,1,0.000000,0.000000,0.239189,689.475729
327,3270.000,2008-08-14,10.000,1,3,0.11,PROD,1,-0.231173,-0.000000,0.000000,6.550019
328,3280.000,2008-08-24,10.000,1,3,0.11,INJ,1,0.000000,0.000000,0.239878,689.475729
328,3280.000,2008-08-24,10.000,1,3,0.11,PROD,1,-0.231996,-0.000000,0.000000,6.550019
329,3290.000,2008-09-03,10.000,1,3,0.13,INJ,1,0.000000,0.000000,0.240584,689.475729
329,3290.000,2008-09-03,10.000,1,3,0.13,PROD,1,-0.232738,-0.000000,0.000000,6.550019
330,3300.000,2008-09-13,10.000,1,3,0.11,INJ,1,0.000000,0.000000,0.241280,689.475729
330,3300.000,2008-09-13,10.000,1,3,0.11,PROD,1,-0.233428,-0.000000,0.000000,6.550019
331,3310.000,2008-09-23,10.000,1,3,0.11,INJ,1,0.000000,0.000000,0.241996,689.475729
331,3310.000,2008-09-23,10.000,1,3,0.11,PROD,1,-0.234123,-0.000000,0.000000,6.550019
332,3320.000,2008-10-03,10.000,1,3,0.12,INJ,1,0.000000,0.000000,0.242694,689.475729
332,3320.000,2008-10-03,10.000,1,3,0.12,PROD,1,-0.234919,-0.000000,0.000000,6.550019
333,3330.000,2008-10-13,10.000,1,3,0.16,INJ,1,0.000000,0.000000,0.243367,689.475729
333,3330.000,2008-10-13,10.000,1,3,0.16,PROD,1,-0.235700,-0.000000,0.000000,6.550019
334,3340.000,2008-10-23,10.000,1,3,0.14,INJ,1,0.000000,0.000000,0.244020,689.475729
334,3340.000,2008-10-23,10.000,1,3,0.14,PROD,1,-0.236470,-0.000000,0.000000,6.550019
335,3350.000,2008-11-02,10.000,1,3,0.10,INJ,1,0.000000,0.000000,0.244655,689.475729
335,3350.000,2008-11-02,10.000,1,3,0.10,PROD,1,-0.237275,-0.000000,0.000000,6.550019
336,3360.000,2008-11-12,10.000,1,3,0.10,INJ,1,0.000000,0.000000,0.245288,689.475729
336,3360.000,2008-11-12,10.000,1,3,0.10,PROD,1,-0.238130,-0.000000,0.000000,6.550019
337,3370.000,2008-11-22,10.000,1,3,0.11,INJ,1,0.000000,0.000000,0.245907,689.475729
337,3370.000,2008-11-22,10.000,1,3,0.11,PROD,1,-0.238881,-0.000000,0.000000,6.550019
338,3380.000,2008-12-02,10.000,1,3,0.11,INJ,1,0.000000,0.000000,0.246508,689.475729
338,3380.000,2008-12-02,10.000,1,3,0.11,PROD,1,-0.239537,-0.000000,0.000000,6.550019
339,3390.000,2008-12-12,10.000,1,3,0.10,INJ,1,0.000000,0.000000,0.247098,689.475729
339,3390.000,2008-12-12,10.000,1,3,0.10,PROD,1,-0.240193,-0.000000,0.000000,6.550019
340,3400.000,2008-12-22,10.000,1,3,0.12,INJ,1,0.000000,0.000000,0.247694,689.475729
340,3400.000,2008-12-22,10.000,1,3,0.12,PROD,1,-0.240946,-0.000000,0.000000,6.550019
341,3410.000,2009-01-01,10.000,1,3,0.11,INJ,1,0.000000,0.000000,0.248303,689.475729
341,3410.000,2009-01-01,10.000,1,3,0.11,PROD,1,-0.241731,-0.000000,0.000000,6.550019
342,3420.000,2009-01-11,10.000,1,3,0.13,INJ,1,0.000000,0.000000,0.248928,689.475729
342,3420.000,2009-01-11,10.000,1,3,0.13,PROD,1,-0.242528,-0.000000,0.000000,6.550019
343,3430.000,2009-01-21,10.000,1,3,0.10,INJ,1,0.000000,0.000000,0.249597,689.475729
343,3430.000,2009-01-21,10.000,1,3,0.10,PROD,1,-0.243407,-0.000000,0.000000,6.550019
344,3440.000,2009-01-31,10.000,1,3,0.12,INJ,1,0.000000,0.000000,0.250295,689.475729
344,3440.000,2009-01-31,10.000,1,3,0.12,PROD,1,-0.244419,-0.000000,0.000000,6.550019
345,3450.000,2009-02-10,10.000,1,3,0.11,INJ,1,0.000000,0.000000,0.251018,689.475729
345,3450.000,2009-02-10,10.000,1,3,0.11,PROD,1,-0.245428,-0.000000,0.000000,6.550019
346,3460.000,2009-02-20,10.000,1,3,0.11,INJ,1,0.000000,0.000000,0.251766,689.475729
346,3460.000,2009-02-20,10.000,1,3,0.11,PROD,1,-0.246396,-0.000000,0.000000,6.550019
347,3470.000,2009-03-02,10.000,1,3,0.12,INJ,1,0.000000,0.000000,0.252525,689.475729
347,3470.000,2009-03-02,10.000,1,3,0.12,PROD,1,-0.247376,-0.000000,0.000000,6.550019
348,3480.000,2009-03-12,10.000,1,3,0.11,INJ,1,0.000000,0.000000,0.253302,689.475729
348,3480.000,2009-03-12,10.000,1,3,0.11,PROD,1,-0.248438,-0.000000,0.000000,6.550019
349,3490.000,2009-03-22,10.000,1,3,0.13,INJ,1,0.000000,0.000000,0.254084,689.475729
349,3490.000,2009-03-22,10.000,1,3,0.13,PROD,1,-0.249459,-0.000000,0.000000,6.550019
350,3500.000,2009-04-01,10.000,1,3,0.10,INJ,1,0.000000,0.000000,0.254883,689.475729
350,3500.000,2009-04-01,10.000,1,3,0.10,PROD,1,-0.250408,-0.000000,0.000000,6.550019
351,3510.000,2009-04-11,10.000,1,3,0.11,INJ,1,0.000000,0.000000,0.255685,689.475729
351,3510.000,2009-04-11,10.000,1,3,0.11,PROD,1,-0.251318,-0.000000,0.000000,6.550019
352,3520.000,2009-04-21,10.000,1,3,0.11,INJ,1,0.000000,0.000000,0.256468,689.475729
352,3520.000,2009-04-21,10.000,1,3,0.11,PROD,1,-0.252257,-0.000000,0.000000,6.550019
353,3530.000,2009-05-01,10.000,1,3,0.12,INJ,1,0.000000,0.000000,0.257218,689.475729
353,3530.000,2009-05-01,10.000,1,3,0.12,PROD,1,-0.253075,-0.000000,0.000000,6.550019
354,3540.000,2009-05-11,10.000,1,3,0.11,INJ,1,0.000000,0.000000,0.257945,689.475729
354,3540.000,2009-05-11,10.000,1,3,0.11,PROD,1,-0.253819,-0.000000,0.000000,6.550019
355,3550.000,2009-05-21,10.000,1,3,0.12,INJ,1,0.000000,0.000000,0.258644,689.475729
355,3550.000,2009-05-21,10.000,1,3,0.12,PROD,1,-0.254433,-0.000000,0.000000,6.550019
356,3560.000,2009-05-31,10.000,1,3,0.10,INJ,1,0.000000,0.000000,0.259319,689.475729
356,3560.000,2009-05-31,10.000,1,3,0.10,PROD,1,-0.254889,-0.000000,0.000000,6.550019
357,3570.000,2009-06-10,10.000,1,3,0.11,INJ,1,0.000000,0.000000,0.259976,689.475729
357,3570.000,2009-06-10,10.000,1,3,0.11,PROD,1,-0.255274,-0.000000,0.000000,6.550019
358,3580.000,2009-06-20,10.000,1,3,0.12,INJ,1,0.000000,0.000000,0.260634,689.475729
358,3580.000,2009-06-20,10.000,1,3,0.12,PROD,1,-0.255719,-0.000000,0.000000,6.550019
359,3590.000,2009-06-30,10.000,1,3,0.11,INJ,1,0.000000,0.000000,0.261289,689.475729
359,3590.000,2009-06-30,10.000,1,3,0.11,PROD,1,-0.256286,-0.000000,0.000000,6.550019
360,3600.000,2009-07-10,10.000,1,3,0.12,INJ,1,0.000000,0.000000,0.261948,689.475729
360,3600.000,2009-07-10,10.000,1,3,0.12,PROD,1,-0.256926,-0.000000,0.000000,6.550019
361,3610.000,2009-07-20,10.000,1,3,0.11,INJ,1,0.000000,0.000000,0.262616,689.475729
361,3610.000,2009-07-20,10.000,1,3,0.11,PROD,1,-0.257465,-0.000000,0.000000,6.550019
362,3620.000,2009-07-30,10.000,1,3,0.12,INJ,1,0.000000,0.000000,0.263298,689.475729
362,3620.000,2009-07-30,10.000,1,3,0.12,PROD,1,-0.258012,-0.000000,0.000000,6.550019
363,3630.000,2009-08-09,10.000,1,3,0.12,INJ,1,0.000000,0.000000,0.263985,689.475729
363,3630.000,2009-08-09,10.000,1,3,0.12,PROD,1,-0.258718,-0.000000,0.000000,6.550019
364,3640.000,2009-08-19,10.000,1,3,0.12,INJ,1,0.000000,0.000000,0.264677,689.475729
364,3640.000,2009-08-19,10.000,1,3,0.12,PROD,1,-0.259594,-0.000000,0.000000,6.550019
365,3650.000,2009-08-29,10.000,1,3,0.12,INJ,1,0.000000,0.000000,0.265386,689.475729
365,3650.000,2009-08-29,10.000,1,3,0.12,PROD,1,-0.260445,-0.000000,0.000000,6.550019
366,3660.000,2009-09-08,10.000,1,3,0.11,INJ,1,0.000000,0.000000,0.266108,689.475729
366,3660.000,2009-09-08,10.000,1,3,0.11,PROD,1,-0.261285,-0.000000,0.000000,6.550019
367,3670.000,2009-09-18,10.000,1,3,0.11,INJ,1,0.000000,0.000000,0.266852,689.475729
367,3670.000,2009-09-18,10.000,1,3,0.11,PROD,1,-0.262352,-0.000000,0.000000,6.550019
368,3680.000,2009-09-28,10.000,1,3,0.11,INJ,1,0.000000,0.000000,0.267634,689.475729
368,3680.000,2009-09-28,10.000,1,3,0.11,PROD,1,-0.263569,-0.000000,0.000000,6.550019
369,3690.000,2009-10-08,10.000,1,3,0.11,INJ,1,0.000000,0.000000,0.268437,689.475729
369,3690.000,2009-10-08,10.000,1,3,0.11,PROD,1,-0.264833,-0.000000,0.000000,6.550019
370,3700.000,2009-10-18,10.000,1,3,0.11,INJ,1,0.000000,0.000000,0.269256,689.475729
370,3700.000,2009-10-18,10.000,1,3,0.11,PROD,1,-0.265953,-0.000000,0.000000,6.550019
371,3710.000,2009-10-28,10.000,1,3,0.11,INJ,1,0.000000,0.000000,0.270089,689.475729
371,3710.000,2009-10-28,10.000,1,3,0.11,PROD,1,-0.267110,-0.000000,0.000000,6.550019
372,3720.000,2009-11-07,10.000,1,3,0.11,INJ,1,0.000000,0.000000,0.270942,689.475729
372,3720.000,2009-11-07,10.000,1,3,0.11,PROD,1,-0.268433,-0.000000,0.000000,6.550019
373,3730.000,2009-11-17,10.000,1,3,0.11,INJ,1,0.000000,0.000000,0.271821,689.475729
373,3730.000,2009-11-17,10.000,1,3,0.11,PROD,1,-0.269762,-0.000000,0.000000,6.550019
374,3740.000,2009-11-27,10.000,1,3,0.11,INJ,1,0.000000,0.000000,0.272714,689.475729
374,3740.000,2009-11-27,10.000,1,3,0.11,PROD,1,-0.270906,-0.000000,0.000000,6.550019
375,3750.000,2009-12-07,10.000,1,3,0.11,INJ,1,0.000000,0.000000,0.273617,689.475729
375,3750.000,2009-12-07,10.000,1,3,0.11,PROD,1,-0.271917,-0.000000,0.000000,6.550019
376,3760.000,2009-12-17,10.000,1,3,0.11,INJ,1,0.000000,0.000000,0.274522,689.475729
376,3760.000,2009-12-17,10.000,1,3,0.11,PROD,1,-0.272813,-0.000000,0.000000,6.550019
377,3770.000,2009-12-27,10.000,1,3,0.11,INJ,1,0.000000,0.000000,0.275427,689.475729
377,3770.000,2009-12-27,10.000,1,3,0.11,PROD,1,-0.273575,-0.000000,0.000000,6.550019
378,3780.000,2010-01-06,10.000,1,3,0.12,INJ,1,0.000000,0.000000,0.276326,689.475729
378,3780.000,2010-01-06,10.000,1,3,0.12,PROD,1,-0.274312,-0.000000,0.000000,6.550019
379,3790.000,2010-01-16,10.000,1,3,0.11,INJ,1,0.000000,0.000000,0.277198,689.475729
379,3790.000,2010-01-16,10.000,1,3,0.11,PROD,1,-0.275013,-0.000000,0.000000,6.550019
380,3800.000,2010-01-26,10.000,1,3,0.10,INJ,1,0.000000,0.000000,0.278042,689.475729
380,3800.000,2010-01-26,10.000,1,3,0.10,PROD,1,-0.275731,-0.000000,0.000000,6.550019
381,3810.000,2010-02-05,10.000,1,3,0.11,INJ,1,0.000000,0.000000,0.278862,689.475729
381,3810.000,2010-02-05,10.000,1,3,0.11,PROD,1,-0.276574,-0.000000,0.000000,6.550019
382,3820.000,2010-02-15,10.000,1,3,0.11,INJ,1,0.000000,0.000000,0.279671,689.475729
382,3820.000,2010-02-15,10.000,1,3,0.11,PROD,1,-0.277434,-0.000000,0.000000,6.550019
383,3830.000,2010-02-25,10.000,1,3,0.11,INJ,1,0.000000,0.000000,0.280458,689.475729
383,3830.000,2010-02-25,10.000,1,3,0.11,PROD,1,-0.278262,-0.000000,0.000000,6.550019
384,3840.000,2010-03-07,10.000,1,3,0.10,INJ,1,0.000000,0.000000,0.281224,689.475729
384,3840.000,2010-03-07,10.000,1,3,0.10,PROD,1,-0.278942,-0.000000,0.000000,6.550019
385,3850.000,2010-03-17,10.000,1,3,0.11,INJ,1,0.000000,0.000000,0.281973,689.475729
385,3850.000,2010-03-17,10.000,1,3,0.11,PROD,1,-0.279563,-0.000000,0.000000,6.550019
386,3860.000,2010-03-27,10.000,1,3,0.12,INJ,1,0.000000,0.000000,0.282690,689.475729
386,3860.000,2010-03-27,10.000,1,3,0.12,PROD,1,-0.280218,-0.000000,0.000000,6.550019
387,3870.000,2010-04-06,10.000,1,3,0.12,INJ,1,0.000000,0.000000,0.283388,689.475729
387,3870.000,2010-04-06,10.000,1,3,0.12,PROD,1,-0.280889,-0.000000,0.000000,6.550019
388,3880.000,2010-04-16,10.000,1,3,0.11,INJ,1,0.000000,0.000000,0.284074,689.475729
388,3880.000,2010-04-16,10.000,1,3,0.11,PROD,1,-0.281652,-0.000000,0.000000,6.550019
389,3890.000,2010-04-26,10.000,1,3,0.10,INJ,1,0.000000,0.000000,0.284739,689.475729
389,3890.000,2010-04-26,10.000,1,3,0.10,PROD,1,-0.282306,-0.000000,0.000000,6.550019
390,3900.000,2010-05-06,10.000,1,3,0.11,INJ,1,0.000000,0.000000,0.285388,689.475729
390,3900.000,2010-05-06,10.000,1,3,0.11,PROD,1,-0.282888,-0.000000,0.000000,6.550019
391,3910.000,2010-05-16,10.000,1,3,0.12,INJ,1,0.000000,0.000000,0.286037,689.475729
391,3910.000,2010-05-16,10.000,1,3,0.12,PROD,1,-0.283526,-0.000000,0.000000,6.550019
392,3920.000,2010-05-26,10.000,1,3,0.12,INJ,1,0.000000,0.000000,0.286679,689.475729
392,3920.000,2010-05-26,10.000,1,3,0.12,PROD,1,-0.284242,-0.000000,0.000000,6.550019
393,3930.000,2010-06-05,10.000,1,3,0.10,INJ,1,0.000000,0.000000,0.287314,689.475729
393,3930.000,2010-06-05,10.000,1,3,0.10,PROD,1,-0.285028,-0.000000,0.000000,6.550019
394,3940.000,2010-06-15,10.000,1,3,0.11,INJ,1,0.000000,0.000000,0.287950,689.475729
394,3940.000,2010-06-15,10.000,1,3,0.11,PROD,1,-0.285867,-0.000000,0.000000,6.550019
395,3950.000,2010-06-25,10.000,1,3,0.11,INJ,1,0.000000,0.000000,0.288608,689.475729
395,3950.000,2010-06-25,10.000,1,3,0.11,PROD,1,-0.286709,-0.000000,0.000000,6.550019
396,3960.000,2010-07-05,10.000,1,3,0.12,INJ,1,0.000000,0.000000,0.289288,689.475729
396,3960.000,2010-07-05,10.000,1,3,0.12,PROD,1,-0.287561,-0.000000,0.000000,6.550019
397,3970.000,2010-07-15,10.000,1,3,0.11,INJ,1,0.000000,0.000000,0.289997,689.475729
397,3970.000,2010-07-15,10.000,1,3,0.11,PROD,1,-0.288634,-0.000000,0.000000,6.550019
398,3980.000,2010-07-25,10.000,1,3,0.12,INJ,1,0.000000,0.000000,0.290768,689.475729
398,3980.000,2010-07-25,10.000,1,3,0.12,PROD,1,-0.289989,-0.000000,0.000000,6.550019
399,3990.000,2010-08-04,10.000,1,3,0.10,INJ,1,0.000000,0.000000,0.291651,689.475729
399,3990.000,2010-08-04,10.000,1,3,0.10,PROD,1,-0.291739,-0.000000,0.000000,6.550019
400,4000.000,2010-08-14,10.000,1,3,0.10,INJ,1,0.000000,0.000000,0.292646,689.475729
400,4000.000,2010-08-14,10.000,1,3,0.10,PROD,1,-0.294211,-0.000000,0.000000,6.550019
401,4010.000,2010-08-24,10.000,1,3,0.22,INJ,1,0.000000,0.000000,0.293753,689.475729
401,4010.000,2010-08-24,10.000,1,3,0.22,PROD,1,-0.296863,-0.000000,0.000000,6.550019
402,4020.000,2010-09-03,10.000,1,3,0.12,INJ,1,0.000000,0.000000,0.294959,689.475729
402,4020.000,2010-09-03,10.000,1,3,0.12,PROD,1,-0.299540,-0.000000,0.000000,6.550019
403,4030.000,2010-09-13,10.000,1,3,0.09,INJ,1,0.000000,0.000000,0.296243,689.475729
403,4030.000,2010-09-13,10.000,1,3,0.09,PROD,1,-0.302158,-0.000000,0.000000,6.550019
404,4040.000,2010-09-23,10.000,1,3,0.11,INJ,1,0.000000,0.000000,0.297595,689.475729
404,4040.000,2010-09-23,10.000,1,3,0.11,PROD,1,-0.304961,-0.000000,0.000000,6.550019
405,4050.000,2010-10-03,10.000,1,3,0.11,INJ,1,0.000000,0.000000,0.299026,689.475729
405,4050.000,2010-10-03,10.000,1,3,0.11,PROD,1,-0.307665,-0.000000,0.000000,6.550019
406,4060.000,2010-10-13,10.000,1,3,0.11,INJ,1,0.000000,0.000000,0.300498,689.475729
406,4060.000,2010-10-13,10.000,1,3,0.11,PROD,1,-0.309443,-0.000000,0.000000,6.550019
407,4070.000,2010-10-23,10.000,1,3,0.10,INJ,1,0.000000,0.000000,0.302008,689.475729
407,4070.000,2010-10-23,10.000,1,3,0.10,PROD,1,-0.311862,-0.000000,0.000000,6.550019
408,4080.000,2010-11-02,10.000,1,3,0.11,INJ,1,0.000000,0.000000,0.303533,689.475729
408,4080.000,2010-11-02,10.000,1,3,0.11,PROD,1,-0.313541,-0.000000,0.000000,6.550019
409,4090.000,2010-11-12,10.000,1,3,0.12,INJ,1,0.000000,0.000000,0.305076,689.475729
409,4090.000,2010-11-12,10.000,1,3,0.12,PROD,1,-0.315866,-0.000000,0.000000,6.550019
410,4100.000,2010-11-22,10.000,1,3,0.11,INJ,1,0.000000,0.000000,0.306651,689.475729
410,4100.000,2010-11-22,10.000,1,3,0.11,PROD,1,-0.318299,-0.000000,0.000000,6.550019
411,4110.000,2010-12-02,10.000,1,3,0.11,INJ,1,0.000000,0.000000,0.308285,689.475729
411,4110.000,2010-12-02,10.000,1,3,0.11,PROD,1,-0.320326,0.000000,0.000000,6.550019
412,4120.000,2010-12-12,10.000,1,3,0.10,INJ,1,0.000000,0.000000,0.309997,689.475729
412,4120.000,2010-12-12,10.000,1,3,0.10,PROD,1,-0.322307,-0.000000,0.000000,6.550019
413,4130.000,2010-12-22,10.000,1,3,0.11,INJ,1,0.000000,0.000000,0.311782,689.475729
413,4130.000,2010-12-22,10.000,1,3,0.11,PROD,1,-0.324153,-0.000000,0.000000,6.550019
414,4140.000,2011-01-01,10.000,1,3,0.12,INJ,1,0.000000,0.000000,0.313622,689.475729
414,4140.000,2011-01-01,10.000,1,3,0.12,PROD,1,-0.327236,-0.000000,0.000000,6.550019
415,4150.000,2011-01-11,10.000,1,3,0.10,INJ,1,0.000000,0.000000,0.315510,689.475729
415,4150.000,2011-01-11,10.000,1,3,0.10,PROD,1,-0.329388,-0.000000,0.000000,6.550019
416,4160.000,2011-01-21,10.000,1,3,0.10,INJ,1,0.000000,0.000000,0.317459,689.475729
416,4160.000,2011-01-21,10.000,1,3,0.10,PROD,1,-0.334494,-0.000000,0.000000,6.550019
417,4170.000,2011-01-31,10.000,1,4,0.14,INJ,1,0.000000,0.000000,0.319462,689.475729
417,4170.000,2011-01-31,10.000,1,4,0.14,PROD,1,-0.327694,-0.000000,-0.007709,6.550019
418,4180.000,2011-02-10,10.000,1,4,0.15,INJ,1,0.000000,0.000000,0.321495,689.475729
418,4180.000,2011-02-10,10.000,1,4,0.15,PROD,1,-0.306099,-0.000000,-0.030642,6.550019
419,4190.000,2011-02-20,10.000,1,3,0.10,INJ,1,0.000000,0.000000,0.323531,689.475729
419,4190.000,2011-02-20,10.000,1,3,0.10,PROD,1,-0.296851,-0.000000,-0.040451,6.550019
420,4200.000,2011-03-02,10.000,1,3,0.11,INJ,1,0.000000,0.000000,0.325551,689.475729
420,4200.000,2011-03-02,10.000,1,3,0.11,PROD,1,-0.292276,-0.000000,-0.045455,6.550019
421,4210.000,2011-03-12,10.000,1,3,0.11,INJ,1,0.000000,0.000000,0.327530,689.475729
421,4210.000,2011-03-12,10.000,1,3,0.11,PROD,1,-0.289686,-0.000000,-0.048471,6.550019
422,4220.000,2011-03-22,10.000,1,3,0.11,INJ,1,0.000000,0.000000,0.329449,689.475729
422,4220.000,2011-03-22,10.000,1,3,0.11,PROD,1,-0.287373,-0.000000,-0.051346,6.550019
423,4230.000,2011-04-01,10.000,1,3,0.11,INJ,1,0.000000,0.000000,0.331301,689.475729
423,4230.000,2011-04-01,10.000,1,3,0.11,PROD,1,-0.286565,-0.000000,-0.052835,6.550019
424,4240.000,2011-04-11,10.000,1,3,0.10,INJ,1,0.000000,0.000000,0.333088,689.475729
424,4240.000,2011-04-11,10.000,1,3,0.10,PROD,1,-0.286146,-0.000000,-0.053982,6.550019
425,4250.000,2011-04-21,10.000,1,3,0.11,INJ,1,0.000000,0.000000,0.334816,689.475729
425,4250.000,2011-04-21,10.000,1,3,0.11,PROD,1,-0.285912,-0.000000,-0.055005,6.550019
426,4260.000,2011-05-01,10.000,1,3,0.10,INJ,1,0.000000,0.000000,0.336494,689.475729
426,4260.000,2011-05-01,10.000,1,3,0.10,PROD,1,-0.285303,-0.000000,-0.056809,6.550019
427,4270.000,2011-05-11,10.000,1,3,0.11,INJ,1,0.000000,0.000000,0.338140,689.475729
427,4270.000,2011-05-11,10.000,1,3,0.11,PROD,1,-0.284496,-0.000000,-0.058674,6.550019
428,4280.000,2011-05-21,10.000,1,3,0.12,INJ,1,0.000000,0.000000,0.339726,689.475729
428,4280.000,2011-05-21,10.000,1,3,0.12,PROD,1,-0.283743,-0.000000,-0.060250,6.550019
429,4290.000,2011-05-31,10.000,1,3,0.11,INJ,1,0.000000,0.000000,0.341249,689.475729
429,4290.000,2011-05-31,10.000,1,3,0.11,PROD,1,-0.283171,-0.000000,-0.061413,6.550019
430,4300.000,2011-06-10,10.000,1,3,0.10,INJ,1,0.000000,0.000000,0.342734,689.475729
430,4300.000,2011-06-10,10.000,1,3,0.10,PROD,1,-0.282947,-0.000000,-0.062087,6.550019
431,4310.000,2011-06-20,10.000,1,3,0.12,INJ,1,0.000000,0.000000,0.344163,689.475729
431,4310.000,2011-06-20,10.000,1,3,0.12,PROD,1,-0.283081,-0.000000,-0.062424,6.550019
432,4320.000,2011-06-30,10.000,1,3,0.12,INJ,1,0.000000,0.000000,0.345522,689.475729
432,4320.000,2011-06-30,10.000,1,3,0.12,PROD,1,-0.283489,-0.000000,-0.062527,6.550019
433,4330.000,2011-07-10,10.000,1,3,0.11,INJ,1,0.000000,0.000000,0.346830,689.475729
433,4330.000,2011-07-10,10.000,1,3,0.11,PROD,1,-0.283537,-0.000000,-0.063181,6.550019
434,4340.000,2011-07-20,10.000,1,3,0.12,INJ,1,0.000000,0.000000,0.348100,689.475729
434,4340.000,2011-07-20,10.000,1,3,0.12,PROD,1,-0.284221,-0.000000,-0.063348,6.550019
435,4350.000,2011-07-30,10.000,1,3,0.12,INJ,1,0.000000,0.000000,0.349324,689.475729
435,4350.000,2011-07-30,10.000,1,3,0.12,PROD,1,-0.285265,-0.000000,-0.063663,6.550019
436,4360.000,2011-08-09,10.000,1,3,0.11,INJ,1,0.000000,0.000000,0.350527,689.475729
436,4360.000,2011-08-09,10.000,1,3,0.11,PROD,1,-0.286339,-0.000000,-0.064571,6.550019
437,4370.000,2011-08-19,10.000,1,3,0.11,INJ,1,0.000000,0.000000,0.351736,689.475729
437,4370.000,2011-08-19,10.000,1,3,0.11,PROD,1,-0.287159,-0.000000,-0.066102,6.550019
438,4380.000,2011-08-29,10.000,1,3,0.12,INJ,1,0.000000,0.000000,0.352979,689.475729
438,4380.000,2011-08-29,10.000,1,3,0.12,PROD,1,-0.287464,-0.000000,-0.069424,6.550019
439,4390.000,2011-09-08,10.000,1,3,0.12,INJ,1,0.000000,0.000000,0.354301,689.475729
439,4390.000,2011-09-08,10.000,1,3,0.12,PROD,1,-0.285903,-0.000000,-0.075396,6.550019
440,4400.000,2011-09-18,10.000,1,3,0.12,INJ,1,0.000000,0.000000,0.355728,689.475729
440,4400.000,2011-09-18,10.000,1,3,0.12,PROD,1,-0.283372,-0.000000,-0.080987,6.550019
441,4410.000,2011-09-28,10.000,1,3,0.11,INJ,1,0.000000,0.000000,0.357243,689.475729
441,4410.000,2011-09-28,10.000,1,3,0.11,PROD,1,-0.280955,-0.000000,-0.085557,6.550019
442,4420.000,2011-10-08,10.000,1,3,0.11,INJ,1,0.000000,0.000000,0.358820,689.475729
442,4420.000,2011-10-08,10.000,1,3,0.11,PROD,1,-0.278822,-0.000000,-0.089182,6.550019
443,4430.000,2011-10-18,10.000,1,3,0.10,INJ,1,0.000000,0.000000,0.360443,689.475729
443,4430.000,2011-10-18,10.000,1,3,0.10,PROD,1,-0.277392,-0.000000,-0.092110,6.550019
444,4440.000,2011-10-28,10.000,1,3,0.10,INJ,1,0.000000,0.000000,0.362103,689.475729
444,4440.000,2011-10-28,10.000,1,3,0.10,PROD,1,-0.276562,-0.000000,-0.094462,6.550019
445,4450.000,2011-11-07,10.000,1,3,0.21,INJ,1,0.000000,0.000000,0.363807,689.475729
445,4450.000,2011-11-07,10.000,1,3,0.21,PROD,1,-0.275992,-0.000000,-0.096579,6.550019
446,4460.000,2011-11-17,10.000,1,3,0.10,INJ,1,0.000000,0.000000,0.365531,689.475729
446,4460.000,2011-11-17,10.000,1,3,0.10,PROD,1,-0.275026,-0.000000,-0.099260,6.550019
447,4470.000,2011-11-27,10.000,1,3,0.11,INJ,1,0.000000,0.000000,0.367288,689.475729
447,4470.000,2011-11-27,10.000,1,3,0.11,PROD,1,-0.273585,-0.000000,-0.102606,6.550019
448,4480.000,2011-12-07,10.000,1,3,0.11,INJ,1,0.000000,0.000000,0.369071,689.475729
448,4480.000,2011-12-07,10.000,1,3,0.11,PROD,1,-0.272179,-0.000000,-0.106487,6.550019
449,4490.000,2011-12-17,10.000,1,3,0.11,INJ,1,0.000000,0.000000,0.370894,689.475729
449,4490.000,2011-12-17,10.000,1,3,0.11,PROD,1,-0.271216,-0.000000,-0.110297,6.550019
450,4500.000,2011-12-27,10.000,1,3,0.11,INJ,1,0.000000,0.000000,0.372816,689.475729
450,4500.000,2011-12-27,10.000,1,3,0.11,PROD,1,-0.270098,-0.000000,-0.113615,6.550019
451,4510.000,2012-01-06,10.000,1,3,0.11,INJ,1,0.000000,0.000000,0.374755,689.475729
451,4510.000,2012-01-06,10.000,1,3,0.11,PROD,1,-0.268467,-0.000000,-0.116753,6.550019
452,4520.000,2012-01-16,10.000,1,3,0.11,INJ,1,0.000000,0.000000,0.376696,689.475729
452,4520.000,2012-01-16,10.000,1,3,0.11,PROD,1,-0.267176,-0.000000,-0.119602,6.550019
453,4530.000,2012-01-26,10.000,1,3,0.10,INJ,1,0.000000,0.000000,0.378638,689.475729
453,4530.000,2012-01-26,10.000,1,3,0.10,PROD,1,-0.267599,-0.000000,-0.121451,6.550019
454,4540.000,2012-02-05,10.000,1,3,0.11,INJ,1,0.000000,0.000000,0.380581,689.475729
454,4540.000,2012-02-05,10.000,1,3,0.11,PROD,1,-0.268800,-0.000000,-0.122160,6.550019
455,4550.000,2012-02-15,10.000,1,3,0.12,INJ,1,0.000000,0.000000,0.382532,689.475729
455,4550.000,2012-02-15,10.000,1,3,0.12,PROD,1,-0.269330,-0.000000,-0.122352,6.550019
456,4560.000,2012-02-25,10.000,1,3,0.10,INJ,1,0.000000,0.000000,0.384460,689.475729
456,4560.000,2012-02-25,10.000,1,3,0.10,PROD,1,-0.270358,-0.000000,-0.122291,6.550019
457,4570.000,2012-03-06,10.000,1,3,0.10,INJ,1,0.000000,0.000000,0.386357,689.475729
457,4570.000,2012-03-06,10.000,1,3,0.10,PROD,1,-0.271250,-0.000000,-0.122242,6.550019
458,4580.000,2012-03-16,10.000,1,3,0.11,INJ,1,0.000000,0.000000,0.388219,689.475729
458,4580.000,2012-03-16,10.000,1,3,0.11,PROD,1,-0.271781,-0.000000,-0.122468,6.550019
459,4590.000,2012-03-26,10.000,1,3,0.12,INJ,1,0.000000,0.000000,0.390053,689.475729
459,4590.000,2012-03-26,10.000,1,3,0.12,PROD,1,-0.272260,-0.000000,-0.123115,6.550019
460,4600.000,2012-04-05,10.000,1,3,0.10,INJ,1,0.000000,0.000000,0.391891,689.475729
460,4600.000,2012-04-05,10.000,1,3,0.10,PROD,1,-0.272762,-0.000000,-0.124429,6.550019
461,4610.000,2012-04-15,10.000,1,3,0.10,INJ,1,0.000000,0.000000,0.393732,689.475729
461,4610.000,2012-04-15,10.000,1,3,0.10,PROD,1,-0.273512,-0.000000,-0.125830,6.550019
462,4620.000,2012-04-25,10.000,1,3,0.11,INJ,1,0.000000,0.000000,0.395571,689.475729
462,4620.000,2012-04-25,10.000,1,3,0.11,PROD,1,-0.273305,-0.000000,-0.127518,6.550019
463,4630.000,2012-05-05,10.000,1,3,0.10,INJ,1,0.000000,0.000000,0.397418,689.475729
463,4630.000,2012-05-05,10.000,1,3,0.10,PROD,1,-0.273409,-0.000000,-0.129024,6.550019
464,4640.000,2012-05-15,10.000,1,3,0.11,INJ,1,0.000000,0.000000,0.399273,689.475729
464,4640.000,2012-05-15,10.000,1,3,0.11,PROD,1,-0.274510,-0.000000,-0.130074,6.550019
465,4650.000,2012-05-25,10.000,1,3,0.11,INJ,1,0.000000,0.000000,0.401165,689.475729
465,4650.000,2012-05-25,10.000,1,3,0.11,PROD,1,-0.275390,-0.000000,-0.130981,6.550019
466,4660.000,2012-06-04,10.000,1,3,0.11,INJ,1,0.000000,0.000000,0.403089,689.475729
466,4660.000,2012-06-04,10.000,1,3,0.11,PROD,1,-0.276209,-0.000000,-0.132077,6.550019
467,4670.000,2012-06-14,10.000,1,3,0.11,INJ,1,0.000000,0.000000,0.405020,689.475729
467,4670.000,2012-06-14,10.000,1,3,0.11,PROD,1,-0.279013,-0.000000,-0.132642,6.550019
468,4680.000,2012-06-24,10.000,1,3,0.11,INJ,1,0.000000,0.000000,0.406984,689.475729
468,4680.000,2012-06-24,10.000,1,3,0.11,PROD,1,-0.280919,-0.000000,-0.133122,6.550019
469,4690.000,2012-07-04,10.000,1,3,0.11,INJ,1,0.000000,0.000000,0.408972,689.475729
469,4690.000,2012-07-04,10.000,1,3,0.11,PROD,1,-0.272609,-0.000000,-0.143345,6.550019
470,4700.000,2012-07-14,10.000,1,4,0.15,INJ,1,0.000000,0.000000,0.410991,689.475729
470,4700.000,2012-07-14,10.000,1,4,0.15,PROD,1,-0.252614,-0.000000,-0.165853,6.550019
471,4710.000,2012-07-24,10.000,1,3,0.11,INJ,1,0.000000,0.000000,0.413044,689.475729
471,4710.000,2012-07-24,10.000,1,3,0.11,PROD,1,-0.245303,-0.000000,-0.174788,6.550019
472,4720.000,2012-08-03,10.000,1,3,0.11,INJ,1,0.000000,0.000000,0.415125,689.475729
472,4720.000,2012-08-03,10.000,1,3,0.11,PROD,1,-0.241781,-0.000000,-0.180123,6.550019
473,4730.000,2012-08-13,10.000,1,3,0.12,INJ,1,0.000000,0.000000,0.417226,689.475729
473,4730.000,2012-08-13,10.000,1,3,0.12,PROD,1,-0.239887,-0.000000,-0.183942,6.550019
474,4740.000,2012-08-23,10.000,1,3,0.10,INJ,1,0.000000,0.000000,0.419366,689.475729
474,4740.000,2012-08-23,10.000,1,3,0.10,PROD,1,-0.238377,-0.000000,-0.187588,6.550019
475,4750.000,2012-09-02,10.000,1,3,0.11,INJ,1,0.000000,0.000000,0.421532,689.475729
475,4750.000,2012-09-02,10.000,1,3,0.11,PROD,1,-0.237437,-0.000000,-0.190673,6.550019
476,4760.000,2012-09-12,10.000,1,3,0.11,INJ,1,0.000000,0.000000,0.423719,689.475729
476,4760.000,2012-09-12,10.000,1,3,0.11,PROD,1,-0.237084,-0.000000,-0.193236,6.550019
477,4770.000,2012-09-22,10.000,1,3,0.11,INJ,1,0.000000,0.000000,0.425921,689.475729
477,4770.000,2012-09-22,10.000,1,3,0.11,PROD,1,-0.236523,-0.000000,-0.196147,6.550019
478,4780.000,2012-10-02,10.000,1,3,0.12,INJ,1,0.000000,0.000000,0.428171,689.475729
478,4780.000,2012-10-02,10.000,1,3,0.12,PROD,1,-0.236063,-0.000000,-0.199071,6.550019
479,4790.000,2012-10-12,10.000,1,3,0.12,INJ,1,0.000000,0.000000,0.430412,689.475729
479,4790.000,2012-10-12,10.000,1,3,0.12,PROD,1,-0.235492,-0.000000,-0.201911,6.550019
480,4800.000,2012-10-22,10.000,1,3,0.20,INJ,1,0.000000,0.000000,0.432642,689.475729
480,4800.000,2012-10-22,10.000,1,3,0.20,PROD,1,-0.235045,-0.000000,-0.204511,6.550019
481,4810.000,2012-11-01,10.000,1,3,0.12,INJ,1,0.000000,0.000000,0.434896,689.475729
481,4810.000,2012-11-01,10.000,1,3,0.12,PROD,1,-0.234656,-0.000000,-0.207001,6.550019
482,4820.000,2012-11-11,10.000,1,3,0.11,INJ,1,0.000000,0.000000,0.437151,689.475729
482,4820.000,2012-11-11,10.000,1,3,0.11,PROD,1,-0.234293,-0.000000,-0.209567,6.550019
483,4830.000,2012-11-21,10.000,1,3,0.10,INJ,1,0.000000,0.000000,0.439404,689.475729
483,4830.000,2012-11-21,10.000,1,3,0.10,PROD,1,-0.233669,-0.000000,-0.212530,6.550019
484,4840.000,2012-12-01,10.000,1,3,0.11,INJ,1,0.000000,0.000000,0.441670,689.475729
484,4840.000,2012-12-01,10.000,1,3,0.11,PROD,1,-0.232917,-0.000000,-0.215608,6.550019
485,4850.000,2012-12-11,10.000,1,3,0.11,INJ,1,0.000000,0.000000,0.443941,689.475729
485,4850.000,2012-12-11,10.000,1,3,0.11,PROD,1,-0.232183,-0.000000,-0.218919,6.550019
486,4860.000,2012-12-21,10.000,1,3,0.12,INJ,1,0.000000,0.000000,0.446227,689.475729
486,4860.000,2012-12-21,10.000,1,3,0.12,PROD,1,-0.231239,-0.000000,-0.222594,6.550019
487,4870.000,2012-12-31,10.000,1,3,0.11,INJ,1,0.000000,0.000000,0.448534,689.475729
487,4870.000,2012-12-31,10.000,1,3,0.11,PROD,1,-0.229672,-0.000000,-0.226954,6.550019
488,4880.000,2013-01-10,10.000,1,3,0.11,INJ,1,0.000000,0.000000,0.450857,689.475729
488,4880.000,2013-01-10,10.000,1,3,0.11,PROD,1,-0.227926,-0.000000,-0.231343,6.550019
489,4890.000,2013-01-20,10.000,1,3,0.11,INJ,1,0.000000,0.000000,0.453193,689.475729
489,4890.000,2013-01-20,10.000,1,3,0.11,PROD,1,-0.226146,-0.000000,-0.235671,6.550019
490,4900.000,2013-01-30,10.000,1,3,0.11,INJ,1,0.000000,0.000000,0.455562,689.475729
490,4900.000,2013-01-30,10.000,1,3,0.11,PROD,1,-0.223337,-0.000000,-0.240949,6.550019
491,4910.000,2013-02-09,10.000,1,3,0.10,INJ,1,0.000000,0.000000,0.457890,689.475729
491,4910.000,2013-02-09,10.000,1,3,0.10,PROD,1,-0.220173,-0.000000,-0.246416,6.550019
492,4920.000,2013-02-19,10.000,1,3,0.11,INJ,1,0.000000,0.000000,0.460184,689.475729
492,4920.000,2013-02-19,10.000,1,3,0.11,PROD,1,-0.217506,-0.000000,-0.251340,6.550019
493,4930.000,2013-03-01,10.000,1,3,0.12,INJ,1,0.000000,0.000000,0.462451,689.475729
493,4930.000,2013-03-01,10.000,1,3,0.12,PROD,1,-0.215319,-0.000000,-0.255809,6.550019
494,4940.000,2013-03-11,10.000,1,3,0.12,INJ,1,0.000000,0.000000,0.464694,689.475729
494,4940.000,2013-03-11,10.000,1,3,0.12,PROD,1,-0.213368,-0.000000,-0.260009,6.550019
495,4950.000,2013-03-21,10.000,1,3,0.12,INJ,1,0.000000,0.000000,0.466917,689.475729
495,4950.000,2013-03-21,10.000,1,3,0.12,PROD,1,-0.211450,-0.000000,-0.264013,6.550019
496,4960.000,2013-03-31,10.000,1,3,0.11,INJ,1,0.000000,0.000000,0.469110,689.475729
496,4960.000,2013-03-31,10.000,1,3,0.11,PROD,1,-0.209201,-0.000000,-0.268132,6.550019
497,4970.000,2013-04-10,10.000,1,3,0.12,INJ,1,0.000000,0.000000,0.471297,689.475729
497,4970.000,2013-04-10,10.000,1,3,0.12,PROD,1,-0.207142,-0.000000,-0.271855,6.550019
498,4980.000,2013-04-20,10.000,1,3,0.12,INJ,1,0.000000,0.000000,0.473446,689.475729
498,4980.000,2013-04-20,10.000,1,3,0.12,PROD,1,-0.204890,-0.000000,-0.275666,6.550019
499,4990.000,2013-04-30,10.000,1,3,0.11,INJ,1,0.000000,0.000000,0.475567,689.475729
499,4990.000,2013-04-30,10.000,1,3,0.11,PROD,1,-0.202781,-0.000000,-0.279287,6.550019
500,5000.000,2013-05-10,10.000,1,3,0.11,INJ,1,0.000000,0.000000,0.477649,689.475729
500,5000.000,2013-05-10,10.000,1,3,0.11,PROD,1,-0.200879,-0.000000,-0.282594,6.550019
501,5010.000,2013-05-20,10.000,1,3,0.12,INJ,1,0.000000,0.000000,0.479621,689.475729
501,5010.000,2013-05-20,10.000,1,3,0.12,PROD,1,-0.199131,-0.000000,-0.285686,6.550019
502,5020.000,2013-05-30,10.000,1,3,0.11,INJ,1,0.000000,0.000000,0.481501,689.475729
502,5020.000,2013-05-30,10.000,1,3,0.11,PROD,1,-0.196624,-0.000000,-0.289605,6.550019
503,5030.000,2013-06-09,10.000,1,3,0.11,INJ,1,0.000000,0.000000,0.483306,689.475729
503,5030.000,2013-06-09,10.000,1,3,0.11,PROD,1,-0.194553,-0.000000,-0.292973,6.550019
504,5040.000,2013-06-19,10.000,1,3,0.12,INJ,1,0.000000,0.000000,0.485053,689.475729
504,5040.000,2013-06-19,10.000,1,3,0.12,PROD,1,-0.192925,-0.000000,-0.295868,6.550019
505,5050.000,2013-06-29,10.000,1,3,0.11,INJ,1,0.000000,0.000000,0.486755,689.475729
505,5050.000,2013-06-29,10.000,1,3,0.11,PROD,1,-0.191643,-0.000000,-0.298423,6.550019
506,5060.000,2013-07-09,10.000,1,3,0.12,INJ,1,0.000000,0.000000,0.488439,689.475729
506,5060.000,2013-07-09,10.000,1,3,0.12,PROD,1,-0.190623,-0.000000,-0.300721,6.550019
507,5070.000,2013-07-19,10.000,1,3,0.12,INJ,1,0.000000,0.000000,0.490059,689.475729
507,5070.000,2013-07-19,10.000,1,3,0.12,PROD,1,-0.189773,-0.000000,-0.302895,6.550019
508,5080.000,2013-07-29,10.000,1,3,0.11,INJ,1,0.000000,0.000000,0.491727,689.475729
508,5080.000,2013-07-29,10.000,1,3,0.11,PROD,1,-0.189039,-0.000000,-0.304973,6.550019
509,5090.000,2013-08-08,10.000,1,3,0.12,INJ,1,0.000000,0.000000,0.493315,689.475729
509,5090.000,2013-08-08,10.000,1,3,0.12,PROD,1,-0.188438,-0.000000,-0.306927,6.550019
510,5100.000,2013-08-18,10.000,1,3,0.11,INJ,1,0.000000,0.000000,0.494801,689.475729
510,5100.000,2013-08-18,10.000,1,3,0.11,PROD,1,-0.187972,-0.000000,-0.308777,6.550019
511,5110.000,2013-08-28,10.000,1,3,0.11,INJ,1,0.000000,0.000000,0.496217,689.475729
511,5110.000,2013-08-28,10.000,1,3,0.11,PROD,1,-0.187617,-0.000000,-0.310544,6.550019
512,5120.000,2013-09-07,10.000,1,3,0.12,INJ,1,0.000000,0.000000,0.497592,689.475729
512,5120.000,2013-09-07,10.000,1,3,0.12,PROD,1,-0.187322,-0.000000,-0.312306,6.550019
513,5130.000,2013-09-17,10.000,1,3,0.12,INJ,1,0.000000,0.000000,0.498966,689.475729
513,5130.000,2013-09-17,10.000,1,3,0.12,PROD,1,-0.187097,-0.000000,-0.314038,6.550019
514,5140.000,2013-09-27,10.000,1,3,0.11,INJ,1,0.000000,0.000000,0.500357,689.475729
514,5140.000,2013-09-27,10.000,1,3,0.11,PROD,1,-0.186934,-0.000000,-0.315765,6.550019
515,5150.000,2013-10-07,10.000,1,3,0.11,INJ,1,0.000000,0.000000,0.501742,689.475729
515,5150.000,2013-10-07,10.000,1,3,0.11,PROD,1,-0.186816,-0.000000,-0.317516,6.550019
516,5160.000,2013-10-17,10.000,1,3,0.11,INJ,1,0.000000,0.000000,0.503192,689.475729
516,5160.000,2013-10-17,10.000,1,3,0.11,PROD,1,-0.186723,-0.000000,-0.319302,6.550019
517,5170.000,2013-10-27,10.000,1,3,0.11,INJ,1,0.000000,0.000000,0.504583,689.475729
517,5170.000,2013-10-27,10.000,1,3,0.11,PROD,1,-0.186640,-0.000000,-0.321145,6.550019
518,5180.000,2013-11-06,10.000,1,3,0.11,INJ,1,0.000000,0.000000,0.505954,689.475729
518,5180.000,2013-11-06,10.000,1,3,0.11,PROD,1,-0.186566,-0.000000,-0.323082,6.550019
519,5190.000,2013-11-16,10.000,1,3,0.11,INJ,1,0.000000,0.000000,0.507325,689.475729
519,5190.000,2013-11-16,10.000,1,3,0.11,PROD,1,-0.186479,-0.000000,-0.325100,6.550019
520,5200.000,2013-11-26,10.000,1,3,0.11,INJ,1,0.000000,0.000000,0.508731,689.475729
520,5200.000,2013-11-26,10.000,1,3,0.11,PROD,1,-0.186362,-0.000000,-0.327183,6.550019
521,5210.000,2013-12-06,10.000,1,3,0.11,INJ,1,0.000000,0.000000,0.510154,689.475729
521,5210.000,2013-12-06,10.000,1,3,0.11,PROD,1,-0.186203,-0.000000,-0.329321,6.550019
522,5220.000,2013-12-16,10.000,1,3,0.12,INJ,1,0.000000,0.000000,0.511604,689.475729
522,5220.000,2013-12-16,10.000,1,3,0.12,PROD,1,-0.186002,-0.000000,-0.331529,6.550019
523,5230.000,2013-12-26,10.000,1,3,0.13,INJ,1,0.000000,0.000000,0.513091,689.475729
523,5230.000,2013-12-26,10.000,1,3,0.13,PROD,1,-0.185756,-0.000000,-0.333782,6.550019
524,5240.000,2014-01-05,10.000,1,3,0.11,INJ,1,0.000000,0.000000,0.514635,689.475729
524,5240.000,2014-01-05,10.000,1,3,0.11,PROD,1,-0.185469,-0.000000,-0.336055,6.550019
525,5250.000,2014-01-15,10.000,1,3,0.10,INJ,1,0.000000,0.000000,0.516209,689.475729
525,5250.000,2014-01-15,10.000,1,3,0.10,PROD,1,-0.185148,-0.000000,-0.338338,6.550019
526,5260.000,2014-01-25,10.000,1,3,0.12,INJ,1,0.000000,0.000000,0.517774,689.475729
526,5260.000,2014-01-25,10.000,1,3,0.12,PROD,1,-0.184792,-0.000000,-0.340658,6.550019
527,5270.000,2014-02-04,10.000,1,3,0.11,INJ,1,0.000000,0.000000,0.519342,689.475729
527,5270.000,2014-02-04,10.000,1,3,0.11,PROD,1,-0.184398,-0.000000,-0.343001,6.550019
528,5280.000,2014-02-14,10.000,1,3,0.10,INJ,1,0.000000,0.000000,0.520934,689.475729
528,5280.000,2014-02-14,10.000,1,3,0.10,PROD,1,-0.183964,-0.000000,-0.345327,6.550019
529,5290.000,2014-02-24,10.000,1,3,0.11,INJ,1,0.000000,0.000000,0.522563,689.475729
529,5290.000,2014-02-24,10.000,1,3,0.11,PROD,1,-0.183502,-0.000000,-0.347635,6.550019
530,5300.000,2014-03-06,10.000,1,3,0.10,INJ,1,0.000000,0.000000,0.524198,689.475729
530,5300.000,2014-03-06,10.000,1,3,0.10,PROD,1,-0.183020,-0.000000,-0.349910,6.550019
531,5310.000,2014-03-16,10.000,1,3,0.12,INJ,1,0.000000,0.000000,0.525833,689.475729
531,5310.000,2014-03-16,10.000,1,3,0.12,PROD,1,-0.182519,-0.000000,-0.352159,6.550019
532,5320.000,2014-03-26,10.000,1,3,0.11,INJ,1,0.000000,0.000000,0.527481,689.475729
532,5320.000,2014-03-26,10.000,1,3,0.11,PROD,1,-0.181985,-0.000000,-0.354418,6.550019
533,5330.000,2014-04-05,10.000,1,3,0.11,INJ,1,0.000000,0.000000,0.529145,689.475729
533,5330.000,2014-04-05,10.000,1,3,0.11,PROD,1,-0.181313,-0.000000,-0.356844,6.550019
534,5340.000,2014-04-15,10.000,1,3,0.11,INJ,1,0.000000,0.000000,0.530834,689.475729
534,5340.000,2014-04-15,10.000,1,3,0.11,PROD,1,-0.180659,-0.000000,-0.359213,6.550019
535,5350.000,2014-04-25,10.000,1,3,0.11,INJ,1,0.000000,0.000000,0.532496,689.475729
535,5350.000,2014-04-25,10.000,1,3,0.11,PROD,1,-0.180063,-0.000000,-0.361512,6.550019
536,5360.000,2014-05-05,10.000,1,3,0.12,INJ,1,0.000000,0.000000,0.534131,689.475729
536,5360.000,2014-05-05,10.000,1,3,0.12,PROD,1,-0.179498,-0.000000,-0.363766,6.550019
537,5370.000,2014-05-15,10.000,1,3,0.12,INJ,1,0.000000,0.000000,0.535750,689.475729
537,5370.000,2014-05-15,10.000,1,3,0.12,PROD,1,-0.178924,-0.000000,-0.366014,6.550019
538,5380.000,2014-05-25,10.000,1,3,0.11,INJ,1,0.000000,0.000000,0.537365,689.475729
538,5380.000,2014-05-25,10.000,1,3,0.11,PROD,1,-0.178315,-0.000000,-0.368267,6.550019
539,5390.000,2014-06-04,10.000,1,3,0.12,INJ,1,0.000000,0.000000,0.539003,689.475729
539,5390.000,2014-06-04,10.000,1,3,0.12,PROD,1,-0.177730,-0.000000,-0.370430,6.550019
540,5400.000,2014-06-14,10.000,1,3,0.12,INJ,1,0.000000,0.000000,0.540614,689.475729
540,5400.000,2014-06-14,10.000,1,3,0.12,PROD,1,-0.177069,-0.000000,-0.372641,6.550019
541,5410.000,2014-06-24,10.000,1,3,0.11,INJ,1,0.000000,0.000000,0.542206,689.475729
541,5410.000,2014-06-24,10.000,1,3,0.11,PROD,1,-0.176486,-0.000000,-0.374730,6.550019
542,5420.000,2014-07-04,10.000,1,3,0.12,INJ,1,0.000000,0.000000,0.543795,689.475729
542,5420.000,2014-07-04,10.000,1,3,0.12,PROD,1,-0.175951,-0.000000,-0.376743,6.550019
543,5430.000,2014-07-14,10.000,1,3,0.11,INJ,1,0.000000,0.000000,0.545396,689.475729
543,5430.000,2014-07-14,10.000,1,3,0.11,PROD,1,-0.175421,-0.000000,-0.378704,6.550019
544,5440.000,2014-07-24,10.000,1,3,0.12,INJ,1,0.000000,0.000000,0.546987,689.475729
544,5440.000,2014-07-24,10.000,1,3,0.12,PROD,1,-0.174896,-0.000000,-0.380639,6.550019
545,5450.000,2014-08-03,10.000,1,3,0.11,INJ,1,0.000000,0.000000,0.548573,689.475729
545,5450.000,2014-08-03,10.000,1,3,0.11,PROD,1,-0.174378,-0.000000,-0.382570,6.550019
546,5460.000,2014-08-13,10.000,1,3,0.11,INJ,1,0.000000,0.000000,0.550164,689.475729
546,5460.000,2014-08-13,10.000,1,3,0.11,PROD,1,-0.173840,-0.000000,-0.384479,6.550019
547,5470.000,2014-08-23,10.000,1,3,0.11,INJ,1,0.000000,0.000000,0.551756,689.475729
547,5470.000,2014-08-23,10.000,1,3,0.11,PROD,1,-0.173278,-0.000000,-0.386385,6.550019
548,5480.000,2014-09-02,10.000,1,3,0.10,INJ,1,0.000000,0.000000,0.553338,689.475729
548,5480.000,2014-09-02,10.000,1,3,0.10,PROD,1,-0.172722,-0.000000,-0.388233,6.550019
549,5490.000,2014-09-12,10.000,1,3,0.11,INJ,1,0.000000,0.000000,0.554904,689.475729
549,5490.000,2014-09-12,10.000,1,3,0.11,PROD,1,-0.172194,-0.000000,-0.390022,6.550019
550,5500.000,2014-09-22,10.000,1,3,0.12,INJ,1,0.000000,0.000000,0.556460,689.475729
550,5500.000,2014-09-22,10.000,1,3,0.12,PROD,1,-0.171701,-0.000000,-0.391760,6.550019
551,5510.000,2014-10-02,10.000,1,3,0.12,INJ,1,0.000000,0.000000,0.557993,689.475729
551,5510.000,2014-10-02,10.000,1,3,0.12,PROD,1,-0.171238,-0.000000,-0.393455,6.550019
552,5520.000,2014-10-12,10.000,1,3,0.11,INJ,1,0.000000,0.000000,0.559494,689.475729
552,5520.000,2014-10-12,10.000,1,3,0.11,PROD,1,-0.170799,-0.000000,-0.395110,6.550019
553,5530.000,2014-10-22,10.000,1,3,0.11,INJ,1,0.000000,0.000000,0.560954,689.475729
553,5530.000,2014-10-22,10.000,1,3,0.11,PROD,1,-0.170345,-0.000000,-0.396788,6.550019
554,5540.000,2014-11-01,10.000,1,3,0.11,INJ,1,0.000000,0.000000,0.562381,689.475729
554,5540.000,2014-11-01,10.000,1,3,0.11,PROD,1,-0.169852,-0.000000,-0.398506,6.550019
555,5550.000,2014-11-11,10.000,1,3,0.11,INJ,1,0.000000,0.000000,0.563774,689.475729
555,5550.000,2014-11-11,10.000,1,3,0.11,PROD,1,-0.169407,-0.000000,-0.400130,6.550019
556,5560.000,2014-11-21,10.000,1,3,0.11,INJ,1,0.000000,0.000000,0.565137,689.475729
556,5560.000,2014-11-21,10.000,1,3,0.11,PROD,1,-0.168986,-0.000000,-0.401785,6.550019
557,5570.000,2014-12-01,10.000,1,3,0.11,INJ,1,0.000000,0.000000,0.566472,689.475729
557,5570.000,2014-12-01,10.000,1,3,0.11,PROD,1,-0.168559,-0.000000,-0.403360,6.550019
558,5580.000,2014-12-11,10.000,1,3,0.11,INJ,1,0.000000,0.000000,0.567773,689.475729
558,5580.000,2014-12-11,10.000,1,3,0.11,PROD,1,-0.168149,-0.000000,-0.404895,6.550019
559,5590.000,2014-12-21,10.000,1,3,0.12,INJ,1,0.000000,0.000000,0.569039,689.475729
559,5590.000,2014-12-21,10.000,1,3,0.12,PROD,1,-0.167760,-0.000000,-0.406394,6.550019
560,5600.000,2014-12-31,10.000,1,3,0.11,INJ,1,0.000000,0.000000,0.570274,689.475729
560,5600.000,2014-12-31,10.000,1,3,0.11,PROD,1,-0.167389,-0.000000,-0.407870,6.550019
561,5610.000,2015-01-10,10.000,1,3,0.11,INJ,1,0.000000,0.000000,0.571492,689.475729
561,5610.000,2015-01-10,10.000,1,3,0.11,PROD,1,-0.167033,-0.000000,-0.409320,6.550019
562,5620.000,2015-01-20,10.000,1,3,0.11,INJ,1,0.000000,0.000000,0.572664,689.475729
562,5620.000,2015-01-20,10.000,1,3,0.11,PROD,1,-0.166688,-0.000000,-0.410740,6.550019
563,5630.000,2015-01-30,10.000,1,3,0.13,INJ,1,0.000000,0.000000,0.573795,689.475729
563,5630.000,2015-01-30,10.000,1,3,0.13,PROD,1,-0.166346,-0.000000,-0.412230,6.550019
564,5640.000,2015-02-09,10.000,1,3,0.11,INJ,1,0.000000,0.000000,0.574900,689.475729
564,5640.000,2015-02-09,10.000,1,3,0.11,PROD,1,-0.166011,-0.000000,-0.413709,6.550019
565,5650.000,2015-02-19,10.000,1,3,0.12,INJ,1,0.000000,0.000000,0.575990,689.475729
565,5650.000,2015-02-19,10.000,1,3,0.12,PROD,1,-0.165675,-0.000000,-0.415186,6.550019
566,5660.000,2015-03-01,10.000,1,3,0.12,INJ,1,0.000000,0.000000,0.577067,689.475729
566,5660.000,2015-03-01,10.000,1,3,0.12,PROD,1,-0.165317,-0.000000,-0.416729,6.550019
567,5670.000,2015-03-11,10.000,1,3,0.12,INJ,1,0.000000,0.000000,0.578123,689.475729
567,5670.000,2015-03-11,10.000,1,3,0.12,PROD,1,-0.164924,-0.000000,-0.418241,6.550019
568,5680.000,2015-03-21,10.000,1,3,0.11,INJ,1,0.000000,0.000000,0.579167,689.475729
568,5680.000,2015-03-21,10.000,1,3,0.11,PROD,1,-0.164506,-0.000000,-0.419753,6.550019
569,5690.000,2015-03-31,10.000,1,3,0.11,INJ,1,0.000000,0.000000,0.580182,689.475729
569,5690.000,2015-03-31,10.000,1,3,0.11,PROD,1,-0.164062,-0.000000,-0.421211,6.550019
570,5700.000,2015-04-10,10.000,1,4,0.26,INJ,1,0.000000,0.000000,0.581152,689.475729
570,5700.000,2015-04-10,10.000,1,4,0.26,PROD,1,-0.163605,-0.000000,-0.422562,6.550019
571,5710.000,2015-04-20,10.000,1,3,0.13,INJ,1,0.000000,0.000000,0.582074,689.475729
571,5710.000,2015-04-20,10.000,1,3,0.13,PROD,1,-0.163142,-0.000000,-0.423835,6.550019
572,5720.000,2015-04-30,10.000,1,4,0.14,INJ,1,0.000000,0.000000,0.582971,689.475729
572,5720.000,2015-04-30,10.000,1,4,0.14,PROD,1,-0.162691,-0.000000,-0.425103,6.550019
573,5730.000,2015-05-10,10.000,1,3,0.12,INJ,1,0.000000,0.000000,0.583819,689.475729
573,5730.000,2015-05-10,10.000,1,3,0.12,PROD,1,-0.162238,-0.000000,-0.426333,6.550019
574,5740.000,2015-05-20,10.000,1,4,0.15,INJ,1,0.000000,0.000000,0.584625,689.475729
574,5740.000,2015-05-20,10.000,1,4,0.15,PROD,1,-0.161779,-0.000000,-0.427512,6.550019
575,5750.000,2015-05-30,10.000,1,3,0.11,INJ,1,0.000000,0.000000,0.585392,689.475729
575,5750.000,2015-05-30,10.000,1,3,0.11,PROD,1,-0.161318,-0.000000,-0.428651,6.550019
576,5760.000,2015-06-09,10.000,1,4,0.15,INJ,1,0.000000,0.000000,0.586130,689.475729
576,5760.000,2015-06-09,10.000,1,4,0.15,PROD,1,-0.160833,-0.000000,-0.429775,6.550019
577,5770.000,2015-06-19,10.000,1,3,0.11,INJ,1,0.000000,0.000000,0.586855,689.475729
577,5770.000,2015-06-19,10.000,1,3,0.11,PROD,1,-0.160350,-0.000000,-0.430866,6.550019
578,5780.000,2015-06-29,10.000,1,4,0.15,INJ,1,0.000000,0.000000,0.587574,689.475729
578,5780.000,2015-06-29,10.000,1,4,0.15,PROD,1,-0.159889,-0.000000,-0.431935,6.550019
579,5790.000,2015-07-09,10.000,1,3,0.10,INJ,1,0.000000,0.000000,0.588295,689.475729
579,5790.000,2015-07-09,10.000,1,3,0.10,PROD,1,-0.159444,-0.000000,-0.432984,6.550019
580,5800.000,2015-07-19,10.000,1,4,0.14,INJ,1,0.000000,0.000000,0.589021,689.475729
580,5800.000,2015-07-19,10.000,1,4,0.14,PROD,1,-0.159012,-0.000000,-0.434080,6.550019
581,5810.000,2015-07-29,10.000,1,3,0.10,INJ,1,0.000000,0.000000,0.589740,689.475729
581,5810.000,2015-07-29,10.000,1,3,0.10,PROD,1,-0.158584,-0.000000,-0.435150,6.550019
582,5820.000,2015-08-08,10.000,1,4,0.15,INJ,1,0.000000,0.000000,0.590457,689.475729
582,5820.000,2015-08-08,10.000,1,4,0.15,PROD,1,-0.158124,-0.000000,-0.436228,6.550019
583,5830.000,2015-08-18,10.000,1,3,0.11,INJ,1,0.000000,0.000000,0.591181,689.475729
583,5830.000,2015-08-18,10.000,1,3,0.11,PROD,1,-0.157669,-0.000000,-0.437276,6.550019
584,5840.000,2015-08-28,10.000,1,4,0.16,INJ,1,0.000000,0.000000,0.591913,689.475729
584,5840.000,2015-08-28,10.000,1,4,0.16,PROD,1,-0.157225,-0.000000,-0.438302,6.550019
585,5850.000,2015-09-07,10.000,1,3,0.12,INJ,1,0.000000,0.000000,0.592651,689.475729
585,5850.000,2015-09-07,10.000,1,3,0.12,PROD,1,-0.156796,-0.000000,-0.439294,6.550019
586,5860.000,2015-09-17,10.000,1,4,0.16,INJ,1,0.000000,0.000000,0.593399,689.475729
586,5860.000,2015-09-17,10.000,1,4,0.16,PROD,1,-0.156378,-0.000000,-0.440267,6.550019
587,5870.000,2015-09-27,10.000,1,3,0.10,INJ,1,0.000000,0.000000,0.594166,689.475729
587,5870.000,2015-09-27,10.000,1,3,0.10,PROD,1,-0.155969,-0.000000,-0.441231,6.550019
588,5880.000,2015-10-07,10.000,1,4,0.15,INJ,1,0.000000,0.000000,0.594942,689.475729
588,5880.000,2015-10-07,10.000,1,4,0.15,PROD,1,-0.155563,-0.000000,-0.442280,6.550019
589,5890.000,2015-10-17,10.000,1,3,0.11,INJ,1,0.000000,0.000000,0.595726,689.475729
589,5890.000,2015-10-17,10.000,1,3,0.11,PROD,1,-0.155147,-0.000000,-0.443382,6.550019
590,5900.000,2015-10-27,10.000,1,4,0.14,INJ,1,0.000000,0.000000,0.596549,689.475729
590,5900.000,2015-10-27,10.000,1,4,0.14,PROD,1,-0.154727,-0.000000,-0.444484,6.550019
591,5910.000,2015-11-06,10.000,1,3,0.10,INJ,1,0.000000,0.000000,0.597423,689.475729
591,5910.000,2015-11-06,10.000,1,3,0.10,PROD,1,-0.154313,-0.000000,-0.445584,6.550019
592,5920.000,2015-11-16,10.000,1,4,0.16,INJ,1,0.000000,0.000000,0.598290,689.475729
592,5920.000,2015-11-16,10.000,1,4,0.16,PROD,1,-0.153910,-0.000000,-0.446668,6.550019
593,5930.000,2015-11-26,10.000,1,3,0.11,INJ,1,0.000000,0.000000,0.599152,689.475729
593,5930.000,2015-11-26,10.000,1,3,0.11,PROD,1,-0.153519,-0.000000,-0.447748,6.550019
594,5940.000,2015-12-06,10.000,1,4,0.14,INJ,1,0.000000,0.000000,0.600011,689.475729
594,5940.000,2015-12-06,10.000,1,4,0.14,PROD,1,-0.153146,-0.000000,-0.448776,6.550019
595,5950.000,2015-12-16,10.000,1,3,0.11,INJ,1,0.000000,0.000000,0.600865,689.475729
595,5950.000,2015-12-16,10.000,1,3,0.11,PROD,1,-0.152794,-0.000000,-0.449834,6.550019
596,5960.000,2015-12-26,10.000,1,4,0.15,INJ,1,0.000000,0.000000,0.601696,689.475729
596,5960.000,2015-12-26,10.000,1,4,0.15,PROD,1,-0.152452,-0.000000,-0.450853,6.550019
597,5970.000,2016-01-05,10.000,1,3,0.12,INJ,1,0.000000,0.000000,0.602498,689.475729
597,5970.000,2016-01-05,10.000,1,3,0.12,PROD,1,-0.152132,-0.000000,-0.451814,6.550019
598,5980.000,2016-01-15,10.000,1,4,0.16,INJ,1,0.000000,0.000000,0.603289,689.475729
598,5980.000,2016-01-15,10.000,1,4,0.16,PROD,1,-0.151822,-0.000000,-0.452760,6.550019
599,5990.000,2016-01-25,10.000,1,3,0.12,INJ,1,0.000000,0.000000,0.604053,689.475729
599,5990.000,2016-01-25,10.000,1,3,0.12,PROD,1,-0.151488,-0.000000,-0.453729,6.550019
600,6000.000,2016-02-04,10.000,1,4,0.15,INJ,1,0.000000,0.000000,0.604801,689.475729
600,6000.000,2016-02-04,10.000,1,4,0.15,PROD,1,-0.151210,-0.000000,-0.454559,6.550019
601,6010.000,2016-02-14,10.000,1,3,0.12,INJ,1,0.000000,0.000000,0.605532,689.475729
601,6010.000,2016-02-14,10.000,1,3,0.12,PROD,1,-0.151015,-0.000000,-0.455223,6.550019
602,6020.000,2016-02-24,10.000,1,4,0.14,INJ,1,0.000000,0.000000,0.606251,689.475729
602,6020.000,2016-02-24,10.000,1,4,0.14,PROD,1,-0.150912,-0.000000,-0.455736,6.550019
603,6030.000,2016-03-05,10.000,1,3,0.10,INJ,1,0.000000,0.000000,0.606946,689.475729
603,6030.000,2016-03-05,10.000,1,3,0.10,PROD,1,-0.150898,-0.000000,-0.456137,6.550019
604,6040.000,2016-03-15,10.000,1,4,0.15,INJ,1,0.000000,0.000000,0.607609,689.475729
604,6040.000,2016-03-15,10.000,1,4,0.15,PROD,1,-0.150964,-0.000000,-0.456454,6.550019
605,6050.000,2016-03-25,10.000,1,3,0.11,INJ,1,0.000000,0.000000,0.608242,689.475729
605,6050.000,2016-03-25,10.000,1,3,0.11,PROD,1,-0.151099,-0.000000,-0.456766,6.550019
606,6060.000,2016-04-04,10.000,1,4,0.15,INJ,1,0.000000,0.000000,0.608829,689.475729
606,6060.000,2016-04-04,10.000,1,4,0.15,PROD,1,-0.151283,-0.000000,-0.457110,6.550019
607,6070.000,2016-04-14,10.000,1,3,0.10,INJ,1,0.000000,0.000000,0.609370,689.475729
607,6070.000,2016-04-14,10.000,1,3,0.10,PROD,1,-0.151493,-0.000000,-0.457479,6.550019
608,6080.000,2016-04-24,10.000,1,4,0.15,INJ,1,0.000000,0.000000,0.609880,689.475729
608,6080.000,2016-04-24,10.000,1,4,0.15,PROD,1,-0.151715,-0.000000,-0.457857,6.550019
609,6090.000,2016-05-04,10.000,1,3,0.10,INJ,1,0.000000,0.000000,0.610365,689.475729
609,6090.000,2016-05-04,10.000,1,3,0.10,PROD,1,-0.151938,-0.000000,-0.458231,6.550019
610,6100.000,2016-05-14,10.000,1,4,0.15,INJ,1,0.000000,0.000000,0.610830,689.475729
610,6100.000,2016-05-14,10.000,1,4,0.15,PROD,1,-0.152158,-0.000000,-0.458662,6.550019
611,6110.000,2016-05-24,10.000,1,3,0.11,INJ,1,0.000000,0.000000,0.611286,689.475729
611,6110.000,2016-05-24,10.000,1,3,0.11,PROD,1,-0.152358,-0.000000,-0.459164,6.550019
612,6120.000,2016-06-03,10.000,1,4,0.14,INJ,1,0.000000,0.000000,0.611737,689.475729
612,6120.000,2016-06-03,10.000,1,4,0.14,PROD,1,-0.152531,-0.000000,-0.459664,6.550019
613,6130.000,2016-06-13,10.000,1,3,0.12,INJ,1,0.000000,0.000000,0.612256,689.475729
613,6130.000,2016-06-13,10.000,1,3,0.12,PROD,1,-0.152681,-0.000000,-0.460162,6.550019
614,6140.000,2016-06-23,10.000,1,3,0.12,INJ,1,0.000000,0.000000,0.612877,689.475729
614,6140.000,2016-06-23,10.000,1,3,0.12,PROD,1,-0.152812,-0.000000,-0.460658,6.550019
615,6150.000,2016-07-03,10.000,1,3,0.11,INJ,1,0.000000,0.000000,0.613494,689.475729
615,6150.000,2016-07-03,10.000,1,3,0.11,PROD,1,-0.152928,-0.000000,-0.461158,6.550019
616,6160.000,2016-07-13,10.000,1,3,0.12,INJ,1,0.000000,0.000000,0.614117,689.475729
616,6160.000,2016-07-13,10.000,1,3,0.12,PROD,1,-0.153041,-0.000000,-0.461790,6.550019
617,6170.000,2016-07-23,10.000,1,3,0.11,INJ,1,0.000000,0.000000,0.614753,689.475729
617,6170.000,2016-07-23,10.000,1,3,0.11,PROD,1,-0.153136,-0.000000,-0.462406,6.550019
618,6180.000,2016-08-02,10.000,1,3,0.14,INJ,1,0.000000,0.000000,0.615409,689.475729
618,6180.000,2016-08-02,10.000,1,3,0.14,PROD,1,-0.153220,-0.000000,-0.463004,6.550019
619,6190.000,2016-08-12,10.000,1,3,0.11,INJ,1,0.000000,0.000000,0.616120,689.475729
619,6190.000,2016-08-12,10.000,1,3,0.11,PROD,1,-0.153307,-0.000000,-0.463580,6.550019
620,6200.000,2016-08-22,10.000,1,3,0.12,INJ,1,0.000000,0.000000,0.616924,689.475729
620,6200.000,2016-08-22,10.000,1,3,0.12,PROD,1,-0.153514,-0.000000,-0.463945,6.550019
621,6210.000,2016-09-01,10.000,1,3,0.12,INJ,1,0.000000,0.000000,0.617814,689.475729
621,6210.000,2016-09-01,10.000,1,3,0.12,PROD,1,-0.153877,-0.000000,-0.464152,6.550019
622,6220.000,2016-09-11,10.000,1,3,0.11,INJ,1,0.000000,0.000000,0.618764,689.475729
622,6220.000,2016-09-11,10.000,1,3,0.11,PROD,1,-0.154394,-0.000000,-0.464267,6.550019
623,6230.000,2016-09-21,10.000,1,3,0.12,INJ,1,0.000000,0.000000,0.619779,689.475729
623,6230.000,2016-09-21,10.000,1,3,0.12,PROD,1,-0.154999,-0.000000,-0.464383,6.550019
624,6240.000,2016-10-01,10.000,1,3,0.11,INJ,1,0.000000,0.000000,0.620847,689.475729
624,6240.000,2016-10-01,10.000,1,3,0.11,PROD,1,-0.155593,-0.000000,-0.464615,6.550019
625,6250.000,2016-10-11,10.000,1,3,0.11,INJ,1,0.000000,0.000000,0.621958,689.475729
625,6250.000,2016-10-11,10.000,1,3,0.11,PROD,1,-0.156057,-0.000000,-0.465166,6.550019
626,6260.000,2016-10-21,10.000,1,3,0.12,INJ,1,0.000000,0.000000,0.623113,689.475729
626,6260.000,2016-10-21,10.000,1,3,0.12,PROD,1,-0.156280,-0.000000,-0.466193,6.550019
627,6270.000,2016-10-31,10.000,1,3,0.12,INJ,1,0.000000,0.000000,0.624331,689.475729
627,6270.000,2016-10-31,10.000,1,3,0.12,PROD,1,-0.156340,-0.000000,-0.467380,6.550019
628,6280.000,2016-11-10,10.000,1,3,0.12,INJ,1,0.000000,0.000000,0.625587,689.475729
628,6280.000,2016-11-10,10.000,1,3,0.12,PROD,1,-0.156356,-0.000000,-0.468573,6.550019
629,6290.000,2016-11-20,10.000,1,3,0.11,INJ,1,0.000000,0.000000,0.626856,689.475729
629,6290.000,2016-11-20,10.000,1,3,0.11,PROD,1,-0.156358,-0.000000,-0.469784,6.550019
630,6300.000,2016-11-30,10.000,1,3,0.12,INJ,1,0.000000,0.000000,0.628179,689.475729
630,6300.000,2016-11-30,10.000,1,3,0.12,PROD,1,-0.156359,-0.000000,-0.471009,6.550019
631,6310.000,2016-12-10,10.000,1,3,0.11,INJ,1,0.000000,0.000000,0.629551,689.475729
631,6310.000,2016-12-10,10.000,1,3,0.11,PROD,1,-0.156372,-0.000000,-0.472242,6.550019
632,6320.000,2016-12-20,10.000,1,3,0.12,INJ,1,0.000000,0.000000,0.630952,689.475729
632,6320.000,2016-12-20,10.000,1,3,0.12,PROD,1,-0.156409,-0.000000,-0.473489,6.550019
633,6330.000,2016-12-30,10.000,1,3,0.11,INJ,1,0.000000,0.000000,0.632394,689.475729
633,6330.000,2016-12-30,10.000,1,3,0.11,PROD,1,-0.156413,-0.000000,-0.474894,6.550019
634,6340.000,2017-01-09,10.000,1,3,0.13,INJ,1,0.000000,0.000000,0.633879,689.475729
634,6340.000,2017-01-09,10.000,1,3,0.13,PROD,1,-0.156339,-0.000000,-0.476460,6.550019
635,6350.000,2017-01-19,10.000,1,3,0.11,INJ,1,0.000000,0.000000,0.635332,689.475729
635,6350.000,2017-01-19,10.000,1,3,0.11,PROD,1,-0.156198,-0.000000,-0.478110,6.550019
636,6360.000,2017-01-29,10.000,1,3,0.12,INJ,1,0.000000,0.000000,0.636771,689.475729
636,6360.000,2017-01-29,10.000,1,3,0.12,PROD,1,-0.156039,-0.000000,-0.479762,6.550019
637,6370.000,2017-02-08,10.000,1,3,0.13,INJ,1,0.000000,0.000000,0.638212,689.475729
637,6370.000,2017-02-08,10.000,1,3,0.13,PROD,1,-0.155900,-0.000000,-0.481397,6.550019
638,6380.000,2017-02-18,10.000,1,3,0.12,INJ,1,0.000000,0.000000,0.639661,689.475729
638,6380.000,2017-02-18,10.000,1,3,0.12,PROD,1,-0.155736,-0.000000,-0.483127,6.550019
639,6390.000,2017-02-28,10.000,1,3,0.13,INJ,1,0.000000,0.000000,0.641085,689.475729
639,6390.000,2017-02-28,10.000,1,3,0.13,PROD,1,-0.155611,-0.000000,-0.484768,6.550019
640,6400.000,2017-03-10,10.000,1,3,0.12,INJ,1,0.000000,0.000000,0.642467,689.475729
640,6400.000,2017-03-10,10.000,1,3,0.12,PROD,1,-0.155572,-0.000000,-0.486270,6.550019
641,6410.000,2017-03-20,10.000,1,3,0.12,INJ,1,0.000000,0.000000,0.643806,689.475729
641,6410.000,2017-03-20,10.000,1,3,0.12,PROD,1,-0.155595,-0.000000,-0.487695,6.550019
642,6420.000,2017-03-30,10.000,1,3,0.12,INJ,1,0.000000,0.000000,0.645115,689.475729
642,6420.000,2017-03-30,10.000,1,3,0.12,PROD,1,-0.155655,-0.000000,-0.489066,6.550019
643,6430.000,2017-04-09,10.000,1,3,0.12,INJ,1,0.000000,0.000000,0.646374,689.475729
643,6430.000,2017-04-09,10.000,1,3,0.12,PROD,1,-0.155800,-0.000000,-0.490335,6.550019
644,6440.000,2017-04-19,10.000,1,3,0.12,INJ,1,0.000000,0.000000,0.647598,689.475729
644,6440.000,2017-04-19,10.000,1,3,0.12,PROD,1,-0.155971,-0.000000,-0.491572,6.550019
645,6450.000,2017-04-29,10.000,1,3,0.11,INJ,1,0.000000,0.000000,0.648786,689.475729
645,6450.000,2017-04-29,10.000,1,3,0.11,PROD,1,-0.156132,-0.000000,-0.492817,6.550019
646,6460.000,2017-05-09,10.000,1,3,0.12,INJ,1,0.000000,0.000000,0.649967,689.475729
646,6460.000,2017-05-09,10.000,1,3,0.12,PROD,1,-0.156286,-0.000000,-0.494066,6.550019
647,6470.000,2017-05-19,10.000,1,3,0.12,INJ,1,0.000000,0.000000,0.651160,689.475729
647,6470.000,2017-05-19,10.000,1,3,0.12,PROD,1,-0.156444,-0.000000,-0.495284,6.550019
648,6480.000,2017-05-29,10.000,1,3,0.13,INJ,1,0.000000,0.000000,0.652373,689.475729
648,6480.000,2017-05-29,10.000,1,3,0.13,PROD,1,-0.156620,-0.000000,-0.496472,6.550019
649,6490.000,2017-06-08,10.000,1,3,0.12,INJ,1,0.000000,0.000000,0.653681,689.475729
649,6490.000,2017-06-08,10.000,1,3,0.12,PROD,1,-0.156823,-0.000000,-0.497644,6.550019
650,6500.000,2017-06-18,10.000,1,3,0.14,INJ,1,0.000000,0.000000,0.655047,689.475729
650,6500.000,2017-06-18,10.000,1,3,0.14,PROD,1,-0.157057,-0.000000,-0.498816,6.550019
651,6510.000,2017-06-28,10.000,1,3,0.12,INJ,1,0.000000,0.000000,0.656539,689.475729
651,6510.000,2017-06-28,10.000,1,3,0.12,PROD,1,-0.157291,-0.000000,-0.500109,6.550019
652,6520.000,2017-07-08,10.000,1,3,0.18,INJ,1,0.000000,0.000000,0.658087,689.475729
652,6520.000,2017-07-08,10.000,1,3,0.18,PROD,1,-0.157497,-0.000000,-0.501523,6.550019
653,6530.000,2017-07-18,10.000,1,3,0.12,INJ,1,0.000000,0.000000,0.659664,689.475729
653,6530.000,2017-07-18,10.000,1,3,0.12,PROD,1,-0.157703,-0.000000,-0.502995,6.550019
654,6540.000,2017-07-28,10.000,1,3,0.11,INJ,1,0.000000,0.000000,0.661247,689.475729
654,6540.000,2017-07-28,10.000,1,3,0.11,PROD,1,-0.157919,-0.000000,-0.504464,6.550019
655,6550.000,2017-08-07,10.000,1,3,0.10,INJ,1,0.000000,0.000000,0.662840,689.475729
655,6550.000,2017-08-07,10.000,1,3,0.10,PROD,1,-0.158031,-0.000000,-0.506179,6.550019
656,6560.000,2017-08-17,10.000,1,3,0.11,INJ,1,0.000000,0.000000,0.664445,689.475729
656,6560.000,2017-08-17,10.000,1,3,0.11,PROD,1,-0.157946,-0.000000,-0.508216,6.550019
657,6570.000,2017-08-27,10.000,1,4,0.14,INJ,1,0.000000,0.000000,0.666067,689.475729
657,6570.000,2017-08-27,10.000,1,4,0.14,PROD,1,-0.157758,-0.000000,-0.510336,6.550019
658,6580.000,2017-09-06,10.000,1,3,0.11,INJ,1,0.000000,0.000000,0.667694,689.475729
658,6580.000,2017-09-06,10.000,1,3,0.11,PROD,1,-0.157554,-0.000000,-0.512445,6.550019
659,6590.000,2017-09-16,10.000,1,4,0.14,INJ,1,0.000000,0.000000,0.669340,689.475729
659,6590.000,2017-09-16,10.000,1,4,0.14,PROD,1,-0.157330,-0.000000,-0.514635,6.550019
660,6600.000,2017-09-26,10.000,1,3,0.12,INJ,1,0.000000,0.000000,0.671002,689.475729
660,6600.000,2017-09-26,10.000,1,3,0.12,PROD,1,-0.157075,-0.000000,-0.516853,6.550019
661,6610.000,2017-10-06,10.000,1,4,0.16,INJ,1,0.000000,0.000000,0.672674,689.475729
661,6610.000,2017-10-06,10.000,1,4,0.16,PROD,1,-0.156769,-0.000000,-0.519175,6.550019
662,6620.000,2017-10-16,10.000,1,3,0.12,INJ,1,0.000000,0.000000,0.674356,689.475729
662,6620.000,2017-10-16,10.000,1,3,0.12,PROD,1,-0.156535,-0.000000,-0.521404,6.550019
663,6630.000,2017-10-26,10.000,1,4,0.16,INJ,1,0.000000,0.000000,0.676055,689.475729
663,6630.000,2017-10-26,10.000,1,4,0.16,PROD,1,-0.156356,-0.000000,-0.523526,6.550019
664,6640.000,2017-11-05,10.000,1,3,0.11,INJ,1,0.000000,0.000000,0.677770,689.475729
664,6640.000,2017-11-05,10.000,1,3,0.11,PROD,1,-0.156248,-0.000000,-0.525556,6.550019
665,6650.000,2017-11-15,10.000,1,4,0.14,INJ,1,0.000000,0.000000,0.679514,689.475729
665,6650.000,2017-11-15,10.000,1,4,0.14,PROD,1,-0.156258,-0.000000,-0.527566,6.550019
666,6660.000,2017-11-25,10.000,1,3,0.12,INJ,1,0.000000,0.000000,0.681301,689.475729
666,6660.000,2017-11-25,10.000,1,3,0.12,PROD,1,-0.156199,-0.000000,-0.529640,6.550019
667,6670.000,2017-12-05,10.000,1,4,0.14,INJ,1,0.000000,0.000000,0.683173,689.475729
667,6670.000,2017-12-05,10.000,1,4,0.14,PROD,1,-0.156042,-0.000000,-0.531860,6.550019
668,6680.000,2017-12-15,10.000,1,3,0.22,INJ,1,0.000000,0.000000,0.685165,689.475729
668,6680.000,2017-12-15,10.000,1,3,0.22,PROD,1,-0.155812,-0.000000,-0.534188,6.550019
669,6690.000,2017-12-25,10.000,1,4,0.15,INJ,1,0.000000,0.000000,0.687231,689.475729
669,6690.000,2017-12-25,10.000,1,4,0.15,PROD,1,-0.155617,-0.000000,-0.536425,6.550019
670,6700.000,2018-01-04,10.000,1,3,0.10,INJ,1,0.000000,0.000000,0.689329,689.475729
670,6700.000,2018-01-04,10.000,1,3,0.10,PROD,1,-0.155488,-0.000000,-0.538607,6.550019
671,6710.000,2018-01-14,10.000,1,4,0.15,INJ,1,0.000000,0.000000,0.691510,689.475729
671,6710.000,2018-01-14,10.000,1,4,0.15,PROD,1,-0.155282,-0.000000,-0.541009,6.550019
672,6720.000,2018-01-24,10.000,1,3,0.12,INJ,1,0.000000,0.000000,0.693747,689.475729
672,6720.000,2018-01-24,10.000,1,3,0.12,PROD,1,-0.155034,-0.000000,-0.543496,6.550019
673,6730.000,2018-02-03,10.000,1,4,0.16,INJ,1,0.000000,0.000000,0.696048,689.475729
673,6730.000,2018-02-03,10.000,1,4,0.16,PROD,1,-0.154796,-0.000000,-0.546007,6.550019
674,6740.000,2018-02-13,10.000,1,3,0.11,INJ,1,0.000000,0.000000,0.698423,689.475729
674,6740.000,2018-02-13,10.000,1,3,0.11,PROD,1,-0.154598,-0.000000,-0.548530,6.550019
675,6750.000,2018-02-23,10.000,1,4,0.15,INJ,1,0.000000,0.000000,0.700847,689.475729
675,6750.000,2018-02-23,10.000,1,4,0.15,PROD,1,-0.154449,-0.000000,-0.551083,6.550019
676,6760.000,2018-03-05,10.000,1,3,0.13,INJ,1,0.000000,0.000000,0.703330,689.475729
676,6760.000,2018-03-05,10.000,1,3,0.13,PROD,1,-0.154347,-0.000000,-0.553679,6.550019
677,6770.000,2018-03-15,10.000,1,4,0.14,INJ,1,0.000000,0.000000,0.705868,689.475729
677,6770.000,2018-03-15,10.000,1,4,0.14,PROD,1,-0.154290,-0.000000,-0.556390,6.550019
678,6780.000,2018-03-25,10.000,1,3,0.11,INJ,1,0.000000,0.000000,0.708437,689.475729
678,6780.000,2018-03-25,10.000,1,3,0.11,PROD,1,-0.154203,-0.000000,-0.559156,6.550019
679,6790.000,2018-04-04,10.000,1,4,0.14,INJ,1,0.000000,0.000000,0.711039,689.475729
679,6790.000,2018-04-04,10.000,1,4,0.14,PROD,1,-0.154103,-0.000000,-0.562023,6.550019
680,6800.000,2018-04-14,10.000,1,3,0.11,INJ,1,0.000000,0.000000,0.713688,689.475729
680,6800.000,2018-04-14,10.000,1,3,0.11,PROD,1,-0.153939,-0.000000,-0.564977,6.550019
681,6810.000,2018-04-24,10.000,1,4,0.14,INJ,1,0.000000,0.000000,0.716406,689.475729
681,6810.000,2018-04-24,10.000,1,4,0.14,PROD,1,-0.153562,-0.000000,-0.568209,6.550019
682,6820.000,2018-05-04,10.000,1,3,0.12,INJ,1,0.000000,0.000000,0.719118,689.475729
682,6820.000,2018-05-04,10.000,1,3,0.12,PROD,1,-0.153067,-0.000000,-0.571450,6.550019
683,6830.000,2018-05-14,10.000,1,4,0.17,INJ,1,0.000000,0.000000,0.721837,689.475729
683,6830.000,2018-05-14,10.000,1,4,0.17,PROD,1,-0.152618,-0.000000,-0.574606,6.550019
684,6840.000,2018-05-24,10.000,1,3,0.11,INJ,1,0.000000,0.000000,0.724580,689.475729
684,6840.000,2018-05-24,10.000,1,3,0.11,PROD,1,-0.152237,-0.000000,-0.577774,6.550019
685,6850.000,2018-06-03,10.000,1,4,0.15,INJ,1,0.000000,0.000000,0.727355,689.475729
685,6850.000,2018-06-03,10.000,1,4,0.15,PROD,1,-0.151903,-0.000000,-0.580926,6.550019
686,6860.000,2018-06-13,10.000,1,3,0.12,INJ,1,0.000000,0.000000,0.730141,689.475729
686,6860.000,2018-06-13,10.000,1,3,0.12,PROD,1,-0.151596,-0.000000,-0.584028,6.550019
687,6870.000,2018-06-23,10.000,1,4,0.13,INJ,1,0.000000,0.000000,0.732935,689.475729
687,6870.000,2018-06-23,10.000,1,4,0.13,PROD,1,-0.150916,-0.000000,-0.587620,6.550019
688,6880.000,2018-07-03,10.000,1,3,0.11,INJ,1,0.000000,0.000000,0.735732,689.475729
688,6880.000,2018-07-03,10.000,1,3,0.11,PROD,1,-0.150237,-0.000000,-0.591210,6.550019
689,6890.000,2018-07-13,10.000,1,4,0.15,INJ,1,0.000000,0.000000,0.738529,689.475729
689,6890.000,2018-07-13,10.000,1,4,0.15,PROD,1,-0.149549,-0.000000,-0.594765,6.550019
690,6900.000,2018-07-23,10.000,1,3,0.11,INJ,1,0.000000,0.000000,0.741371,689.475729
690,6900.000,2018-07-23,10.000,1,3,0.11,PROD,1,-0.148919,-0.000000,-0.598267,6.550019
691,6910.000,2018-08-02,10.000,1,4,0.14,INJ,1,0.000000,0.000000,0.744227,689.475729
691,6910.000,2018-08-02,10.000,1,4,0.14,PROD,1,-0.148329,-0.000000,-0.601740,6.550019
692,6920.000,2018-08-12,10.000,1,3,0.11,INJ,1,0.000000,0.000000,0.747114,689.475729
692,6920.000,2018-08-12,10.000,1,3,0.11,PROD,1,-0.147764,-0.000000,-0.605214,6.550019
693,6930.000,2018-08-22,10.000,1,4,0.14,INJ,1,0.000000,0.000000,0.750003,689.475729
693,6930.000,2018-08-22,10.000,1,4,0.14,PROD,1,-0.147188,-0.000000,-0.608666,6.550019
694,6940.000,2018-09-01,10.000,1,3,0.12,INJ,1,0.000000,0.000000,0.752903,689.475729
694,6940.000,2018-09-01,10.000,1,3,0.12,PROD,1,-0.146588,-0.000000,-0.612106,6.550019
695,6950.000,2018-09-11,10.000,1,4,0.14,INJ,1,0.000000,0.000000,0.755831,689.475729
695,6950.000,2018-09-11,10.000,1,4,0.14,PROD,1,-0.146095,-0.000000,-0.615397,6.550019
696,6960.000,2018-09-21,10.000,1,3,0.12,INJ,1,0.000000,0.000000,0.758761,689.475729
696,6960.000,2018-09-21,10.000,1,3,0.12,PROD,1,-0.145658,-0.000000,-0.618623,6.550019
697,6970.000,2018-10-01,10.000,1,4,0.15,INJ,1,0.000000,0.000000,0.761688,689.475729
697,6970.000,2018-10-01,10.000,1,4,0.15,PROD,1,-0.145255,-0.000000,-0.621812,6.550019
698,6980.000,2018-10-11,10.000,1,3,0.11,INJ,1,0.000000,0.000000,0.764614,689.475729
698,6980.000,2018-10-11,10.000,1,3,0.11,PROD,1,-0.144877,-0.000000,-0.624971,6.550019
699,6990.000,2018-10-21,10.000,1,4,0.14,INJ,1,0.000000,0.000000,0.767536,689.475729
699,6990.000,2018-10-21,10.000,1,4,0.14,PROD,1,-0.144514,-0.000000,-0.628162,6.550019
700,7000.000,2018-10-31,10.000,1,3,0.16,INJ,1,0.000000,0.000000,0.770451,689.475729
700,7000.000,2018-10-31,10.000,1,3,0.16,PROD,1,-0.144068,-0.000000,-0.631410,6.550019
701,7010.000,2018-11-10,10.000,1,4,0.15,INJ,1,0.000000,0.000000,0.773363,689.475729
701,7010.000,2018-11-10,10.000,1,4,0.15,PROD,1,-0.143542,-0.000000,-0.634720,6.550019
702,7020.000,2018-11-20,10.000,1,3,0.12,INJ,1,0.000000,0.000000,0.776269,689.475729
702,7020.000,2018-11-20,10.000,1,3,0.12,PROD,1,-0.143059,-0.000000,-0.638020,6.550019
703,7030.000,2018-11-30,10.000,1,4,0.15,INJ,1,0.000000,0.000000,0.779180,689.475729
703,7030.000,2018-11-30,10.000,1,4,0.15,PROD,1,-0.142620,-0.000000,-0.641264,6.550019
704,7040.000,2018-12-10,10.000,1,3,0.13,INJ,1,0.000000,0.000000,0.782090,689.475729
704,7040.000,2018-12-10,10.000,1,3,0.13,PROD,1,-0.142212,-0.000000,-0.644454,6.550019
705,7050.000,2018-12-20,10.000,1,4,0.16,INJ,1,0.000000,0.000000,0.784991,689.475729
705,7050.000,2018-12-20,10.000,1,4,0.16,PROD,1,-0.141828,-0.000000,-0.647619,6.550019
706,7060.000,2018-12-30,10.000,1,3,0.13,INJ,1,0.000000,0.000000,0.787881,689.475729
706,7060.000,2018-12-30,10.000,1,3,0.13,PROD,1,-0.141433,-0.000000,-0.650857,6.550019
707,7070.000,2019-01-09,10.000,1,4,0.14,INJ,1,0.000000,0.000000,0.790767,689.475729
707,7070.000,2019-01-09,10.000,1,4,0.14,PROD,1,-0.141009,-0.000000,-0.654069,6.550019
708,7080.000,2019-01-19,10.000,1,3,0.12,INJ,1,0.000000,0.000000,0.793639,689.475729
708,7080.000,2019-01-19,10.000,1,3,0.12,PROD,1,-0.140608,-0.000000,-0.657195,6.550019
709,7090.000,2019-01-29,10.000,1,4,0.16,INJ,1,0.000000,0.000000,0.796508,689.475729
709,7090.000,2019-01-29,10.000,1,4,0.16,PROD,1,-0.140236,-0.000000,-0.660255,6.550019
710,7100.000,2019-02-08,10.000,1,3,0.12,INJ,1,0.000000,0.000000,0.799357,689.475729
710,7100.000,2019-02-08,10.000,1,3,0.12,PROD,1,-0.139888,-0.000000,-0.663277,6.550019
711,7110.000,2019-02-18,10.000,1,3,0.12,INJ,1,0.000000,0.000000,0.802184,689.475729
711,7110.000,2019-02-18,10.000,1,3,0.12,PROD,1,-0.139554,-0.000000,-0.666260,6.550019
712,7120.000,2019-02-28,10.000,1,3,0.11,INJ,1,0.000000,0.000000,0.804973,689.475729
712,7120.000,2019-02-28,10.000,1,3,0.11,PROD,1,-0.139229,-0.000000,-0.669202,6.550019
713,7130.000,2019-03-10,10.000,1,3,0.11,INJ,1,0.000000,0.000000,0.807734,689.475729
713,7130.000,2019-03-10,10.000,1,3,0.11,PROD,1,-0.138908,-0.000000,-0.672106,6.550019
714,7140.000,2019-03-20,10.000,1,3,0.12,INJ,1,0.000000,0.000000,0.810465,689.475729
714,7140.000,2019-03-20,10.000,1,3,0.12,PROD,1,-0.138577,-0.000000,-0.675019,6.550019
715,7150.000,2019-03-30,10.000,1,3,0.12,INJ,1,0.000000,0.000000,0.813169,689.475729
715,7150.000,2019-03-30,10.000,1,3,0.12,PROD,1,-0.138231,-0.000000,-0.677905,6.550019
716,7160.000,2019-04-09,10.000,1,3,0.11,INJ,1,0.000000,0.000000,0.815841,689.475729
716,7160.000,2019-04-09,10.000,1,3,0.11,PROD,1,-0.137887,-0.000000,-0.680734,6.550019
717,7170.000,2019-04-19,10.000,1,3,0.11,INJ,1,0.000000,0.000000,0.818470,689.475729
717,7170.000,2019-04-19,10.000,1,3,0.11,PROD,1,-0.137553,-0.000000,-0.683504,6.550019
718,7180.000,2019-04-29,10.000,1,3,0.11,INJ,1,0.000000,0.000000,0.821051,689.475729
718,7180.000,2019-04-29,10.000,1,3,0.11,PROD,1,-0.137224,-0.000000,-0.686213,6.550019
719,7190.000,2019-05-09,10.000,1,3,0.11,INJ,1,0.000000,0.000000,0.823576,689.475729
719,7190.000,2019-05-09,10.000,1,3,0.11,PROD,1,-0.136898,-0.000000,-0.688868,6.550019
720,7200.000,2019-05-19,10.000,1,3,0.12,INJ,1,0.000000,0.000000,0.826053,689.475729
720,7200.000,2019-05-19,10.000,1,3,0.12,PROD,1,-0.136575,-0.000000,-0.691465,6.550019
721,7210.000,2019-05-29,10.000,1,3,0.12,INJ,1,0.000000,0.000000,0.828501,689.475729
721,7210.000,2019-05-29,10.000,1,3,0.12,PROD,1,-0.136247,-0.000000,-0.694006,6.550019
722,7220.000,2019-06-08,10.000,1,3,0.12,INJ,1,0.000000,0.000000,0.830897,689.475729
722,7220.000,2019-06-08,10.000,1,3,0.12,PROD,1,-0.135919,-0.000000,-0.696469,6.550019
723,7230.000,2019-06-18,10.000,1,3,0.11,INJ,1,0.000000,0.000000,0.833238,689.475729
723,7230.000,2019-06-18,10.000,1,3,0.11,PROD,1,-0.135598,-0.000000,-0.698860,6.550019
724,7240.000,2019-06-28,10.000,1,3,0.12,INJ,1,0.000000,0.000000,0.835546,689.475729
724,7240.000,2019-06-28,10.000,1,3,0.12,PROD,1,-0.135292,-0.000000,-0.701185,6.550019
725,7250.000,2019-07-08,10.000,1,3,0.12,INJ,1,0.000000,0.000000,0.837793,689.475729
725,7250.000,2019-07-08,10.000,1,3,0.12,PROD,1,-0.135007,-0.000000,-0.703450,6.550019
726,7260.000,2019-07-18,10.000,1,3,0.12,INJ,1,0.000000,0.000000,0.839988,689.475729
726,7260.000,2019-07-18,10.000,1,3,0.12,PROD,1,-0.134744,-0.000000,-0.705644,6.550019
727,7270.000,2019-07-28,10.000,1,4,0.14,INJ,1,0.000000,0.000000,0.842135,689.475729
727,7270.000,2019-07-28,10.000,1,4,0.14,PROD,1,-0.134504,-0.000000,-0.707776,6.550019
728,7280.000,2019-08-07,10.000,1,4,0.15,INJ,1,0.000000,0.000000,0.844247,689.475729
728,7280.000,2019-08-07,10.000,1,4,0.15,PROD,1,-0.134286,-0.000000,-0.709861,6.550019
729,7290.000,2019-08-17,10.000,1,4,0.13,INJ,1,0.000000,0.000000,0.846322,689.475729
729,7290.000,2019-08-17,10.000,1,4,0.13,PROD,1,-0.134089,-0.000000,-0.711904,6.550019
730,7300.000,2019-08-27,10.000,1,4,0.15,INJ,1,0.000000,0.000000,0.848353,689.475729
730,7300.000,2019-08-27,10.000,1,4,0.15,PROD,1,-0.133910,-0.000000,-0.713915,6.550019
731,7310.000,2019-09-06,10.000,1,4,0.14,INJ,1,0.000000,0.000000,0.850341,689.475729
731,7310.000,2019-09-06,10.000,1,4,0.14,PROD,1,-0.133747,-0.000000,-0.715890,6.550019
732,7320.000,2019-09-16,10.000,1,4,0.15,INJ,1,0.000000,0.000000,0.852295,689.475729
732,7320.000,2019-09-16,10.000,1,4,0.15,PROD,1,-0.133603,-0.000000,-0.717831,6.550019
733,7330.000,2019-09-26,10.000,1,4,0.15,INJ,1,0.000000,0.000000,0.854243,689.475729
733,7330.000,2019-09-26,10.000,1,4,0.15,PROD,1,-0.133473,-0.000000,-0.719740,6.550019
734,7340.000,2019-10-06,10.000,1,4,0.15,INJ,1,0.000000,0.000000,0.856183,689.475729
734,7340.000,2019-10-06,10.000,1,4,0.15,PROD,1,-0.133357,-0.000000,-0.721624,6.550019
735,7350.000,2019-10-16,10.000,1,4,0.15,INJ,1,0.000000,0.000000,0.858077,689.475729
735,7350.000,2019-10-16,10.000,1,4,0.15,PROD,1,-0.133253,-0.000000,-0.723488,6.550019
736,7360.000,2019-10-26,10.000,1,4,0.16,INJ,1,0.000000,0.000000,0.859944,689.475729
736,7360.000,2019-10-26,10.000,1,4,0.16,PROD,1,-0.133162,-0.000000,-0.725335,6.550019
737,7370.000,2019-11-05,10.000,1,4,0.14,INJ,1,0.000000,0.000000,0.861782,689.475729
737,7370.000,2019-11-05,10.000,1,4,0.14,PROD,1,-0.133084,-0.000000,-0.727164,6.550019
738,7380.000,2019-11-15,10.000,1,4,0.15,INJ,1,0.000000,0.000000,0.863596,689.475729
738,7380.000,2019-11-15,10.000,1,4,0.15,PROD,1,-0.133017,-0.000000,-0.728978,6.550019
739,7390.000,2019-11-25,10.000,1,4,0.17,INJ,1,0.000000,0.000000,0.865409,689.475729
739,7390.000,2019-11-25,10.000,1,4,0.17,PROD,1,-0.132949,-0.000000,-0.730834,6.550019
740,7400.000,2019-12-05,10.000,1,4,0.14,INJ,1,0.000000,0.000000,0.867238,689.475729
740,7400.000,2019-12-05,10.000,1,4,0.14,PROD,1,-0.132880,-0.000000,-0.732685,6.550019
741,7410.000,2019-12-15,10.000,1,4,0.15,INJ,1,0.000000,0.000000,0.869071,689.475729
741,7410.000,2019-12-15,10.000,1,4,0.15,PROD,1,-0.132826,-0.000000,-0.734527,6.550019
742,7420.000,2019-12-25,10.000,1,4,0.16,INJ,1,0.000000,0.000000,0.870889,689.475729
742,7420.000,2019-12-25,10.000,1,4,0.16,PROD,1,-0.132790,-0.000000,-0.736360,6.550019
743,7430.000,2020-01-04,10.000,1,4,0.15,INJ,1,0.000000,0.000000,0.872721,689.475729
743,7430.000,2020-01-04,10.000,1,4,0.15,PROD,1,-0.132769,-0.000000,-0.738192,6.550019
744,7440.000,2020-01-14,10.000,1,4,0.15,INJ,1,0.000000,0.000000,0.874564,689.475729
744,7440.000,2020-01-14,10.000,1,4,0.15,PROD,1,-0.132760,-0.000000,-0.740032,6.550019
745,7450.000,2020-01-24,10.000,1,4,0.16,INJ,1,0.000000,0.000000,0.876421,689.475729
745,7450.000,2020-01-24,10.000,1,4,0.16,PROD,1,-0.132762,-0.000000,-0.741885,6.550019
746,7460.000,2020-02-03,10.000,1,4,0.16,INJ,1,0.000000,0.000000,0.878300,689.475729
746,7460.000,2020-02-03,10.000,1,4,0.16,PROD,1,-0.132776,-0.000000,-0.743807,6.550019
747,7470.000,2020-02-13,10.000,1,4,0.15,INJ,1,0.000000,0.000000,0.880205,689.475729
747,7470.000,2020-02-13,10.000,1,4,0.15,PROD,1,-0.132761,-0.000000,-0.745791,6.550019
748,7480.000,2020-02-23,10.000,1,4,0.15,INJ,1,0.000000,0.000000,0.882144,689.475729
748,7480.000,2020-02-23,10.000,1,4,0.15,PROD,1,-0.132708,-0.000000,-0.747846,6.550019
749,7490.000,2020-03-04,10.000,1,4,0.16,INJ,1,0.000000,0.000000,0.884104,689.475729
749,7490.000,2020-03-04,10.000,1,4,0.16,PROD,1,-0.132648,-0.000000,-0.749909,6.550019
750,7500.000,2020-03-14,10.000,1,4,0.16,INJ,1,0.000000,0.000000,0.886081,689.475729
750,7500.000,2020-03-14,10.000,1,4,0.16,PROD,1,-0.132603,-0.000000,-0.751965,6.550019
751,7510.000,2020-03-24,10.000,1,4,0.15,INJ,1,0.000000,0.000000,0.888091,689.475729
751,7510.000,2020-03-24,10.000,1,4,0.15,PROD,1,-0.132573,-0.000000,-0.754041,6.550019
752,7520.000,2020-04-03,10.000,1,4,0.16,INJ,1,0.000000,0.000000,0.890120,689.475729
752,7520.000,2020-04-03,10.000,1,4,0.16,PROD,1,-0.132553,-0.000000,-0.756133,6.550019
753,7530.000,2020-04-13,10.000,1,4,0.14,INJ,1,0.000000,0.000000,0.892164,689.475729
753,7530.000,2020-04-13,10.000,1,4,0.14,PROD,1,-0.132540,-0.000000,-0.758238,6.550019
754,7540.000,2020-04-23,10.000,1,4,0.14,INJ,1,0.000000,0.000000,0.894229,689.475729
754,7540.000,2020-04-23,10.000,1,4,0.14,PROD,1,-0.132531,-0.000000,-0.760351,6.550019
755,7550.000,2020-05-03,10.000,1,4,0.14,INJ,1,0.000000,0.000000,0.896331,689.475729
755,7550.000,2020-05-03,10.000,1,4,0.14,PROD,1,-0.132524,-0.000000,-0.762479,6.550019
756,7560.000,2020-05-13,10.000,1,4,0.16,INJ,1,0.000000,0.000000,0.898459,689.475729
756,7560.000,2020-05-13,10.000,1,4,0.16,PROD,1,-0.132517,-0.000000,-0.764630,6.550019
757,7570.000,2020-05-23,10.000,1,4,0.17,INJ,1,0.000000,0.000000,0.900594,689.475729
757,7570.000,2020-05-23,10.000,1,4,0.17,PROD,1,-0.132513,-0.000000,-0.766814,6.550019
758,7580.000,2020-06-02,10.000,1,4,0.15,INJ,1,0.000000,0.000000,0.902742,689.475729
758,7580.000,2020-06-02,10.000,1,4,0.15,PROD,1,-0.132503,-0.000000,-0.769031,6.550019
759,7590.000,2020-06-12,10.000,1,4,0.15,INJ,1,0.000000,0.000000,0.904908,689.475729
759,7590.000,2020-06-12,10.000,1,4,0.15,PROD,1,-0.132486,-0.000000,-0.771277,6.550019
760,7600.000,2020-06-22,10.000,1,4,0.28,INJ,1,0.000000,0.000000,0.907106,689.475729
760,7600.000,2020-06-22,10.000,1,4,0.28,PROD,1,-0.132461,-0.000000,-0.773555,6.550019
761,7610.000,2020-07-02,10.000,1,4,0.15,INJ,1,0.000000,0.000000,0.909306,689.475729
761,7610.000,2020-07-02,10.000,1,4,0.15,PROD,1,-0.132428,-0.000000,-0.775862,6.550019
762,7620.000,2020-07-12,10.000,1,4,0.14,INJ,1,0.000000,0.000000,0.911509,689.475729
762,7620.000,2020-07-12,10.000,1,4,0.14,PROD,1,-0.132387,-0.000000,-0.778177,6.550019
763,7630.000,2020-07-22,10.000,1,4,0.13,INJ,1,0.000000,0.000000,0.913717,689.475729
763,7630.000,2020-07-22,10.000,1,4,0.13,PROD,1,-0.132341,-0.000000,-0.780502,6.550019
764,7640.000,2020-08-01,10.000,1,4,0.14,INJ,1,0.000000,0.000000,0.915940,689.475729
764,7640.000,2020-08-01,10.000,1,4,0.14,PROD,1,-0.132291,-0.000000,-0.782841,6.550019
765,7650.000,2020-08-11,10.000,1,4,0.15,INJ,1,0.000000,0.000000,0.918183,689.475729
765,7650.000,2020-08-11,10.000,1,4,0.15,PROD,1,-0.132235,-0.000000,-0.785199,6.550019
766,7660.000,2020-08-21,10.000,1,4,0.15,INJ,1,0.000000,0.000000,0.920445,689.475729
766,7660.000,2020-08-21,10.000,1,4,0.15,PROD,1,-0.132175,-0.000000,-0.787570,6.550019
767,7670.000,2020-08-31,10.000,1,4,0.15,INJ,1,0.000000,0.000000,0.922712,689.475729
767,7670.000,2020-08-31,10.000,1,4,0.15,PROD,1,-0.132113,-0.000000,-0.789954,6.550019
768,7680.000,2020-09-10,10.000,1,4,0.15,INJ,1,0.000000,0.000000,0.924979,689.475729
768,7680.000,2020-09-10,10.000,1,4,0.15,PROD,1,-0.132052,-0.000000,-0.792357,6.550019
769,7690.000,2020-09-20,10.000,1,4,0.15,INJ,1,0.000000,0.000000,0.927249,689.475729
769,7690.000,2020-09-20,10.000,1,4,0.15,PROD,1,-0.131990,-0.000000,-0.794762,6.550019
770,7700.000,2020-09-30,10.000,1,4,0.15,INJ,1,0.000000,0.000000,0.929522,689.475729
770,7700.000,2020-09-30,10.000,1,4,0.15,PROD,1,-0.131931,-0.000000,-0.797167,6.550019
771,7710.000,2020-10-10,10.000,1,4,0.15,INJ,1,0.000000,0.000000,0.931803,689.475729
771,7710.000,2020-10-10,10.000,1,4,0.15,PROD,1,-0.131874,-0.000000,-0.799573,6.550019
772,7720.000,2020-10-20,10.000,1,4,0.16,INJ,1,0.000000,0.000000,0.934095,689.475729
772,7720.000,2020-10-20,10.000,1,4,0.16,PROD,1,-0.131821,-0.000000,-0.801984,6.550019
773,7730.000,2020-10-30,10.000,1,4,0.14,INJ,1,0.000000,0.000000,0.936401,689.475729
773,7730.000,2020-10-30,10.000,1,4,0.14,PROD,1,-0.131770,-0.000000,-0.804403,6.550019
774,7740.000,2020-11-09,10.000,1,4,0.20,INJ,1,0.000000,0.000000,0.938700,689.475729
774,7740.000,2020-11-09,10.000,1,4,0.20,PROD,1,-0.131723,-0.000000,-0.806827,6.550019
775,7750.000,2020-11-19,10.000,1,4,0.16,INJ,1,0.000000,0.000000,0.941014,689.475729
775,7750.000,2020-11-19,10.000,1,4,0.16,PROD,1,-0.131682,-0.000000,-0.809262,6.550019
776,7760.000,2020-11-29,10.000,1,4,0.16,INJ,1,0.000000,0.000000,0.943353,689.475729
776,7760.000,2020-11-29,10.000,1,4,0.16,PROD,1,-0.131644,-0.000000,-0.811707,6.550019
777,7770.000,2020-12-09,10.000,1,4,0.16,INJ,1,0.000000,0.000000,0.945713,689.475729
777,7770.000,2020-12-09,10.000,1,4,0.16,PROD,1,-0.131612,-0.000000,-0.814162,6.550019
778,7780.000,2020-12-19,10.000,1,4,0.15,INJ,1,0.000000,0.000000,0.948092,689.475729
778,7780.000,2020-12-19,10.000,1,4,0.15,PROD,1,-0.131585,-0.000000,-0.816635,6.550019
779,7790.000,2020-12-29,10.000,1,4,0.15,INJ,1,0.000000,0.000000,0.950516,689.475729
779,7790.000,2020-12-29,10.000,1,4,0.15,PROD,1,-0.131565,-0.000000,-0.819128,6.550019
780,7800.000,2021-01-08,10.000,1,3,0.11,INJ,1,0.000000,0.000000,0.952991,689.475729
780,7800.000,2021-01-08,10.000,1,3,0.11,PROD,1,-0.131553,-0.000000,-0.821654,6.550019
781,7810.000,2021-01-18,10.000,1,3,0.11,INJ,1,0.000000,0.000000,0.955482,689.475729
781,7810.000,2021-01-18,10.000,1,3,0.11,PROD,1,-0.131548,-0.000000,-0.824192,6.550019
782,7820.000,2021-01-28,10.000,1,3,0.12,INJ,1,0.000000,0.000000,0.957980,689.475729
782,7820.000,2021-01-28,10.000,1,3,0.12,PROD,1,-0.131546,-0.000000,-0.826739,6.550019
783,7830.000,2021-02-07,10.000,1,3,0.12,INJ,1,0.000000,0.000000,0.960483,689.475729
783,7830.000,2021-02-07,10.000,1,3,0.12,PROD,1,-0.131551,-0.000000,-0.829309,6.550019
784,7840.000,2021-02-17,10.000,1,3,0.11,INJ,1,0.000000,0.000000,0.962992,689.475729
784,7840.000,2021-02-17,10.000,1,3,0.11,PROD,1,-0.131563,-0.000000,-0.831901,6.550019
785,7850.000,2021-02-27,10.000,1,3,0.11,INJ,1,0.000000,0.000000,0.965514,689.475729
785,7850.000,2021-02-27,10.000,1,3,0.11,PROD,1,-0.131578,-0.000000,-0.834506,6.550019
786,7860.000,2021-03-09,10.000,1,3,0.10,INJ,1,0.000000,0.000000,0.968050,689.475729
786,7860.000,2021-03-09,10.000,1,3,0.10,PROD,1,-0.131601,-0.000000,-0.837148,6.550019
787,7870.000,2021-03-19,10.000,1,3,0.12,INJ,1,0.000000,0.000000,0.970598,689.475729
787,7870.000,2021-03-19,10.000,1,3,0.12,PROD,1,-0.131628,-0.000000,-0.839806,6.550019
788,7880.000,2021-03-29,10.000,1,3,0.11,INJ,1,0.000000,0.000000,0.973159,689.475729
788,7880.000,2021-03-29,10.000,1,3,0.11,PROD,1,-0.131658,-0.000000,-0.842486,6.550019
789,7890.000,2021-04-08,10.000,1,3,0.11,INJ,1,0.000000,0.000000,0.975738,689.475729
789,7890.000,2021-04-08,10.000,1,3,0.11,PROD,1,-0.131693,-0.000000,-0.845195,6.550019
790,7900.000,2021-04-18,10.000,1,3,0.11,INJ,1,0.000000,0.000000,0.978337,689.475729
790,7900.000,2021-04-18,10.000,1,3,0.11,PROD,1,-0.131721,-0.000000,-0.847916,6.550019
791,7910.000,2021-04-28,10.000,1,3,0.12,INJ,1,0.000000,0.000000,0.980955,689.475729
791,7910.000,2021-04-28,10.000,1,3,0.12,PROD,1,-0.131750,-0.000000,-0.850646,6.550019
792,7920.000,2021-05-08,10.000,1,3,0.13,INJ,1,0.000000,0.000000,0.983580,689.475729
792,7920.000,2021-05-08,10.000,1,3,0.13,PROD,1,-0.131780,-0.000000,-0.853384,6.550019
793,7930.000,2021-05-18,10.000,1,3,0.12,INJ,1,0.000000,0.000000,0.986225,689.475729
793,7930.000,2021-05-18,10.000,1,3,0.12,PROD,1,-0.131813,-0.000000,-0.856143,6.550019
794,7940.000,2021-05-28,10.000,1,3,0.12,INJ,1,0.000000,0.000000,0.988887,689.475729
794,7940.000,2021-05-28,10.000,1,3,0.12,PROD,1,-0.131848,-0.000000,-0.858913,6.550019
795,7950.000,2021-06-07,10.000,1,3,0.10,INJ,1,0.000000,0.000000,0.991559,689.475729
795,7950.000,2021-06-07,10.000,1,3,0.10,PROD,1,-0.131884,-0.000000,-0.861697,6.550019
796,7960.000,2021-06-17,10.000,1,3,0.11,INJ,1,0.000000,0.000000,0.994244,689.475729
796,7960.000,2021-06-17,10.000,1,3,0.11,PROD,1,-0.131921,-0.000000,-0.864494,6.550019
797,7970.000,2021-06-27,10.000,1,3,0.12,INJ,1,0.000000,0.000000,0.996958,689.475729
797,7970.000,2021-06-27,10.000,1,3,0.12,PROD,1,-0.131957,-0.000000,-0.867303,6.550019
798,7980.000,2021-07-07,10.000,1,3,0.10,INJ,1,0.000000,0.000000,0.999679,689.475729
798,7980.000,2021-07-07,10.000,1,3,0.10,PROD,1,-0.131991,-0.000000,-0.870122,6.550019
799,7990.000,2021-07-17,10.000,1,3,0.12,INJ,1,0.000000,0.000000,1.002412,689.475729
799,7990.000,2021-07-17,10.000,1,3,0.12,PROD,1,-0.132024,-0.000000,-0.872959,6.550019
800,8000.000,2021-07-27,10.000,1,3,0.11,INJ,1,0.000000,0.000000,1.005174,689.475729
800,8000.000,2021-07-27,10.000,1,3,0.11,PROD,1,-0.132057,-0.000000,-0.875833,6.550019
