step,time_days,date,dt_days,converged,nonlinear_iters,wall_s,well,status,qO_sm3d,qW_sm3d,qG_sm3d,bhp_bar
1,30.000,1999-10-01,30.000,1,22,43.09,3-4-216,1,-42.266327,-0.044673,-0.000000,259.085754
2,61.000,1999-11-01,31.000,1,8,15.52,3-4-216,1,-79.377468,-0.144532,-0.000000,252.796480
3,91.000,1999-12-01,30.000,1,4,7.88,3-4-216,1,-78.376844,-0.133156,-0.000000,252.816760
4,119.000,1999-12-29,28.000,1,3,6.26,3-4-216,1,-80.413344,-0.142656,-0.000000,252.374469
5,122.000,2000-01-01,3.000,1,2,4.34,3-4-216,1,-80.413117,-0.142883,-0.000000,252.361596
5,122.000,2000-01-01,3.000,1,2,4.34,T142-2,1,-0.000731,0.000731,-0.000000,267.149159
6,153.000,2000-02-01,31.000,1,6,13.65,3-4-216,1,-81.346658,-0.171342,-0.000000,251.993746
6,153.000,2000-02-01,31.000,1,6,13.65,T142-2,1,-25.344334,-4.262666,-0.000000,264.954230
7,177.000,2000-02-25,24.000,1,4,9.66,3-4-216,1,-106.624937,-0.362063,-0.000000,247.576882
7,177.000,2000-02-25,24.000,1,4,9.66,T142-1,1,-5.199375,-0.003625,-0.000000,257.358433
7,177.000,2000-02-25,24.000,1,4,9.66,T142-2,1,-29.225964,-7.962036,-0.000000,264.188945
7,177.000,2000-02-25,24.000,1,4,9.66,T142X9,1,-21.264023,-0.017977,-0.000000,260.020904
8,182.000,2000-03-01,5.000,1,2,4.44,3-4-216,1,-106.610795,-0.376205,-0.000000,247.502432
8,182.000,2000-03-01,5.000,1,2,4.44,T142-1,1,-5.199252,-0.003748,-0.000000,257.321300
8,182.000,2000-03-01,5.000,1,2,4.44,T142-2,1,-28.637069,-8.550931,-0.000000,264.149761
8,182.000,2000-03-01,5.000,1,2,4.44,T142X4,1,0.000013,-0.000013,-0.000000,262.795352
8,182.000,2000-03-01,5.000,1,2,4.44,T142X9,1,-21.263219,-0.018781,-0.000000,259.961365
9,205.000,2000-03-24,23.000,1,5,9.55,3-4-216,1,-136.097693,-0.883307,-0.000000,242.085379
9,205.000,2000-03-24,23.000,1,5,9.55,T142-1,1,-31.990263,-15.018737,-0.000000,231.607536
9,205.000,2000-03-24,23.000,1,5,9.55,T142-2,1,-25.198400,-11.194600,-0.000000,263.821154
9,205.000,2000-03-24,23.000,1,5,9.55,T142X4,1,0.000000,-0.000000,-0.000000,262.069440
9,205.000,2000-03-24,23.000,1,5,9.55,T142X9,1,-80.849334,-0.312666,-0.000000,254.793031
10,210.000,2000-03-29,5.000,1,2,4.37,3-4-216,1,-136.024455,-0.956545,-0.000000,241.951998
10,210.000,2000-03-29,5.000,1,2,4.37,T142-1,1,-29.481060,-17.527940,-0.000000,232.048891
10,210.000,2000-03-29,5.000,1,2,4.37,T142-2,1,-24.576948,-11.816052,-0.000000,263.754613
10,210.000,2000-03-29,5.000,1,2,4.37,T142-8,1,0.000000,-0.000000,-0.000000,272.335699
10,210.000,2000-03-29,5.000,1,2,4.37,T142X4,1,0.000059,-0.000059,-0.000000,261.939570
10,210.000,2000-03-29,5.000,1,2,4.37,T142X9,1,-80.806962,-0.355038,-0.000000,254.672093
11,213.000,2000-04-01,3.000,1,2,4.53,3-4-216,1,-135.977143,-1.003857,-0.000000,241.887353
11,213.000,2000-04-01,3.000,1,2,4.53,T142-1,1,-28.389673,-18.619327,-0.000000,232.230614
11,213.000,2000-04-01,3.000,1,2,4.53,T142-2,1,-24.220339,-12.172661,-0.000000,263.718635
11,213.000,2000-04-01,3.000,1,2,4.53,T142-8,1,0.000000,-0.000000,-0.000000,272.305823
11,213.000,2000-04-01,3.000,1,2,4.53,T142X4,1,0.000047,-0.000047,-0.000000,261.871335
11,213.000,2000-04-01,3.000,1,2,4.53,T142X6,1,0.000000,-0.000000,-0.000000,261.819129
11,213.000,2000-04-01,3.000,1,2,4.53,T142X9,1,-80.780906,-0.381094,-0.000000,254.612497
12,238.000,2000-04-26,25.000,1,6,11.64,3-4-216,1,-143.223805,-2.043195,-0.000000,239.973266
12,238.000,2000-04-26,25.000,1,6,11.64,T142-1,1,-24.233222,-21.033778,-0.000000,233.241398
12,238.000,2000-04-26,25.000,1,6,11.64,T142-2,1,-17.520034,-11.503966,-0.000000,263.861200
12,238.000,2000-04-26,25.000,1,6,11.64,T142-3,1,-0.000000,0.000000,-0.000000,270.626255
12,238.000,2000-04-26,25.000,1,6,11.64,T142-8,1,-23.793310,-21.733690,-0.000000,264.233584
12,238.000,2000-04-26,25.000,1,6,11.64,T142X4,1,-0.000000,0.000000,-0.000000,261.380324
12,238.000,2000-04-26,25.000,1,6,11.64,T142X6,1,-50.352929,-0.117071,-0.000000,242.459564
12,238.000,2000-04-26,25.000,1,6,11.64,T142X9,1,-71.155665,-0.520335,-0.000000,254.815476
13,243.000,2000-05-01,5.000,1,2,4.31,3-4-216,1,-143.009128,-2.257872,-0.000000,239.851057
13,243.000,2000-05-01,5.000,1,2,4.31,T142-1,1,-23.790117,-21.476883,-0.000000,233.176512
13,243.000,2000-05-01,5.000,1,2,4.31,T142-12,1,0.000000,-0.000000,-0.000000,258.839694
13,243.000,2000-05-01,5.000,1,2,4.31,T142-2,1,-17.166690,-11.857310,-0.000000,263.789486
13,243.000,2000-05-01,5.000,1,2,4.31,T142-3,1,0.000000,-0.000000,-0.000000,270.556538
13,243.000,2000-05-01,5.000,1,2,4.31,T142-8,1,-21.829318,-23.697682,-0.000000,264.211413
13,243.000,2000-05-01,5.000,1,2,4.31,T142X4,1,0.000118,-0.000118,-0.000000,261.288004
13,243.000,2000-05-01,5.000,1,2,4.31,T142X6,1,-50.353160,-0.116840,-0.000000,242.356111
13,243.000,2000-05-01,5.000,1,2,4.31,T142X9,1,-71.106109,-0.569891,-0.000000,254.722434
14,274.000,2000-06-01,31.000,1,3,6.46,3-4-216,1,-135.280103,-4.373897,-0.000000,240.004159
14,274.000,2000-06-01,31.000,1,3,6.46,T142-1,1,-19.889269,-20.103731,-0.000000,235.792215
14,274.000,2000-06-01,31.000,1,3,6.46,T142-12,1,-43.140832,-0.069168,-0.000000,254.626177
14,274.000,2000-06-01,31.000,1,3,6.46,T142-2,1,-12.354349,-10.457651,-0.000000,263.821496
14,274.000,2000-06-01,31.000,1,3,6.46,T142-3,1,-14.188461,-0.025539,-0.000000,266.935906
14,274.000,2000-06-01,31.000,1,3,6.46,T142-8,1,-13.453382,-22.297618,-0.000000,265.829758
14,274.000,2000-06-01,31.000,1,3,6.46,T142X4,1,-0.000002,0.000002,-0.000000,260.861122
14,274.000,2000-06-01,31.000,1,3,6.46,T142X6,1,-44.502362,-0.124638,-0.000000,243.952502
14,274.000,2000-06-01,31.000,1,3,6.46,T142X9,1,-64.646601,-0.760399,-0.000000,254.740205
15,304.000,2000-07-01,30.000,1,4,8.64,3-4-216,1,-126.252868,-6.933132,-0.000000,240.258697
15,304.000,2000-07-01,30.000,1,4,8.64,T142-1,1,-17.912036,-18.809964,-0.000000,237.269447
15,304.000,2000-07-01,30.000,1,4,8.64,T142-10,1,-22.360665,-0.027335,-0.000000,253.551488
15,304.000,2000-07-01,30.000,1,4,8.64,T142-12,1,-41.792635,-0.085365,-0.000000,254.023762
15,304.000,2000-07-01,30.000,1,4,8.64,T142-2,1,-11.213723,-10.959277,-0.000000,263.455509
15,304.000,2000-07-01,30.000,1,4,8.64,T142-3,1,-33.831852,-0.087148,-0.000000,262.036533
15,304.000,2000-07-01,30.000,1,4,8.64,T142-5,1,-40.866532,-0.087468,-0.000000,256.367529
15,304.000,2000-07-01,30.000,1,4,8.64,T142-8,1,-9.137719,-17.565281,-0.000000,266.901609
15,304.000,2000-07-01,30.000,1,4,8.64,T142X4,1,0.000000,-0.000000,-0.000000,260.470411
15,304.000,2000-07-01,30.000,1,4,8.64,T142X6,1,-38.690144,-0.130856,-0.000000,245.587082
15,304.000,2000-07-01,30.000,1,4,8.64,T142X9,1,-59.211594,-0.862406,-0.000000,254.708137
16,332.000,2000-07-29,28.000,1,4,34.36,3-4-216,1,-113.868220,-8.818780,-0.000000,241.315493
16,332.000,2000-07-29,28.000,1,4,34.36,T142-1,1,-18.359611,-19.851389,-0.000000,236.111119
16,332.000,2000-07-29,28.000,1,4,34.36,T142-10,1,-33.408195,-0.057805,-0.000000,251.940644
16,332.000,2000-07-29,28.000,1,4,34.36,T142-12,1,-42.528765,-0.102235,-0.000000,253.420205
16,332.000,2000-07-29,28.000,1,4,34.36,T142-2,1,-10.285571,-11.100429,-0.000000,263.124109
16,332.000,2000-07-29,28.000,1,4,34.36,T142-3,1,-34.041368,-0.102632,-0.000000,261.543026
16,332.000,2000-07-29,28.000,1,4,34.36,T142-5,1,-43.835647,-0.110353,-0.000000,255.581998
16,332.000,2000-07-29,28.000,1,4,34.36,T142-8,1,-7.022933,-14.114067,-0.000000,267.358772
16,332.000,2000-07-29,28.000,1,4,34.36,T142X4,1,-0.000000,0.000000,-0.000000,260.119620
16,332.000,2000-07-29,28.000,1,4,34.36,T142X6,1,-38.091193,-0.154807,-0.000000,245.333054
16,332.000,2000-07-29,28.000,1,4,34.36,T142X9,1,-57.890975,-0.958025,-0.000000,254.395685
17,333.000,2000-07-30,1.000,1,2,4.47,3-4-216,1,-113.774097,-8.912903,-0.000000,241.291586
17,333.000,2000-07-30,1.000,1,2,4.47,T142-1,1,-18.349949,-19.861051,-0.000000,236.099977
17,333.000,2000-07-30,1.000,1,2,4.47,T142-10,1,-33.407809,-0.058191,-0.000000,251.919109
17,333.000,2000-07-30,1.000,1,2,4.47,T142-12,1,-42.528244,-0.102756,-0.000000,253.401100
17,333.000,2000-07-30,1.000,1,2,4.47,T142-16,1,0.000000,-0.000000,-0.000000,265.722968
17,333.000,2000-07-30,1.000,1,2,4.47,T142-2,1,-10.261267,-11.124733,-0.000000,263.107400
17,333.000,2000-07-30,1.000,1,2,4.47,T142-3,1,-34.040829,-0.103171,-0.000000,261.527286
17,333.000,2000-07-30,1.000,1,2,4.47,T142-5,1,-43.835138,-0.110862,-0.000000,255.562518
17,333.000,2000-07-30,1.000,1,2,4.47,T142-8,1,-7.015809,-14.121191,-0.000000,267.345158
17,333.000,2000-07-30,1.000,1,2,4.47,T142X4,1,-0.000272,0.000272,-0.000000,260.111047
17,333.000,2000-07-30,1.000,1,2,4.47,T142X6,1,-38.090244,-0.155756,-0.000000,245.316359
17,333.000,2000-07-30,1.000,1,2,4.47,T142X9,1,-57.887229,-0.961771,-0.000000,254.380878
18,335.000,2000-08-01,2.000,1,2,4.42,3-4-216,1,-113.581153,-9.105847,-0.000000,241.241987
18,335.000,2000-08-01,2.000,1,2,4.42,T142-1,1,-18.331581,-19.879419,-0.000000,236.077426
18,335.000,2000-08-01,2.000,1,2,4.42,T142-10,1,-33.407116,-0.058884,-0.000000,251.879832
18,335.000,2000-08-01,2.000,1,2,4.42,T142-11,1,0.000000,-0.000000,-0.000000,255.380600
18,335.000,2000-08-01,2.000,1,2,4.42,T142-12,1,-42.527251,-0.103749,-0.000000,253.364413
18,335.000,2000-08-01,2.000,1,2,4.42,T142-16,1,0.000000,-0.000000,-0.000000,265.692596
18,335.000,2000-08-01,2.000,1,2,4.42,T142-2,1,-10.225665,-11.160335,-0.000000,263.079298
18,335.000,2000-08-01,2.000,1,2,4.42,T142-3,1,-34.039684,-0.104316,-0.000000,261.495968
18,335.000,2000-08-01,2.000,1,2,4.42,T142-5,1,-43.834176,-0.111824,-0.000000,255.525852
18,335.000,2000-08-01,2.000,1,2,4.42,T142-8,1,-7.002563,-14.134437,-0.000000,267.317388
18,335.000,2000-08-01,2.000,1,2,4.42,T142X4,1,-0.000502,0.000502,-0.000000,260.084815
18,335.000,2000-08-01,2.000,1,2,4.42,T142X6,1,-38.088350,-0.157650,-0.000000,245.283065
18,335.000,2000-08-01,2.000,1,2,4.42,T142X9,1,-57.879098,-0.969902,-0.000000,254.351164
19,366.000,2000-09-01,31.000,1,20,173.18,3-4-216,1,-103.971001,-10.696999,-0.000000,241.907229
19,366.000,2000-09-01,31.000,1,20,173.18,T142-1,1,-16.399633,-17.533367,-0.000000,238.005637
19,366.000,2000-09-01,31.000,1,20,173.18,T142-10,1,-27.567716,-0.056284,-0.000000,251.851795
19,366.000,2000-09-01,31.000,1,20,173.18,T142-11,1,-32.522000,-0.103000,-0.000000,247.535591
19,366.000,2000-09-01,31.000,1,20,173.18,T142-12,1,-37.818198,-0.106802,-0.000000,253.113003
19,366.000,2000-09-01,31.000,1,20,173.18,T142-16,1,-29.642649,-0.267351,-0.000000,262.963185
19,366.000,2000-09-01,31.000,1,20,173.18,T142-2,1,-7.342778,-8.447222,-0.000000,262.980458
19,366.000,2000-09-01,31.000,1,20,173.18,T142-3,1,-26.533701,-0.092299,-0.000000,262.705171
19,366.000,2000-09-01,31.000,1,20,173.18,T142-5,1,-35.580779,-0.099221,-0.000000,255.669096
19,366.000,2000-09-01,31.000,1,20,173.18,T142-8,1,-5.654146,-11.312854,-0.000000,267.475622
19,366.000,2000-09-01,31.000,1,20,173.18,T142X4,1,-0.000962,0.000962,-0.000000,259.791189
19,366.000,2000-09-01,31.000,1,20,173.18,T142X6,1,-34.300318,-0.167682,-0.000000,246.123651
19,366.000,2000-09-01,31.000,1,20,173.18,T142X9,1,-52.715803,-0.964197,-0.000000,254.280754
20,396.000,2000-10-01,30.000,1,5,13.62,3-4-216,1,-89.021124,-10.683876,-0.000000,243.852918
20,396.000,2000-10-01,30.000,1,5,13.62,T142-1,1,-15.805256,-16.496744,-0.000000,238.400385
20,396.000,2000-10-01,30.000,1,5,13.62,T142-10,1,-26.194936,-0.063064,-0.000000,251.396668
20,396.000,2000-10-01,30.000,1,5,13.62,T142-11,1,-28.768726,-0.101274,-0.000000,247.668065
20,396.000,2000-10-01,30.000,1,5,13.62,T142-12,1,-47.355363,-0.158637,-0.000000,251.698092
20,396.000,2000-10-01,30.000,1,5,13.62,T142-13,1,-14.771305,-0.045695,-0.000000,250.268144
20,396.000,2000-10-01,30.000,1,5,13.62,T142-15,1,-19.725255,-0.069745,-0.000000,260.458827
20,396.000,2000-10-01,30.000,1,5,13.62,T142-16,1,-28.352991,-0.708009,-0.000000,262.521121
20,396.000,2000-10-01,30.000,1,5,13.62,T142-2,1,-6.443803,-7.626197,-0.000000,262.620249
20,396.000,2000-10-01,30.000,1,5,13.62,T142-3,1,-23.513471,-0.096529,-0.000000,262.887489
20,396.000,2000-10-01,30.000,1,5,13.62,T142-5,1,-33.007040,-0.104960,-0.000000,255.296462
20,396.000,2000-10-01,30.000,1,5,13.62,T142-8,1,-5.134014,-9.929986,-0.000000,267.275352
20,396.000,2000-10-01,30.000,1,5,13.62,T142X4,1,-0.000031,0.000031,-0.000000,259.221852
20,396.000,2000-10-01,30.000,1,5,13.62,T142X6,1,-32.301364,-0.184636,-0.000000,246.209094
20,396.000,2000-10-01,30.000,1,5,13.62,T142X7,1,-15.857394,-0.055606,-0.000000,251.607558
20,396.000,2000-10-01,30.000,1,5,13.62,T142X9,1,-52.209009,-1.050991,-0.000000,253.722733
21,420.000,2000-10-25,24.000,1,4,15.25,3-4-216,1,-79.432061,-10.498939,-0.000000,245.011349
21,420.000,2000-10-25,24.000,1,4,15.25,T142-1,1,-21.182861,-23.551139,-0.000000,231.117786
21,420.000,2000-10-25,24.000,1,4,15.25,T142-10,1,-26.425363,-0.073637,-0.000000,250.812886
21,420.000,2000-10-25,24.000,1,4,15.25,T142-11,1,-33.921271,-0.140729,-0.000000,245.880533
21,420.000,2000-10-25,24.000,1,4,15.25,T142-12,1,-53.901860,-0.206140,-0.000000,250.551678
21,420.000,2000-10-25,24.000,1,4,15.25,T142-13,1,-28.656122,-0.108878,-0.000000,247.311499
21,420.000,2000-10-25,24.000,1,4,15.25,T142-15,1,-32.329916,-0.132084,-0.000000,258.832568
21,420.000,2000-10-25,24.000,1,4,15.25,T142-16,1,-24.255915,-0.980085,-0.000000,262.355322
21,420.000,2000-10-25,24.000,1,4,15.25,T142-2,1,-7.183022,-8.749978,-0.000000,262.064887
21,420.000,2000-10-25,24.000,1,4,15.25,T142-3,1,-32.332051,-0.174949,-0.000000,260.434989
21,420.000,2000-10-25,24.000,1,4,15.25,T142-5,1,-40.023528,-0.147472,-0.000000,254.196841
21,420.000,2000-10-25,24.000,1,4,15.25,T142-8,1,-6.308045,-12.119955,-0.000000,266.332117
21,420.000,2000-10-25,24.000,1,4,15.25,T142X4,1,-0.000000,0.000000,-0.000000,258.744745
21,420.000,2000-10-25,24.000,1,4,15.25,T142X6,1,-26.531707,-0.165293,-0.000000,247.788206
21,420.000,2000-10-25,24.000,1,4,15.25,T142X7,1,-24.735683,-0.108317,-0.000000,248.623241
21,420.000,2000-10-25,24.000,1,4,15.25,T142X9,1,-54.123232,-1.196768,-0.000000,253.037842
22,427.000,2000-11-01,7.000,1,2,4.68,3-4-216,1,-79.173455,-10.757545,-0.000000,244.853936
22,427.000,2000-11-01,7.000,1,2,4.68,T142-1,1,-20.983745,-23.750255,-0.000000,231.067900
22,427.000,2000-11-01,7.000,1,2,4.68,T142-10,1,-26.422745,-0.076255,-0.000000,250.659488
22,427.000,2000-11-01,7.000,1,2,4.68,T142-11,1,-33.917282,-0.144718,-0.000000,245.708920
22,427.000,2000-11-01,7.000,1,2,4.68,T142-12,1,-53.896708,-0.211292,-0.000000,250.391386
22,427.000,2000-11-01,7.000,1,2,4.68,T142-13,1,-28.654181,-0.110819,-0.000000,247.133287
22,427.000,2000-11-01,7.000,1,2,4.68,T142-15,1,-32.338155,-0.123845,-0.000000,259.390013
22,427.000,2000-11-01,7.000,1,2,4.68,T142-16,1,-24.155182,-1.080818,-0.000000,262.220481
22,427.000,2000-11-01,7.000,1,2,4.68,T142-2,1,-7.142411,-8.790589,-0.000000,261.935106
22,427.000,2000-11-01,7.000,1,2,4.68,T142-3,1,-32.321845,-0.185155,-0.000000,260.296381
22,427.000,2000-11-01,7.000,1,2,4.68,T142-5,1,-40.019425,-0.151575,-0.000000,254.050263
22,427.000,2000-11-01,7.000,1,2,4.68,T142-8,1,-6.313226,-12.114774,-0.000000,266.204123
22,427.000,2000-11-01,7.000,1,2,4.68,T142X4,1,-0.000029,0.000029,-0.000000,258.733408
22,427.000,2000-11-01,7.000,1,2,4.68,T142X6,1,-26.526685,-0.170315,-0.000000,247.631422
22,427.000,2000-11-01,7.000,1,2,4.68,T142X7,1,-24.730982,-0.113018,-0.000000,248.458529
22,427.000,2000-11-01,7.000,1,2,4.68,T142X9,1,-54.093357,-1.226643,-0.000000,252.888607
23,457.000,2000-12-01,30.000,1,4,49.19,3-4-216,1,-70.339841,-10.507159,-0.000000,245.723053
23,457.000,2000-12-01,30.000,1,4,49.19,T142-1,1,-22.427621,-27.296379,-0.000000,227.983596
23,457.000,2000-12-01,30.000,1,4,49.19,T142-10,1,-24.584572,-0.082428,-0.000000,250.069453
23,457.000,2000-12-01,30.000,1,4,49.19,T142-11,1,-32.535648,-0.157352,-0.000000,245.229841
23,457.000,2000-12-01,30.000,1,4,49.19,T142-12,1,-51.412026,-0.226974,-0.000000,249.783385
23,457.000,2000-12-01,30.000,1,4,49.19,T142-13,1,-27.543925,-0.117075,-0.000000,246.539004
23,457.000,2000-12-01,30.000,1,4,49.19,T142-15,1,-46.112329,-0.208671,-0.000000,257.703673
23,457.000,2000-12-01,30.000,1,4,49.19,T142-16,1,-21.522966,-1.350034,-0.000000,261.731661
23,457.000,2000-12-01,30.000,1,4,49.19,T142-2,1,-11.182629,-14.858371,-0.000000,260.660643
23,457.000,2000-12-01,30.000,1,4,49.19,T142-3,1,-39.267412,-0.327588,-0.000000,258.028638
23,457.000,2000-12-01,30.000,1,4,49.19,T142-5,1,-62.949303,-0.291697,-0.000000,251.463796
23,457.000,2000-12-01,30.000,1,4,49.19,T142-8,1,-7.771478,-15.506522,-0.000000,264.875391
23,457.000,2000-12-01,30.000,1,4,49.19,T142X23,1,-3.173462,-0.006538,-0.000000,256.301041
23,457.000,2000-12-01,30.000,1,4,49.19,T142X4,1,-0.000000,0.000000,-0.000000,258.012076
23,457.000,2000-12-01,30.000,1,4,49.19,T142X6,1,-54.331534,-0.475466,-0.000000,236.285030
23,457.000,2000-12-01,30.000,1,4,49.19,T142X7,1,-20.294415,-0.110585,-0.000000,248.907000
23,457.000,2000-12-01,30.000,1,4,49.19,T142X9,1,-54.087038,-1.382962,-0.000000,252.169324
24,462.000,2000-12-06,5.000,1,3,7.56,3-4-216,1,-62.096888,-9.405112,-0.000000,247.269467
24,462.000,2000-12-06,5.000,1,3,7.56,T142-1,1,-21.404472,-26.287528,-0.000000,229.059689
24,462.000,2000-12-06,5.000,1,3,7.56,T142-10,1,-23.158593,-0.078407,-0.000000,250.105101
24,462.000,2000-12-06,5.000,1,3,7.56,T142-11,1,-28.199673,-0.134327,-0.000000,246.090610
24,462.000,2000-12-06,5.000,1,3,7.56,T142-12,1,-47.873084,-0.210916,-0.000000,249.992021
24,462.000,2000-12-06,5.000,1,3,7.56,T142-13,1,-25.342236,-0.107764,-0.000000,246.773432
24,462.000,2000-12-06,5.000,1,3,7.56,T142-15,1,-60.589534,-0.290466,-0.000000,256.545839
24,462.000,2000-12-06,5.000,1,3,7.56,T142-16,1,-16.050163,-1.058837,-0.000000,262.083864
24,462.000,2000-12-06,5.000,1,3,7.56,T142-17,1,0.000000,-0.000000,-0.000000,262.815441
24,462.000,2000-12-06,5.000,1,3,7.56,T142-2,1,-10.317206,-13.849794,-0.000000,260.697082
24,462.000,2000-12-06,5.000,1,3,7.56,T142-3,1,-34.212087,-0.291913,-0.000000,259.060428
24,462.000,2000-12-06,5.000,1,3,7.56,T142-5,1,-58.895700,-0.273300,-0.000000,251.671198
24,462.000,2000-12-06,5.000,1,3,7.56,T142-8,1,-5.306545,-10.590455,-0.000000,265.882363
24,462.000,2000-12-06,5.000,1,3,7.56,T142X22,1,-20.149988,-0.124012,-0.000000,250.054272
24,462.000,2000-12-06,5.000,1,3,7.56,T142X23,1,-8.734036,-0.022964,-0.000000,252.735743
24,462.000,2000-12-06,5.000,1,3,7.56,T142X25,1,-3.799094,-0.066906,-0.000000,259.089970
24,462.000,2000-12-06,5.000,1,3,7.56,T142X4,1,0.000000,-0.000000,-0.000000,257.947100
24,462.000,2000-12-06,5.000,1,3,7.56,T142X6,1,-48.019333,-0.421667,-0.000000,238.574041
24,462.000,2000-12-06,5.000,1,3,7.56,T142X7,1,-19.352394,-0.109606,-0.000000,248.990395
24,462.000,2000-12-06,5.000,1,3,7.56,T142X9,1,-45.440331,-1.146669,-0.000000,252.764259
25,474.000,2000-12-18,12.000,1,2,5.30,3-4-216,1,-61.845574,-9.656426,-0.000000,247.058839
25,474.000,2000-12-18,12.000,1,2,5.30,T142-1,1,-21.184920,-26.507080,-0.000000,228.904744
25,474.000,2000-12-18,12.000,1,2,5.30,T142-10,1,-23.155273,-0.081727,-0.000000,249.864994
25,474.000,2000-12-18,12.000,1,2,5.30,T142-11,1,-28.193544,-0.140456,-0.000000,245.855432
25,474.000,2000-12-18,12.000,1,2,5.30,T142-12,1,-47.866474,-0.217526,-0.000000,249.760883
25,474.000,2000-12-18,12.000,1,2,5.30,T142-13,1,-25.338503,-0.111497,-0.000000,246.509533
25,474.000,2000-12-18,12.000,1,2,5.30,T142-15,1,-60.580295,-0.299705,-0.000000,256.288453
25,474.000,2000-12-18,12.000,1,2,5.30,T142-16,1,-15.940165,-1.168835,-0.000000,261.842948
25,474.000,2000-12-18,12.000,1,2,5.30,T142-17,1,0.000024,-0.000024,-0.000000,262.570257
25,474.000,2000-12-18,12.000,1,2,5.30,T142-2,1,-10.200589,-13.966411,-0.000000,260.473468
25,474.000,2000-12-18,12.000,1,2,5.30,T142-3,1,-34.179574,-0.324426,-0.000000,258.814989
25,474.000,2000-12-18,12.000,1,2,5.30,T142-5,1,-58.886039,-0.282961,-0.000000,251.430482
25,474.000,2000-12-18,12.000,1,2,5.30,T142-8,1,-5.315485,-10.581515,-0.000000,265.641650
25,474.000,2000-12-18,12.000,1,2,5.30,T142X22,1,-20.146261,-0.127739,-0.000000,249.675334
25,474.000,2000-12-18,12.000,1,2,5.30,T142X23,1,-8.733405,-0.023595,-0.000000,252.375154
25,474.000,2000-12-18,12.000,1,2,5.30,T142X25,1,-3.779779,-0.086221,-0.000000,258.859445
25,474.000,2000-12-18,12.000,1,2,5.30,T142X4,1,0.000306,-0.000306,-0.000000,258.127016
25,474.000,2000-12-18,12.000,1,2,5.30,T142X6,1,-47.986515,-0.454485,-0.000000,238.332261
25,474.000,2000-12-18,12.000,1,2,5.30,T142X7,1,-19.338586,-0.123414,-0.000000,248.713650
25,474.000,2000-12-18,12.000,1,2,5.30,T142X9,1,-45.431987,-1.155013,-0.000000,252.540027
26,484.000,2000-12-28,10.000,1,2,4.97,3-4-216,1,-61.631570,-9.870430,-0.000000,246.842703
26,484.000,2000-12-28,10.000,1,2,4.97,T142-1,1,-21.024356,-26.667644,-0.000000,228.766564
26,484.000,2000-12-28,10.000,1,2,4.97,T142-10,1,-23.152394,-0.084606,-0.000000,249.655327
26,484.000,2000-12-28,10.000,1,2,4.97,T142-11,1,-28.188074,-0.145926,-0.000000,245.633923
26,484.000,2000-12-28,10.000,1,2,4.97,T142-12,1,-47.860469,-0.223531,-0.000000,249.550312
26,484.000,2000-12-28,10.000,1,2,4.97,T142-13,1,-25.335160,-0.114840,-0.000000,246.275957
26,484.000,2000-12-28,10.000,1,2,4.97,T142-15,1,-60.572174,-0.307826,-0.000000,256.084609
26,484.000,2000-12-28,10.000,1,2,4.97,T142-16,1,-15.851473,-1.257527,-0.000000,261.638139
26,484.000,2000-12-28,10.000,1,2,4.97,T142-17,1,0.000017,-0.000017,-0.000000,262.369791
26,484.000,2000-12-28,10.000,1,2,4.97,T142-2,1,-10.107582,-14.059418,-0.000000,260.278557
26,484.000,2000-12-28,10.000,1,2,4.97,T142-3,1,-34.150991,-0.353009,-0.000000,258.606136
26,484.000,2000-12-28,10.000,1,2,4.97,T142-5,1,-58.877647,-0.291353,-0.000000,251.224386
26,484.000,2000-12-28,10.000,1,2,4.97,T142-8,1,-5.326138,-10.570862,-0.000000,265.439885
26,484.000,2000-12-28,10.000,1,2,4.97,T142X22,1,-20.143633,-0.130367,-0.000000,249.430140
26,484.000,2000-12-28,10.000,1,2,4.97,T142X23,1,-8.730121,-0.026879,-0.000000,253.853857
26,484.000,2000-12-28,10.000,1,2,4.97,T142X25,1,-3.761505,-0.104495,-0.000000,258.658916
26,484.000,2000-12-28,10.000,1,2,4.97,T142X4,1,0.000164,-0.000164,-0.000000,257.929829
26,484.000,2000-12-28,10.000,1,2,4.97,T142X6,1,-47.956932,-0.484068,-0.000000,238.112694
26,484.000,2000-12-28,10.000,1,2,4.97,T142X7,1,-19.323132,-0.138868,-0.000000,248.491440
26,484.000,2000-12-28,10.000,1,2,4.97,T142X9,1,-45.416914,-1.170086,-0.000000,252.335963
27,486.000,2000-12-30,2.000,1,2,5.68,3-4-216,1,-61.588454,-9.913546,-0.000000,246.798239
27,486.000,2000-12-30,2.000,1,2,5.68,T142-1,1,-20.993065,-26.698935,-0.000000,228.738602
27,486.000,2000-12-30,2.000,1,2,5.68,T142-10,1,-23.151816,-0.085184,-0.000000,249.613149
27,486.000,2000-12-30,2.000,1,2,5.68,T142-11,1,-28.186984,-0.147016,-0.000000,245.589457
27,486.000,2000-12-30,2.000,1,2,5.68,T142-12,1,-47.859263,-0.224737,-0.000000,249.507856
27,486.000,2000-12-30,2.000,1,2,5.68,T142-13,1,-25.334511,-0.115489,-0.000000,246.230000
27,486.000,2000-12-30,2.000,1,2,5.68,T142-15,1,-60.570527,-0.309473,-0.000000,256.043971
27,486.000,2000-12-30,2.000,1,2,5.68,T142-16,1,-15.833897,-1.275103,-0.000000,261.596839
27,486.000,2000-12-30,2.000,1,2,5.68,T142-17,1,0.000001,-0.000001,-0.000000,262.329736
27,486.000,2000-12-30,2.000,1,2,5.68,T142-19,1,0.000000,-0.000000,-0.000000,261.011927
27,486.000,2000-12-30,2.000,1,2,5.68,T142-2,1,-10.088880,-14.078120,-0.000000,260.239106
27,486.000,2000-12-30,2.000,1,2,5.68,T142-3,1,-34.145212,-0.358788,-0.000000,258.564329
27,486.000,2000-12-30,2.000,1,2,5.68,T142-5,1,-58.875960,-0.293040,-0.000000,251.183015
27,486.000,2000-12-30,2.000,1,2,5.68,T142-8,1,-5.328379,-10.568621,-0.000000,265.399529
27,486.000,2000-12-30,2.000,1,2,5.68,T142X22,1,-20.143105,-0.130895,-0.000000,249.382494
27,486.000,2000-12-30,2.000,1,2,5.68,T142X23,1,-8.729930,-0.027070,-0.000000,253.806372
27,486.000,2000-12-30,2.000,1,2,5.68,T142X25,1,-3.758073,-0.107927,-0.000000,258.618324
27,486.000,2000-12-30,2.000,1,2,5.68,T142X4,1,0.000011,-0.000011,-0.000000,257.889171
27,486.000,2000-12-30,2.000,1,2,5.68,T142X6,1,-47.950941,-0.490059,-0.000000,238.068391
27,486.000,2000-12-30,2.000,1,2,5.68,T142X7,1,-19.319870,-0.142130,-0.000000,248.446980
27,486.000,2000-12-30,2.000,1,2,5.68,T142X9,1,-45.413689,-1.173311,-0.000000,252.294750
28,488.000,2001-01-01,2.000,1,2,4.98,3-4-216,1,-61.544893,-9.957107,-0.000000,246.753505
28,488.000,2001-01-01,2.000,1,2,4.98,T142-1,1,-20.962858,-26.729142,-0.000000,228.710205
28,488.000,2001-01-01,2.000,1,2,4.98,T142-10,1,-23.151239,-0.085761,-0.000000,249.570871
28,488.000,2001-01-01,2.000,1,2,4.98,T142-11,1,-28.185906,-0.148094,-0.000000,245.545220
28,488.000,2001-01-01,2.000,1,2,4.98,T142-12,1,-47.858060,-0.225940,-0.000000,249.465325
28,488.000,2001-01-01,2.000,1,2,4.98,T142-13,1,-25.333883,-0.116117,-0.000000,246.184890
28,488.000,2001-01-01,2.000,1,2,4.98,T142-15,1,-60.568847,-0.311153,-0.000000,256.003381
28,488.000,2001-01-01,2.000,1,2,4.98,T142-16,1,-15.816454,-1.292546,-0.000000,261.555710
28,488.000,2001-01-01,2.000,1,2,4.98,T142-17,1,0.000001,-0.000001,-0.000000,262.289682
28,488.000,2001-01-01,2.000,1,2,4.98,T142-19,1,0.000000,-0.000000,-0.000000,260.971094
28,488.000,2001-01-01,2.000,1,2,4.98,T142-2,1,-10.070496,-14.096504,-0.000000,260.199654
28,488.000,2001-01-01,2.000,1,2,4.98,T142-3,1,-34.139368,-0.364632,-0.000000,258.522497
28,488.000,2001-01-01,2.000,1,2,4.98,T142-5,1,-58.874264,-0.294736,-0.000000,251.141552
28,488.000,2001-01-01,2.000,1,2,4.98,T142-8,1,-5.330713,-10.566287,-0.000000,265.359163
28,488.000,2001-01-01,2.000,1,2,4.98,T142X14,1,0.000000,-0.000000,-0.000000,267.313055
28,488.000,2001-01-01,2.000,1,2,4.98,T142X22,1,-20.142569,-0.131431,-0.000000,249.335750
28,488.000,2001-01-01,2.000,1,2,4.98,T142X23,1,-8.729730,-0.027270,-0.000000,253.761912
28,488.000,2001-01-01,2.000,1,2,4.98,T142X25,1,-3.754094,-0.111906,-0.000000,258.577825
28,488.000,2001-01-01,2.000,1,2,4.98,T142X4,1,0.000011,-0.000011,-0.000000,257.848904
28,488.000,2001-01-01,2.000,1,2,4.98,T142X6,1,-47.944874,-0.496126,-0.000000,238.023978
28,488.000,2001-01-01,2.000,1,2,4.98,T142X7,1,-19.316428,-0.145572,-0.000000,248.402738
28,488.000,2001-01-01,2.000,1,2,4.98,T142X9,1,-45.410217,-1.176783,-0.000000,252.253218
29,518.000,2001-01-31,30.000,1,5,56.42,3-4-216,1,-47.507377,-8.026623,-0.000000,248.958167
29,518.000,2001-01-31,30.000,1,5,56.42,T142-1,1,-18.704236,-23.712764,-0.000000,230.936920
29,518.000,2001-01-31,30.000,1,5,56.42,T142-10,1,-20.267524,-0.081476,-0.000000,249.202076
29,518.000,2001-01-31,30.000,1,5,56.42,T142-11,1,-22.366173,-0.125827,-0.000000,246.207008
29,518.000,2001-01-31,30.000,1,5,56.42,T142-12,1,-40.398324,-0.200676,-0.000000,249.457679
29,518.000,2001-01-31,30.000,1,5,56.42,T142-13,1,-21.850685,-0.106315,-0.000000,246.075244
29,518.000,2001-01-31,30.000,1,5,56.42,T142-15,1,-61.383304,-0.352696,-0.000000,255.149000
29,518.000,2001-01-31,30.000,1,5,56.42,T142-16,1,-10.061797,-0.988203,-0.000000,261.316318
29,518.000,2001-01-31,30.000,1,5,56.42,T142-17,1,-32.734575,-2.669425,-0.000000,258.899297
29,518.000,2001-01-31,30.000,1,5,56.42,T142-19,1,-27.732656,-0.129344,-0.000000,258.192820
29,518.000,2001-01-31,30.000,1,5,56.42,T142-2,1,-8.925082,-12.853918,-0.000000,259.679770
29,518.000,2001-01-31,30.000,1,5,56.42,T142-3,1,-31.441479,-0.424521,-0.000000,258.375869
29,518.000,2001-01-31,30.000,1,5,56.42,T142-5,1,-56.721373,-0.309627,-0.000000,250.633306
29,518.000,2001-01-31,30.000,1,5,56.42,T142-8,1,-4.509344,-8.678656,-0.000000,265.052108
29,518.000,2001-01-31,30.000,1,5,56.42,T142X14,1,-45.237312,-0.353688,-0.000000,255.181303
29,518.000,2001-01-31,30.000,1,5,56.42,T142X22,1,-36.545827,-0.271173,-0.000000,245.795027
29,518.000,2001-01-31,30.000,1,5,56.42,T142X23,1,-14.343067,-0.056933,-0.000000,251.797969
29,518.000,2001-01-31,30.000,1,5,56.42,T142X25,1,-30.971888,-2.531112,-0.000000,256.206856
29,518.000,2001-01-31,30.000,1,5,56.42,T142X4,1,-0.000000,0.000000,-0.000000,257.246526
29,518.000,2001-01-31,30.000,1,5,56.42,T142X6,1,-44.095634,-0.531366,-0.000000,238.765299
29,518.000,2001-01-31,30.000,1,5,56.42,T142X7,1,-14.200975,-0.159025,-0.000000,249.033691
29,518.000,2001-01-31,30.000,1,5,56.42,T142X9,1,-37.767781,-0.977219,-0.000000,252.217935
30,519.000,2001-02-01,1.000,1,2,5.18,3-4-216,1,-47.493440,-8.040560,-0.000000,248.942330
30,519.000,2001-02-01,1.000,1,2,5.18,T142-1,1,-18.706566,-23.710434,-0.000000,230.913770
30,519.000,2001-02-01,1.000,1,2,5.18,T142-10,1,-20.267278,-0.081722,-0.000000,249.180902
30,519.000,2001-02-01,1.000,1,2,5.18,T142-11,1,-22.365745,-0.126255,-0.000000,246.187215
30,519.000,2001-02-01,1.000,1,2,5.18,T142-12,1,-40.397833,-0.201167,-0.000000,249.437128
30,519.000,2001-02-01,1.000,1,2,5.18,T142-13,1,-21.850407,-0.106593,-0.000000,246.053232
30,519.000,2001-02-01,1.000,1,2,5.18,T142-15,1,-61.382136,-0.353864,-0.000000,255.123526
30,519.000,2001-02-01,1.000,1,2,5.18,T142-16,1,-10.056275,-0.993725,-0.000000,261.291577
30,519.000,2001-02-01,1.000,1,2,5.18,T142-17,1,-32.641084,-2.762916,-0.000000,258.870729
30,519.000,2001-02-01,1.000,1,2,5.18,T142-19,1,-27.732189,-0.129811,-0.000000,258.164572
30,519.000,2001-02-01,1.000,1,2,5.18,T142-2,1,-8.919544,-12.859456,-0.000000,259.656156
30,519.000,2001-02-01,1.000,1,2,5.18,T142-3,1,-31.438431,-0.427569,-0.000000,258.351500
30,519.000,2001-02-01,1.000,1,2,5.18,T142-5,1,-56.720456,-0.310544,-0.000000,250.610797
30,519.000,2001-02-01,1.000,1,2,5.18,T142-8,1,-4.512308,-8.675692,-0.000000,265.028265
30,519.000,2001-02-01,1.000,1,2,5.18,T142X14,1,-45.233956,-0.357044,-0.000000,255.136939
30,519.000,2001-02-01,1.000,1,2,5.18,T142X20,1,0.000000,-0.000000,-0.000000,255.249252
30,519.000,2001-02-01,1.000,1,2,5.18,T142X22,1,-36.545352,-0.271648,-0.000000,245.764660
30,519.000,2001-02-01,1.000,1,2,5.18,T142X23,1,-14.342886,-0.057114,-0.000000,251.773321
30,519.000,2001-02-01,1.000,1,2,5.18,T142X25,1,-30.905299,-2.597701,-0.000000,256.179349
30,519.000,2001-02-01,1.000,1,2,5.18,T142X4,1,0.000003,-0.000003,-0.000000,257.225850
30,519.000,2001-02-01,1.000,1,2,5.18,T142X6,1,-44.092974,-0.534026,-0.000000,238.742605
30,519.000,2001-02-01,1.000,1,2,5.18,T142X7,1,-14.199204,-0.160796,-0.000000,249.009601
30,519.000,2001-02-01,1.000,1,2,5.18,T142X9,1,-37.767598,-0.977402,-0.000000,252.197122
31,543.000,2001-02-25,24.000,1,4,15.53,3-4-216,1,-43.641052,-7.739948,-0.000000,249.102579
31,543.000,2001-02-25,24.000,1,4,15.53,T142-1,1,-18.680008,-24.571992,-0.000000,230.008916
31,543.000,2001-02-25,24.000,1,4,15.53,T142-10,1,-18.938093,-0.079907,-0.000000,248.877818
31,543.000,2001-02-25,24.000,1,4,15.53,T142-11,1,-20.518027,-0.120973,-0.000000,246.265444
31,543.000,2001-02-25,24.000,1,4,15.53,T142-12,1,-26.388999,-0.130001,-0.000000,250.220020
31,543.000,2001-02-25,24.000,1,4,15.53,T142-13,1,-11.194418,-0.052582,-0.000000,247.484887
31,543.000,2001-02-25,24.000,1,4,15.53,T142-15,1,-58.439103,-0.360897,-0.000000,254.764510
31,543.000,2001-02-25,24.000,1,4,15.53,T142-16,1,-9.186059,-0.994941,-0.000000,260.805698
31,543.000,2001-02-25,24.000,1,4,15.53,T142-17,1,-36.554524,-5.513476,-0.000000,257.744390
31,543.000,2001-02-25,24.000,1,4,15.53,T142-19,1,-40.005259,-0.209741,-0.000000,256.675713
31,543.000,2001-02-25,24.000,1,4,15.53,T142-2,1,-7.054682,-10.269318,-0.000000,259.385079
31,543.000,2001-02-25,24.000,1,4,15.53,T142-3,1,-30.334785,-0.486215,-0.000000,257.999448
31,543.000,2001-02-25,24.000,1,4,15.53,T142-5,1,-51.991193,-0.297807,-0.000000,250.521180
31,543.000,2001-02-25,24.000,1,4,15.53,T142-8,1,-5.805048,-11.124952,-0.000000,263.891643
31,543.000,2001-02-25,24.000,1,4,15.53,T142X14,1,-43.238806,-0.447194,-0.000000,254.972235
31,543.000,2001-02-25,24.000,1,4,15.53,T142X20,1,-25.247816,-0.162184,-0.000000,252.644271
31,543.000,2001-02-25,24.000,1,4,15.53,T142X21,1,-17.632529,-0.094471,-0.000000,243.189614
31,543.000,2001-02-25,24.000,1,4,15.53,T142X22,1,-26.208159,-0.192841,-0.000000,247.124659
31,543.000,2001-02-25,24.000,1,4,15.53,T142X23,1,-9.396218,-0.035782,-0.000000,252.524402
31,543.000,2001-02-25,24.000,1,4,15.53,T142X25,1,-27.702371,-3.552629,-0.000000,255.765649
31,543.000,2001-02-25,24.000,1,4,15.53,T142X4,1,-0.000000,0.000000,-0.000000,256.449808
31,543.000,2001-02-25,24.000,1,4,15.53,T142X6,1,-43.894477,-0.580523,-0.000000,238.356378
31,543.000,2001-02-25,24.000,1,4,15.53,T142X7,1,-11.655778,-0.144222,-0.000000,249.248756
31,543.000,2001-02-25,24.000,1,4,15.53,T142X9,1,-35.472944,-0.912056,-0.000000,251.791402
32,547.000,2001-03-01,4.000,1,2,5.24,3-4-216,1,-43.591782,-7.789218,-0.000000,249.009897
32,547.000,2001-03-01,4.000,1,2,5.24,T142-1,1,-18.609941,-24.642059,-0.000000,229.936624
32,547.000,2001-03-01,4.000,1,2,5.24,T142-10,1,-18.937365,-0.080635,-0.000000,248.802392
32,547.000,2001-03-01,4.000,1,2,5.24,T142-11,1,-20.516791,-0.122209,-0.000000,246.201846
32,547.000,2001-03-01,4.000,1,2,5.24,T142-12,1,-26.388057,-0.130943,-0.000000,250.150800
32,547.000,2001-03-01,4.000,1,2,5.24,T142-13,1,-11.194009,-0.052991,-0.000000,247.424768
32,547.000,2001-03-01,4.000,1,2,5.24,T142-15,1,-58.434801,-0.365199,-0.000000,254.671585
32,547.000,2001-03-01,4.000,1,2,5.24,T142-16,1,-9.173542,-1.007458,-0.000000,260.711682
32,547.000,2001-03-01,4.000,1,2,5.24,T142-17,1,-36.151006,-5.916994,-0.000000,257.640265
32,547.000,2001-03-01,4.000,1,2,5.24,T142-19,1,-40.002731,-0.212269,-0.000000,256.576870
32,547.000,2001-03-01,4.000,1,2,5.24,T142-2,1,-7.049677,-10.274323,-0.000000,259.291889
32,547.000,2001-03-01,4.000,1,2,5.24,T142-3,1,-30.322285,-0.498715,-0.000000,257.901971
32,547.000,2001-03-01,4.000,1,2,5.24,T142-5,1,-51.988207,-0.300793,-0.000000,250.440782
32,547.000,2001-03-01,4.000,1,2,5.24,T142-8,1,-5.805750,-11.124250,-0.000000,263.796719
32,547.000,2001-03-01,4.000,1,2,5.24,T142X14,1,-43.219597,-0.466403,-0.000000,254.869992
32,547.000,2001-03-01,4.000,1,2,5.24,T142X20,1,-25.237339,-0.172661,-0.000000,252.544565
32,547.000,2001-03-01,4.000,1,2,5.24,T142X21,1,-17.630514,-0.096486,-0.000000,243.020719
32,547.000,2001-03-01,4.000,1,2,5.24,T142X22,1,-26.206739,-0.194261,-0.000000,247.059685
32,547.000,2001-03-01,4.000,1,2,5.24,T142X23,1,-9.395807,-0.036193,-0.000000,252.458681
32,547.000,2001-03-01,4.000,1,2,5.24,T142X25,1,-27.513506,-3.741494,-0.000000,255.670871
32,547.000,2001-03-01,4.000,1,2,5.24,T142X26,1,0.000000,-0.000000,-0.000000,262.206889
32,547.000,2001-03-01,4.000,1,2,5.24,T142X4,1,0.000032,-0.000032,-0.000000,256.331523
32,547.000,2001-03-01,4.000,1,2,5.24,T142X6,1,-43.886442,-0.588558,-0.000000,238.276685
32,547.000,2001-03-01,4.000,1,2,5.24,T142X7,1,-11.653660,-0.146340,-0.000000,249.169484
32,547.000,2001-03-01,4.000,1,2,5.24,T142X9,1,-35.473092,-0.911908,-0.000000,251.700567
33,551.000,2001-03-05,4.000,1,2,6.04,3-4-216,1,-43.106659,-7.758341,-0.000000,249.024050
33,551.000,2001-03-05,4.000,1,2,6.04,T142-1,1,-18.155187,-24.189813,-0.000000,230.362231
33,551.000,2001-03-05,4.000,1,2,6.04,T142-10,1,-16.430149,-0.069851,-0.000000,248.960448
33,551.000,2001-03-05,4.000,1,2,6.04,T142-11,1,-20.125134,-0.120866,-0.000000,246.219917
33,551.000,2001-03-05,4.000,1,2,6.04,T142-12,1,-28.612962,-0.144038,-0.000000,249.898202
33,551.000,2001-03-05,4.000,1,2,6.04,T142-13,1,-11.848264,-0.056736,-0.000000,247.260155
33,551.000,2001-03-05,4.000,1,2,6.04,T142-15,1,-55.540865,-0.349135,-0.000000,254.786560
33,551.000,2001-03-05,4.000,1,2,6.04,T142-16,1,-10.621459,-1.176541,-0.000000,260.491099
33,551.000,2001-03-05,4.000,1,2,6.04,T142-17,1,-34.515377,-6.154623,-0.000000,257.665617
33,551.000,2001-03-05,4.000,1,2,6.04,T142-18,1,-14.803582,-0.342418,-0.000000,260.187385
33,551.000,2001-03-05,4.000,1,2,6.04,T142-19,1,-45.155572,-0.246428,-0.000000,256.094094
33,551.000,2001-03-05,4.000,1,2,6.04,T142-2,1,-6.192432,-9.027568,-0.000000,259.339701
33,551.000,2001-03-05,4.000,1,2,6.04,T142-3,1,-26.749549,-0.446451,-0.000000,258.601907
33,551.000,2001-03-05,4.000,1,2,6.04,T142-5,1,-50.888595,-0.296405,-0.000000,250.447749
33,551.000,2001-03-05,4.000,1,2,6.04,T142-8,1,-5.285159,-10.118841,-0.000000,263.925074
33,551.000,2001-03-05,4.000,1,2,6.04,T142X14,1,-45.675049,-0.519951,-0.000000,254.149544
33,551.000,2001-03-05,4.000,1,2,6.04,T142X20,1,-23.030528,-0.165472,-0.000000,252.658426
33,551.000,2001-03-05,4.000,1,2,6.04,T142X21,1,-18.112770,-0.101230,-0.000000,242.707865
33,551.000,2001-03-05,4.000,1,2,6.04,T142X22,1,-23.741855,-0.175145,-0.000000,247.411993
33,551.000,2001-03-05,4.000,1,2,6.04,T142X23,1,-8.770399,-0.033601,-0.000000,252.529200
33,551.000,2001-03-05,4.000,1,2,6.04,T142X25,1,-25.939354,-3.716646,-0.000000,255.681021
33,551.000,2001-03-05,4.000,1,2,6.04,T142X26,1,-10.288411,-0.048589,-0.000000,258.575733
33,551.000,2001-03-05,4.000,1,2,6.04,T142X4,1,0.000025,-0.000025,-0.000000,256.230477
33,551.000,2001-03-05,4.000,1,2,6.04,T142X6,1,-41.571006,-0.560994,-0.000000,239.090389
33,551.000,2001-03-05,4.000,1,2,6.04,T142X7,1,-11.615299,-0.147701,-0.000000,249.129387
33,551.000,2001-03-05,4.000,1,2,6.04,T142X9,1,-28.969465,-0.722535,-0.000000,252.151364
34,567.000,2001-03-21,16.000,1,3,7.36,3-4-216,1,-42.937791,-7.927209,-0.000000,248.689075
34,567.000,2001-03-21,16.000,1,3,7.36,T142-1,1,-17.916102,-24.428898,-0.000000,230.065470
34,567.000,2001-03-21,16.000,1,3,7.36,T142-10,1,-16.427244,-0.072756,-0.000000,248.627604
34,567.000,2001-03-21,16.000,1,3,7.36,T142-11,1,-20.119448,-0.126552,-0.000000,245.907524
34,567.000,2001-03-21,16.000,1,3,7.36,T142-12,1,-28.608133,-0.148867,-0.000000,249.569124
34,567.000,2001-03-21,16.000,1,3,7.36,T142-13,1,-11.846241,-0.058759,-0.000000,246.959760
34,567.000,2001-03-21,16.000,1,3,7.36,T142-15,1,-55.523292,-0.366708,-0.000000,254.405423
34,567.000,2001-03-21,16.000,1,3,7.36,T142-16,1,-10.588768,-1.209232,-0.000000,260.115100
34,567.000,2001-03-21,16.000,1,3,7.36,T142-17,1,-33.097840,-7.572160,-0.000000,257.294519
34,567.000,2001-03-21,16.000,1,3,7.36,T142-18,1,-14.560595,-0.585405,-0.000000,259.742322
34,567.000,2001-03-21,16.000,1,3,7.36,T142-19,1,-45.142804,-0.259196,-0.000000,255.687342
34,567.000,2001-03-21,16.000,1,3,7.36,T142-2,1,-6.187288,-9.032712,-0.000000,258.975257
34,567.000,2001-03-21,16.000,1,3,7.36,T142-3,1,-26.707484,-0.488516,-0.000000,258.195591
34,567.000,2001-03-21,16.000,1,3,7.36,T142-5,1,-50.875947,-0.309053,-0.000000,250.096531
34,567.000,2001-03-21,16.000,1,3,7.36,T142-8,1,-5.292966,-10.111034,-0.000000,263.534147
34,567.000,2001-03-21,16.000,1,3,7.36,T142X14,1,-45.559256,-0.635744,-0.000000,253.713171
34,567.000,2001-03-21,16.000,1,3,7.36,T142X20,1,-22.988148,-0.207852,-0.000000,252.340926
34,567.000,2001-03-21,16.000,1,3,7.36,T142X21,1,-18.107293,-0.106707,-0.000000,242.241409
34,567.000,2001-03-21,16.000,1,3,7.36,T142X22,1,-23.735955,-0.181045,-0.000000,247.129272
34,567.000,2001-03-21,16.000,1,3,7.36,T142X23,1,-8.768792,-0.035208,-0.000000,252.212975
34,567.000,2001-03-21,16.000,1,3,7.36,T142X25,1,-25.348961,-4.307039,-0.000000,255.310677
34,567.000,2001-03-21,16.000,1,3,7.36,T142X26,1,-10.286143,-0.050857,-0.000000,258.093355
34,567.000,2001-03-21,16.000,1,3,7.36,T142X4,1,-0.000002,0.000002,-0.000000,255.851498
34,567.000,2001-03-21,16.000,1,3,7.36,T142X6,1,-41.543141,-0.588859,-0.000000,238.760252
34,567.000,2001-03-21,16.000,1,3,7.36,T142X7,1,-11.607732,-0.155268,-0.000000,248.829907
34,567.000,2001-03-21,16.000,1,3,7.36,T142X9,1,-28.989999,-0.702001,-0.000000,251.835982
35,576.000,2001-03-30,9.000,1,2,5.03,3-4-216,1,-42.843765,-8.021235,-0.000000,248.491384
35,576.000,2001-03-30,9.000,1,2,5.03,T142-1,1,-17.788387,-24.556613,-0.000000,229.896788
35,576.000,2001-03-30,9.000,1,2,5.03,T142-10,1,-16.425530,-0.074470,-0.000000,248.431329
35,576.000,2001-03-30,9.000,1,2,5.03,T142-11,1,-20.116070,-0.129930,-0.000000,245.719376
35,576.000,2001-03-30,9.000,1,2,5.03,T142-12,1,-28.605248,-0.151752,-0.000000,249.374447
35,576.000,2001-03-30,9.000,1,2,5.03,T142-13,1,-11.844997,-0.060003,-0.000000,246.775675
35,576.000,2001-03-30,9.000,1,2,5.03,T142-15,1,-55.513393,-0.376607,-0.000000,254.191129
35,576.000,2001-03-30,9.000,1,2,5.03,T142-16,1,-10.571183,-1.226817,-0.000000,259.901608
35,576.000,2001-03-30,9.000,1,2,5.03,T142-17,1,-32.341463,-8.328537,-0.000000,257.082208
35,576.000,2001-03-30,9.000,1,2,5.03,T142-18,1,-14.391206,-0.754794,-0.000000,259.530986
35,576.000,2001-03-30,9.000,1,2,5.03,T142-19,1,-45.135767,-0.266233,-0.000000,255.469755
35,576.000,2001-03-30,9.000,1,2,5.03,T142-2,1,-6.178585,-9.041415,-0.000000,258.765810
35,576.000,2001-03-30,9.000,1,2,5.03,T142-3,1,-26.682858,-0.513142,-0.000000,257.971632
35,576.000,2001-03-30,9.000,1,2,5.03,T142-5,1,-50.868640,-0.316360,-0.000000,249.892539
35,576.000,2001-03-30,9.000,1,2,5.03,T142-8,1,-5.296051,-10.107949,-0.000000,263.816165
35,576.000,2001-03-30,9.000,1,2,5.03,T142X14,1,-45.486119,-0.708881,-0.000000,253.471768
35,576.000,2001-03-30,9.000,1,2,5.03,T142X20,1,-22.960899,-0.235101,-0.000000,252.145661
35,576.000,2001-03-30,9.000,1,2,5.03,T142X21,1,-18.104450,-0.109550,-0.000000,242.000647
35,576.000,2001-03-30,9.000,1,2,5.03,T142X22,1,-23.732327,-0.184673,-0.000000,246.950183
35,576.000,2001-03-30,9.000,1,2,5.03,T142X23,1,-8.767877,-0.036123,-0.000000,252.024527
35,576.000,2001-03-30,9.000,1,2,5.03,T142X25,1,-25.023078,-4.632922,-0.000000,255.096076
35,576.000,2001-03-30,9.000,1,2,5.03,T142X26,1,-10.285147,-0.051853,-0.000000,257.866591
35,576.000,2001-03-30,9.000,1,2,5.03,T142X4,1,0.000037,-0.000037,-0.000000,255.639062
35,576.000,2001-03-30,9.000,1,2,5.03,T142X6,1,-41.527679,-0.604321,-0.000000,238.560251
35,576.000,2001-03-30,9.000,1,2,5.03,T142X7,1,-11.603607,-0.159393,-0.000000,248.642772
35,576.000,2001-03-30,9.000,1,2,5.03,T142X9,1,-28.993566,-0.698434,-0.000000,251.641427
36,578.000,2001-04-01,2.000,1,2,4.86,3-4-216,1,-42.822918,-8.042082,-0.000000,248.446932
36,578.000,2001-04-01,2.000,1,2,4.86,T142-1,1,-17.760262,-24.584738,-0.000000,229.859258
36,578.000,2001-04-01,2.000,1,2,4.86,T142-10,1,-16.425146,-0.074854,-0.000000,248.387358
36,578.000,2001-04-01,2.000,1,2,4.86,T142-11,1,-20.115311,-0.130689,-0.000000,245.677012
36,578.000,2001-04-01,2.000,1,2,4.86,T142-12,1,-28.604601,-0.152399,-0.000000,249.330743
36,578.000,2001-04-01,2.000,1,2,4.86,T142-13,1,-11.844716,-0.060284,-0.000000,246.734083
36,578.000,2001-04-01,2.000,1,2,4.86,T142-15,1,-55.511202,-0.378798,-0.000000,254.143566
36,578.000,2001-04-01,2.000,1,2,4.86,T142-16,1,-10.567315,-1.230685,-0.000000,259.854036
36,578.000,2001-04-01,2.000,1,2,4.86,T142-17,1,-32.174911,-8.495089,-0.000000,257.034440
36,578.000,2001-04-01,2.000,1,2,4.86,T142-18,1,-14.357051,-0.788949,-0.000000,259.481631
36,578.000,2001-04-01,2.000,1,2,4.86,T142-19,1,-45.134207,-0.267793,-0.000000,255.421754
36,578.000,2001-04-01,2.000,1,2,4.86,T142-2,1,-6.176405,-9.043595,-0.000000,258.718930
36,578.000,2001-04-01,2.000,1,2,4.86,T142-27,1,0.000000,-0.000000,-0.000000,268.088628
36,578.000,2001-04-01,2.000,1,2,4.86,T142-3,1,-26.677335,-0.518665,-0.000000,257.922086
36,578.000,2001-04-01,2.000,1,2,4.86,T142-5,1,-50.867014,-0.317986,-0.000000,249.846974
36,578.000,2001-04-01,2.000,1,2,4.86,T142-8,1,-5.296673,-10.107327,-0.000000,263.768264
36,578.000,2001-04-01,2.000,1,2,4.86,T142X14,1,-45.469455,-0.725545,-0.000000,253.418176
36,578.000,2001-04-01,2.000,1,2,4.86,T142X20,1,-22.954738,-0.241262,-0.000000,252.101514
36,578.000,2001-04-01,2.000,1,2,4.86,T142X21,1,-18.103827,-0.110173,-0.000000,241.948009
36,578.000,2001-04-01,2.000,1,2,4.86,T142X22,1,-23.731510,-0.185490,-0.000000,246.909612
36,578.000,2001-04-01,2.000,1,2,4.86,T142X23,1,-8.767674,-0.036326,-0.000000,251.982230
36,578.000,2001-04-01,2.000,1,2,4.86,T142X25,1,-24.950727,-4.705273,-0.000000,255.047742
36,578.000,2001-04-01,2.000,1,2,4.86,T142X26,1,-10.284930,-0.052070,-0.000000,257.817234
36,578.000,2001-04-01,2.000,1,2,4.86,T142X31,1,0.000001,-0.000001,-0.000000,247.793358
36,578.000,2001-04-01,2.000,1,2,4.86,T142X4,1,0.000003,-0.000003,-0.000000,255.591540
36,578.000,2001-04-01,2.000,1,2,4.86,T142X6,1,-41.524265,-0.607735,-0.000000,238.515250
36,578.000,2001-04-01,2.000,1,2,4.86,T142X7,1,-11.602701,-0.160299,-0.000000,248.600422
36,578.000,2001-04-01,2.000,1,2,4.86,T142X9,1,-28.993994,-0.698006,-0.000000,251.597649
37,607.000,2001-04-30,29.000,1,4,68.08,3-4-216,1,-43.983237,-8.613763,-0.000000,247.488931
37,607.000,2001-04-30,29.000,1,4,68.08,T142-1,1,-17.840810,-25.474190,-0.000000,228.753780
37,607.000,2001-04-30,29.000,1,4,68.08,T142-10,1,-16.269156,-0.080844,-0.000000,247.652301
37,607.000,2001-04-30,29.000,1,4,68.08,T142-11,1,-22.928154,-0.165846,-0.000000,244.320067
37,607.000,2001-04-30,29.000,1,4,68.08,T142-12,1,-31.237806,-0.180194,-0.000000,248.388377
37,607.000,2001-04-30,29.000,1,4,68.08,T142-13,1,-12.528423,-0.068577,-0.000000,245.965706
37,607.000,2001-04-30,29.000,1,4,68.08,T142-15,1,-52.063167,-0.385833,-0.000000,253.683360
37,607.000,2001-04-30,29.000,1,4,68.08,T142-16,1,-10.875372,-1.316628,-0.000000,259.119827
37,607.000,2001-04-30,29.000,1,4,68.08,T142-17,1,-28.915608,-10.016392,-0.000000,256.461486
37,607.000,2001-04-30,29.000,1,4,68.08,T142-18,1,-22.226155,-1.721845,-0.000000,256.397650
37,607.000,2001-04-30,29.000,1,4,68.08,T142-19,1,-43.542791,-0.282209,-0.000000,254.786164
37,607.000,2001-04-30,29.000,1,4,68.08,T142-2,1,-7.365395,-11.124605,-0.000000,257.831463
37,607.000,2001-04-30,29.000,1,4,68.08,T142-27,1,-3.102691,-3.553309,-0.000000,265.318158
37,607.000,2001-04-30,29.000,1,4,68.08,T142-3,1,-24.746937,-0.557063,-0.000000,257.619614
37,607.000,2001-04-30,29.000,1,4,68.08,T142-5,1,-51.547566,-0.349434,-0.000000,249.068047
37,607.000,2001-04-30,29.000,1,4,68.08,T142-8,1,-6.078149,-11.815851,-0.000000,262.769520
37,607.000,2001-04-30,29.000,1,4,68.08,T142X14,1,-43.266664,-1.006336,-0.000000,253.109096
37,607.000,2001-04-30,29.000,1,4,68.08,T142X20,1,-21.792252,-0.324748,-0.000000,251.561964
37,607.000,2001-04-30,29.000,1,4,68.08,T142X21,1,-15.736726,-0.101274,-0.000000,242.113042
37,607.000,2001-04-30,29.000,1,4,68.08,T142X22,1,-18.303771,-0.149229,-0.000000,247.260924
37,607.000,2001-04-30,29.000,1,4,68.08,T142X23,1,-9.605865,-0.044135,-0.000000,251.093654
37,607.000,2001-04-30,29.000,1,4,68.08,T142X25,1,-23.019350,-5.267650,-0.000000,254.422801
37,607.000,2001-04-30,29.000,1,4,68.08,T142X26,1,-9.635292,-0.051708,-0.000000,257.326397
37,607.000,2001-04-30,29.000,1,4,68.08,T142X31,1,-8.273964,-0.050036,-0.000000,246.420850
37,607.000,2001-04-30,29.000,1,4,68.08,T142X34,1,-10.834381,-0.068619,-0.000000,251.068640
37,607.000,2001-04-30,29.000,1,4,68.08,T142X4,1,-0.000000,0.000000,-0.000000,254.942426
37,607.000,2001-04-30,29.000,1,4,68.08,T142X6,1,-39.848827,-0.630173,-0.000000,238.453723
37,607.000,2001-04-30,29.000,1,4,68.08,T142X7,1,-8.907330,-0.116670,-0.000000,248.757769
37,607.000,2001-04-30,29.000,1,4,68.08,T142X9,1,-24.517691,-0.565309,-0.000000,251.322772
38,608.000,2001-05-01,1.000,1,2,5.37,3-4-216,1,-43.972820,-8.624180,-0.000000,247.465193
38,608.000,2001-05-01,1.000,1,2,5.37,T142-1,1,-17.829738,-25.485262,-0.000000,228.733815
38,608.000,2001-05-01,1.000,1,2,5.37,T142-10,1,-16.268927,-0.081073,-0.000000,247.626553
38,608.000,2001-05-01,1.000,1,2,5.37,T142-11,1,-22.927653,-0.166347,-0.000000,244.294348
38,608.000,2001-05-01,1.000,1,2,5.37,T142-12,1,-31.237379,-0.180621,-0.000000,248.363259
38,608.000,2001-05-01,1.000,1,2,5.37,T142-13,1,-12.528267,-0.068733,-0.000000,245.942862
38,608.000,2001-05-01,1.000,1,2,5.37,T142-15,1,-52.062030,-0.386970,-0.000000,253.659057
38,608.000,2001-05-01,1.000,1,2,5.37,T142-16,1,-10.873727,-1.318273,-0.000000,259.095366
38,608.000,2001-05-01,1.000,1,2,5.37,T142-17,1,-28.846039,-10.085961,-0.000000,256.434538
38,608.000,2001-05-01,1.000,1,2,5.37,T142-18,1,-22.220129,-1.727871,-0.000000,256.364521
38,608.000,2001-05-01,1.000,1,2,5.37,T142-19,1,-43.541945,-0.283055,-0.000000,254.760555
38,608.000,2001-05-01,1.000,1,2,5.37,T142-2,1,-7.360058,-11.129942,-0.000000,257.806610
38,608.000,2001-05-01,1.000,1,2,5.37,T142-27,1,-3.084083,-3.571917,-0.000000,265.297486
38,608.000,2001-05-01,1.000,1,2,5.37,T142-3,1,-24.744291,-0.559709,-0.000000,257.594669
38,608.000,2001-05-01,1.000,1,2,5.37,T142-35,1,0.000000,-0.000000,-0.000000,261.291344
38,608.000,2001-05-01,1.000,1,2,5.37,T142-5,1,-51.546651,-0.350349,-0.000000,249.042979
38,608.000,2001-05-01,1.000,1,2,5.37,T142-8,1,-6.075502,-11.818498,-0.000000,262.745255
38,608.000,2001-05-01,1.000,1,2,5.37,T142X14,1,-43.255661,-1.017339,-0.000000,253.082385
38,608.000,2001-05-01,1.000,1,2,5.37,T142X20,1,-21.789471,-0.327529,-0.000000,251.539496
38,608.000,2001-05-01,1.000,1,2,5.37,T142X21,1,-15.736493,-0.101507,-0.000000,242.091430
38,608.000,2001-05-01,1.000,1,2,5.37,T142X22,1,-18.303448,-0.149552,-0.000000,247.242771
38,608.000,2001-05-01,1.000,1,2,5.37,T142X23,1,-9.605744,-0.044256,-0.000000,251.069397
38,608.000,2001-05-01,1.000,1,2,5.37,T142X25,1,-22.990846,-5.296154,-0.000000,254.395644
38,608.000,2001-05-01,1.000,1,2,5.37,T142X26,1,-9.635179,-0.051821,-0.000000,257.302044
38,608.000,2001-05-01,1.000,1,2,5.37,T142X31,1,-8.273799,-0.050201,-0.000000,246.394128
38,608.000,2001-05-01,1.000,1,2,5.37,T142X34,1,-10.834197,-0.068803,-0.000000,251.039353
38,608.000,2001-05-01,1.000,1,2,5.37,T142X4,1,0.000001,-0.000001,-0.000000,254.920098
38,608.000,2001-05-01,1.000,1,2,5.37,T142X6,1,-39.847148,-0.631852,-0.000000,238.430105
38,608.000,2001-05-01,1.000,1,2,5.37,T142X7,1,-8.907499,-0.116501,-0.000000,248.738113
38,608.000,2001-05-01,1.000,1,2,5.37,T142X9,1,-24.518163,-0.564837,-0.000000,251.301485
39,622.000,2001-05-15,14.000,1,3,7.11,3-4-216,1,-46.168745,-9.258255,-0.000000,246.658875
39,622.000,2001-05-15,14.000,1,3,7.11,T142-1,1,-17.541547,-25.338453,-0.000000,228.682458
39,622.000,2001-05-15,14.000,1,3,7.11,T142-10,1,-17.693860,-0.092140,-0.000000,247.124509
39,622.000,2001-05-15,14.000,1,3,7.11,T142-11,1,-27.413332,-0.210668,-0.000000,242.969606
39,622.000,2001-05-15,14.000,1,3,7.11,T142-12,1,-26.257705,-0.154295,-0.000000,248.439966
39,622.000,2001-05-15,14.000,1,3,7.11,T142-13,1,-10.279738,-0.057262,-0.000000,246.019236
39,622.000,2001-05-15,14.000,1,3,7.11,T142-15,1,-52.029487,-0.403513,-0.000000,253.322354
39,622.000,2001-05-15,14.000,1,3,7.11,T142-16,1,-9.958364,-1.233636,-0.000000,258.849363
39,622.000,2001-05-15,14.000,1,3,7.11,T142-17,1,-24.243959,-9.404041,-0.000000,256.515030
39,622.000,2001-05-15,14.000,1,3,7.11,T142-18,1,-19.106367,-1.668633,-0.000000,256.878827
39,622.000,2001-05-15,14.000,1,3,7.11,T142-19,1,-44.459781,-0.304219,-0.000000,254.285578
39,622.000,2001-05-15,14.000,1,3,7.11,T142-2,1,-5.478145,-8.280855,-0.000000,257.776778
39,622.000,2001-05-15,14.000,1,3,7.11,T142-27,1,-4.267431,-5.824569,-0.000000,263.990675
39,622.000,2001-05-15,14.000,1,3,7.11,T142-3,1,-23.632968,-0.570032,-0.000000,257.497790
39,622.000,2001-05-15,14.000,1,3,7.11,T142-35,1,0.000000,-0.000000,-0.000000,260.959541
39,622.000,2001-05-15,14.000,1,3,7.11,T142-5,1,-52.135863,-0.368137,-0.000000,248.642600
39,622.000,2001-05-15,14.000,1,3,7.11,T142-8,1,-3.947232,-7.596768,-0.000000,263.162026
39,622.000,2001-05-15,14.000,1,3,7.11,T142X14,1,-41.730756,-1.149244,-0.000000,253.056294
39,622.000,2001-05-15,14.000,1,3,7.11,T142X20,1,-20.066872,-0.342128,-0.000000,251.370830
39,622.000,2001-05-15,14.000,1,3,7.11,T142X21,1,-13.421155,-0.087845,-0.000000,242.617022
39,622.000,2001-05-15,14.000,1,3,7.11,T142X22,1,-14.564306,-0.120694,-0.000000,247.619392
39,622.000,2001-05-15,14.000,1,3,7.11,T142X23,1,-9.117995,-0.043005,-0.000000,250.860321
39,622.000,2001-05-15,14.000,1,3,7.11,T142X25,1,-22.882189,-5.704811,-0.000000,254.051547
39,622.000,2001-05-15,14.000,1,3,7.11,T142X26,1,-10.315375,-0.057625,-0.000000,256.716168
39,622.000,2001-05-15,14.000,1,3,7.11,T142X31,1,-9.350496,-0.059504,-0.000000,245.948964
39,622.000,2001-05-15,14.000,1,3,7.11,T142X34,1,-33.186364,-0.247636,-0.000000,243.618075
39,622.000,2001-05-15,14.000,1,3,7.11,T142X4,1,-0.000001,0.000001,-0.000000,254.622174
39,622.000,2001-05-15,14.000,1,3,7.11,T142X6,1,-38.120168,-0.624832,-0.000000,238.772718
39,622.000,2001-05-15,14.000,1,3,7.11,T142X7,1,-8.131901,-0.102099,-0.000000,248.686197
39,622.000,2001-05-15,14.000,1,3,7.11,T142X9,1,-25.701412,-0.603588,-0.000000,250.910879
40,628.000,2001-05-21,6.000,1,2,5.51,3-4-216,1,-46.097373,-9.329627,-0.000000,246.522768
40,628.000,2001-05-21,6.000,1,2,5.51,T142-1,1,-17.500516,-25.379484,-0.000000,228.556996
40,628.000,2001-05-21,6.000,1,2,5.51,T142-10,1,-17.692425,-0.093575,-0.000000,246.969356
40,628.000,2001-05-21,6.000,1,2,5.51,T142-11,1,-27.410131,-0.213869,-0.000000,242.824334
40,628.000,2001-05-21,6.000,1,2,5.51,T142-12,1,-26.255727,-0.156273,-0.000000,248.297010
40,628.000,2001-05-21,6.000,1,2,5.51,T142-13,1,-10.278997,-0.058003,-0.000000,245.888721
40,628.000,2001-05-21,6.000,1,2,5.51,T142-15,1,-52.022078,-0.410922,-0.000000,253.174494
40,628.000,2001-05-21,6.000,1,2,5.51,T142-16,1,-9.949298,-1.242702,-0.000000,258.707240
40,628.000,2001-05-21,6.000,1,2,5.51,T142-17,1,-23.959585,-9.688415,-0.000000,256.372892
40,628.000,2001-05-21,6.000,1,2,5.51,T142-18,1,-19.032697,-1.742303,-0.000000,256.734806
40,628.000,2001-05-21,6.000,1,2,5.51,T142-19,1,-44.454017,-0.309983,-0.000000,254.122444
40,628.000,2001-05-21,6.000,1,2,5.51,T142-2,1,-5.480157,-8.278843,-0.000000,257.637090
40,628.000,2001-05-21,6.000,1,2,5.51,T142-27,1,-4.110286,-5.981714,-0.000000,263.881254
40,628.000,2001-05-21,6.000,1,2,5.51,T142-3,1,-23.617120,-0.585880,-0.000000,257.348829
40,628.000,2001-05-21,6.000,1,2,5.51,T142-35,1,0.000000,-0.000000,-0.000000,260.818059
40,628.000,2001-05-21,6.000,1,2,5.51,T142-39,1,0.000066,-0.000066,-0.000000,262.633090
40,628.000,2001-05-21,6.000,1,2,5.51,T142-5,1,-52.130217,-0.373783,-0.000000,248.491703
40,628.000,2001-05-21,6.000,1,2,5.51,T142-8,1,-3.961671,-7.582329,-0.000000,263.017512
40,628.000,2001-05-21,6.000,1,2,5.51,T142X14,1,-41.655013,-1.224987,-0.000000,252.895722
40,628.000,2001-05-21,6.000,1,2,5.51,T142X20,1,-20.048954,-0.360046,-0.000000,251.238247
40,628.000,2001-05-21,6.000,1,2,5.51,T142X21,1,-13.420003,-0.088997,-0.000000,242.495284
40,628.000,2001-05-21,6.000,1,2,5.51,T142X22,1,-14.562605,-0.122395,-0.000000,247.503035
40,628.000,2001-05-21,6.000,1,2,5.51,T142X23,1,-9.117360,-0.043640,-0.000000,250.722482
40,628.000,2001-05-21,6.000,1,2,5.51,T142X25,1,-22.732687,-5.854313,-0.000000,253.906953
40,628.000,2001-05-21,6.000,1,2,5.51,T142X26,1,-10.314645,-0.058355,-0.000000,256.565099
40,628.000,2001-05-21,6.000,1,2,5.51,T142X31,1,-9.349424,-0.060576,-0.000000,245.796909
40,628.000,2001-05-21,6.000,1,2,5.51,T142X34,1,-33.185411,-0.248589,-0.000000,243.422675
40,628.000,2001-05-21,6.000,1,2,5.51,T142X4,1,0.000014,-0.000014,-0.000000,254.490508
40,628.000,2001-05-21,6.000,1,2,5.51,T142X6,1,-38.109943,-0.635057,-0.000000,238.633935
40,628.000,2001-05-21,6.000,1,2,5.51,T142X7,1,-8.133279,-0.100721,-0.000000,248.561819
40,628.000,2001-05-21,6.000,1,2,5.51,T142X9,1,-25.696782,-0.608218,-0.000000,250.778061
41,634.000,2001-05-27,6.000,1,2,5.34,3-4-216,1,-46.027609,-9.399391,-0.000000,246.387693
41,634.000,2001-05-27,6.000,1,2,5.34,T142-1,1,-17.463446,-25.416554,-0.000000,228.429528
41,634.000,2001-05-27,6.000,1,2,5.34,T142-10,1,-17.691049,-0.094951,-0.000000,246.817285
41,634.000,2001-05-27,6.000,1,2,5.34,T142-11,1,-27.406830,-0.217170,-0.000000,242.680292
41,634.000,2001-05-27,6.000,1,2,5.34,T142-12,1,-26.253742,-0.158258,-0.000000,248.152428
41,634.000,2001-05-27,6.000,1,2,5.34,T142-13,1,-10.278219,-0.058781,-0.000000,245.752421
41,634.000,2001-05-27,6.000,1,2,5.34,T142-15,1,-52.014536,-0.418464,-0.000000,253.026844
41,634.000,2001-05-27,6.000,1,2,5.34,T142-16,1,-9.941189,-1.250811,-0.000000,258.564181
41,634.000,2001-05-27,6.000,1,2,5.34,T142-17,1,-23.706124,-9.941876,-0.000000,256.229394
41,634.000,2001-05-27,6.000,1,2,5.34,T142-18,1,-18.960513,-1.814487,-0.000000,256.591350
41,634.000,2001-05-27,6.000,1,2,5.34,T142-19,1,-44.448532,-0.315468,-0.000000,253.966402
41,634.000,2001-05-27,6.000,1,2,5.34,T142-2,1,-5.478645,-8.280355,-0.000000,257.496191
41,634.000,2001-05-27,6.000,1,2,5.34,T142-27,1,-3.967447,-6.124553,-0.000000,263.768374
41,634.000,2001-05-27,6.000,1,2,5.34,T142-29,1,0.000000,-0.000000,-0.000000,246.928213
41,634.000,2001-05-27,6.000,1,2,5.34,T142-3,1,-23.600731,-0.602269,-0.000000,257.199354
41,634.000,2001-05-27,6.000,1,2,5.34,T142-35,1,0.000000,-0.000000,-0.000000,260.676268
41,634.000,2001-05-27,6.000,1,2,5.34,T142-39,1,0.000074,-0.000074,-0.000000,262.490577
41,634.000,2001-05-27,6.000,1,2,5.34,T142-5,1,-52.124633,-0.379367,-0.000000,248.342209
41,634.000,2001-05-27,6.000,1,2,5.34,T142-8,1,-3.977375,-7.566625,-0.000000,262.871870
41,634.000,2001-05-27,6.000,1,2,5.34,T142X14,1,-41.574343,-1.305657,-0.000000,252.732509
41,634.000,2001-05-27,6.000,1,2,5.34,T142X20,1,-20.030282,-0.378718,-0.000000,251.102158
41,634.000,2001-05-27,6.000,1,2,5.34,T142X21,1,-13.418759,-0.090241,-0.000000,242.365037
41,634.000,2001-05-27,6.000,1,2,5.34,T142X22,1,-14.560795,-0.124205,-0.000000,247.375913
41,634.000,2001-05-27,6.000,1,2,5.34,T142X23,1,-9.116724,-0.044276,-0.000000,250.582728
41,634.000,2001-05-27,6.000,1,2,5.34,T142X25,1,-22.586736,-6.000264,-0.000000,253.761291
41,634.000,2001-05-27,6.000,1,2,5.34,T142X26,1,-10.313934,-0.059066,-0.000000,256.416451
41,634.000,2001-05-27,6.000,1,2,5.34,T142X31,1,-9.348367,-0.061633,-0.000000,245.647189
41,634.000,2001-05-27,6.000,1,2,5.34,T142X34,1,-33.183499,-0.250501,-0.000000,243.256114
41,634.000,2001-05-27,6.000,1,2,5.34,T142X4,1,0.000015,-0.000015,-0.000000,254.356039
41,634.000,2001-05-27,6.000,1,2,5.34,T142X6,1,-38.099361,-0.645639,-0.000000,238.491082
41,634.000,2001-05-27,6.000,1,2,5.34,T142X7,1,-8.134433,-0.099567,-0.000000,248.430246
41,634.000,2001-05-27,6.000,1,2,5.34,T142X9,1,-25.692000,-0.613000,-0.000000,250.641645
42,639.000,2001-06-01,5.000,1,2,6.11,3-4-216,1,-45.970726,-9.456274,-0.000000,246.274593
42,639.000,2001-06-01,5.000,1,2,6.11,T142-1,1,-17.434530,-25.445470,-0.000000,228.322204
42,639.000,2001-06-01,5.000,1,2,6.11,T142-10,1,-17.689930,-0.096070,-0.000000,246.691755
42,639.000,2001-06-01,5.000,1,2,6.11,T142-11,1,-27.404002,-0.219998,-0.000000,242.559474
42,639.000,2001-06-01,5.000,1,2,6.11,T142-12,1,-26.252091,-0.159909,-0.000000,248.031268
42,639.000,2001-06-01,5.000,1,2,6.11,T142-13,1,-10.277517,-0.059483,-0.000000,245.632762
42,639.000,2001-06-01,5.000,1,2,6.11,T142-15,1,-52.008162,-0.424838,-0.000000,252.904247
42,639.000,2001-06-01,5.000,1,2,6.11,T142-16,1,-9.934971,-1.257029,-0.000000,258.444595
42,639.000,2001-06-01,5.000,1,2,6.11,T142-17,1,-23.499163,-10.148837,-0.000000,256.114278
42,639.000,2001-06-01,5.000,1,2,6.11,T142-18,1,-18.902368,-1.872632,-0.000000,256.471569
42,639.000,2001-06-01,5.000,1,2,6.11,T142-19,1,-44.444074,-0.319926,-0.000000,253.839059
42,639.000,2001-06-01,5.000,1,2,6.11,T142-2,1,-5.475575,-8.283425,-0.000000,257.378179
42,639.000,2001-06-01,5.000,1,2,6.11,T142-27,1,-3.344901,-6.747099,-0.000000,264.443109
42,639.000,2001-06-01,5.000,1,2,6.11,T142-29,1,0.000000,-0.000000,-0.000000,246.802116
42,639.000,2001-06-01,5.000,1,2,6.11,T142-3,1,-23.586749,-0.616251,-0.000000,257.075007
42,639.000,2001-06-01,5.000,1,2,6.11,T142-35,1,0.000000,-0.000000,-0.000000,260.558663
42,639.000,2001-06-01,5.000,1,2,6.11,T142-39,1,0.000071,-0.000071,-0.000000,262.370276
42,639.000,2001-06-01,5.000,1,2,6.11,T142-5,1,-52.120018,-0.383982,-0.000000,248.218326
42,639.000,2001-06-01,5.000,1,2,6.11,T142-8,1,-3.991094,-7.552906,-0.000000,262.749960
42,639.000,2001-06-01,5.000,1,2,6.11,T142X14,1,-41.503725,-1.376275,-0.000000,252.595335
42,639.000,2001-06-01,5.000,1,2,6.11,T142X20,1,-20.004260,-0.404740,-0.000000,250.988275
42,639.000,2001-06-01,5.000,1,2,6.11,T142X21,1,-13.417690,-0.091310,-0.000000,242.253196
42,639.000,2001-06-01,5.000,1,2,6.11,T142X22,1,-14.559385,-0.125615,-0.000000,247.280451
42,639.000,2001-06-01,5.000,1,2,6.11,T142X23,1,-9.116193,-0.044807,-0.000000,250.465110
42,639.000,2001-06-01,5.000,1,2,6.11,T142X25,1,-22.466285,-6.120715,-0.000000,253.638780
42,639.000,2001-06-01,5.000,1,2,6.11,T142X26,1,-10.313347,-0.059653,-0.000000,256.293452
42,639.000,2001-06-01,5.000,1,2,6.11,T142X31,1,-9.347489,-0.062511,-0.000000,245.523047
42,639.000,2001-06-01,5.000,1,2,6.11,T142X34,1,-33.181407,-0.252593,-0.000000,243.123401
42,639.000,2001-06-01,5.000,1,2,6.11,T142X4,1,0.000011,-0.000011,-0.000000,254.242829
42,639.000,2001-06-01,5.000,1,2,6.11,T142X6,1,-38.090251,-0.654749,-0.000000,238.369709
42,639.000,2001-06-01,5.000,1,2,6.11,T142X7,1,-8.163389,-0.070611,-0.000000,250.875344
42,639.000,2001-06-01,5.000,1,2,6.11,T142X9,1,-25.685599,-0.619401,-0.000000,250.524813
43,648.000,2001-06-10,9.000,1,3,7.30,3-4-216,1,-43.678793,-9.102207,-0.000000,246.529166
43,648.000,2001-06-10,9.000,1,3,7.30,T142-1,1,-19.763739,-29.113261,-0.000000,224.884721
43,648.000,2001-06-10,9.000,1,3,7.30,T142-10,1,-17.106204,-0.094796,-0.000000,246.510847
43,648.000,2001-06-10,9.000,1,3,7.30,T142-11,1,-25.617367,-0.208633,-0.000000,242.756677
43,648.000,2001-06-10,9.000,1,3,7.30,T142-12,1,-24.636411,-0.151589,-0.000000,247.972623
43,648.000,2001-06-10,9.000,1,3,7.30,T142-13,1,-15.840454,-0.090546,-0.000000,244.902484
43,648.000,2001-06-10,9.000,1,3,7.30,T142-15,1,-53.945168,-0.455832,-0.000000,252.520989
43,648.000,2001-06-10,9.000,1,3,7.30,T142-16,1,-12.394196,-1.564804,-0.000000,257.995130
43,648.000,2001-06-10,9.000,1,3,7.30,T142-17,1,-23.721598,-10.753402,-0.000000,255.822609
43,648.000,2001-06-10,9.000,1,3,7.30,T142-18,1,-16.839608,-1.762392,-0.000000,256.820886
43,648.000,2001-06-10,9.000,1,3,7.30,T142-19,1,-42.886633,-0.316367,-0.000000,253.700282
43,648.000,2001-06-10,9.000,1,3,7.30,T142-2,1,-6.047336,-9.201664,-0.000000,257.069316
43,648.000,2001-06-10,9.000,1,3,7.30,T142-27,1,-6.683066,-14.761934,-0.000000,261.821919
43,648.000,2001-06-10,9.000,1,3,7.30,T142-28,1,0.000000,-0.000000,-0.000000,248.847685
43,648.000,2001-06-10,9.000,1,3,7.30,T142-29,1,-23.086370,-0.162630,-0.000000,244.305688
43,648.000,2001-06-10,9.000,1,3,7.30,T142-3,1,-20.873148,-0.562852,-0.000000,257.462909
43,648.000,2001-06-10,9.000,1,3,7.30,T142-35,1,-19.845395,-0.124605,-0.000000,251.216469
43,648.000,2001-06-10,9.000,1,3,7.30,T142-39,1,-1.248535,-0.013465,-0.000000,261.968546
43,648.000,2001-06-10,9.000,1,3,7.30,T142-5,1,-52.605272,-0.396728,-0.000000,247.950171
43,648.000,2001-06-10,9.000,1,3,7.30,T142-8,1,-4.046565,-7.586435,-0.000000,262.504030
43,648.000,2001-06-10,9.000,1,3,7.30,T142X14,1,-41.888672,-1.536328,-0.000000,252.197625
43,648.000,2001-06-10,9.000,1,3,7.30,T142X20,1,-17.350175,-0.378825,-0.000000,251.009967
43,648.000,2001-06-10,9.000,1,3,7.30,T142X21,1,-10.206732,-0.069268,-0.000000,243.197443
43,648.000,2001-06-10,9.000,1,3,7.30,T142X22,1,-16.026849,-0.142151,-0.000000,246.841113
43,648.000,2001-06-10,9.000,1,3,7.30,T142X23,1,-8.625033,-0.042967,-0.000000,250.354854
43,648.000,2001-06-10,9.000,1,3,7.30,T142X25,1,-20.364358,-5.756642,-0.000000,253.578593
43,648.000,2001-06-10,9.000,1,3,7.30,T142X26,1,-12.484817,-0.075183,-0.000000,255.306213
43,648.000,2001-06-10,9.000,1,3,7.30,T142X31,1,-9.877150,-0.067850,-0.000000,245.260441
43,648.000,2001-06-10,9.000,1,3,7.30,T142X34,1,-35.266123,-0.276877,-0.000000,242.212747
43,648.000,2001-06-10,9.000,1,3,7.30,T142X4,1,-0.000001,0.000001,-0.000000,254.052519
43,648.000,2001-06-10,9.000,1,3,7.30,T142X51,1,-11.417040,-0.064960,-0.000000,245.657427
43,648.000,2001-06-10,9.000,1,3,7.30,T142X6,1,-26.894638,-0.457362,-0.000000,242.497527
43,648.000,2001-06-10,9.000,1,3,7.30,T142X7,1,-5.223634,-0.043366,-0.000000,251.124446
43,648.000,2001-06-10,9.000,1,3,7.30,T142X9,1,-28.238653,-0.711347,-0.000000,250.138904
44,650.000,2001-06-12,2.000,1,2,5.07,3-4-216,1,-43.658024,-9.122976,-0.000000,246.487084
44,650.000,2001-06-12,2.000,1,2,5.07,T142-1,1,-19.738917,-29.138083,-0.000000,224.843044
44,650.000,2001-06-12,2.000,1,2,5.07,T142-10,1,-17.105743,-0.095257,-0.000000,246.458444
44,650.000,2001-06-12,2.000,1,2,5.07,T142-11,1,-25.616325,-0.209675,-0.000000,242.713326
44,650.000,2001-06-12,2.000,1,2,5.07,T142-12,1,-24.635891,-0.152109,-0.000000,247.928462
44,650.000,2001-06-12,2.000,1,2,5.07,T142-13,1,-15.840118,-0.090882,-0.000000,244.856803
44,650.000,2001-06-12,2.000,1,2,5.07,T142-15,1,-53.942099,-0.458901,-0.000000,252.466400
44,650.000,2001-06-12,2.000,1,2,5.07,T142-16,1,-12.394574,-1.564426,-0.000000,257.945100
44,650.000,2001-06-12,2.000,1,2,5.07,T142-17,1,-23.643796,-10.831204,-0.000000,255.771005
44,650.000,2001-06-12,2.000,1,2,5.07,T142-18,1,-16.822525,-1.779475,-0.000000,256.768579
44,650.000,2001-06-12,2.000,1,2,5.07,T142-19,1,-42.884709,-0.318291,-0.000000,253.644237
44,650.000,2001-06-12,2.000,1,2,5.07,T142-2,1,-6.041659,-9.207341,-0.000000,257.020518
44,650.000,2001-06-12,2.000,1,2,5.07,T142-27,1,-6.589894,-14.855106,-0.000000,261.786665
44,650.000,2001-06-12,2.000,1,2,5.07,T142-28,1,0.000001,-0.000001,-0.000000,249.330940
44,650.000,2001-06-12,2.000,1,2,5.07,T142-29,1,-23.084446,-0.164554,-0.000000,244.190037
44,650.000,2001-06-12,2.000,1,2,5.07,T142-3,1,-20.868827,-0.567173,-0.000000,257.410751
44,650.000,2001-06-12,2.000,1,2,5.07,T142-35,1,-19.836134,-0.133866,-0.000000,257.113648
44,650.000,2001-06-12,2.000,1,2,5.07,T142-39,1,-1.248081,-0.013919,-0.000000,261.917243
44,650.000,2001-06-12,2.000,1,2,5.07,T142-5,1,-52.603303,-0.398697,-0.000000,247.898401
44,650.000,2001-06-12,2.000,1,2,5.07,T142-8,1,-4.052020,-7.580980,-0.000000,262.451561
44,650.000,2001-06-12,2.000,1,2,5.07,T142X14,1,-41.854674,-1.570326,-0.000000,252.117070
44,650.000,2001-06-12,2.000,1,2,5.07,T142X20,1,-17.344231,-0.384769,-0.000000,250.968110
44,650.000,2001-06-12,2.000,1,2,5.07,T142X21,1,-10.206500,-0.069500,-0.000000,243.164688
44,650.000,2001-06-12,2.000,1,2,5.07,T142X22,1,-16.026173,-0.142827,-0.000000,246.796447
44,650.000,2001-06-12,2.000,1,2,5.07,T142X23,1,-8.624792,-0.043208,-0.000000,250.306788
44,650.000,2001-06-12,2.000,1,2,5.07,T142X25,1,-20.328264,-5.792736,-0.000000,253.530323
44,650.000,2001-06-12,2.000,1,2,5.07,T142X26,1,-12.484494,-0.075506,-0.000000,255.248667
44,650.000,2001-06-12,2.000,1,2,5.07,T142X31,1,-9.876769,-0.068231,-0.000000,245.210296
44,650.000,2001-06-12,2.000,1,2,5.07,T142X34,1,-35.265010,-0.277990,-0.000000,242.152495
44,650.000,2001-06-12,2.000,1,2,5.07,T142X4,1,0.000002,-0.000002,-0.000000,254.010236
44,650.000,2001-06-12,2.000,1,2,5.07,T142X51,1,-11.416600,-0.065400,-0.000000,245.592189
44,650.000,2001-06-12,2.000,1,2,5.07,T142X6,1,-26.892990,-0.459010,-0.000000,242.460270
44,650.000,2001-06-12,2.000,1,2,5.07,T142X7,1,-5.223919,-0.043081,-0.000000,251.084470
44,650.000,2001-06-12,2.000,1,2,5.07,T142X9,1,-28.233264,-0.716736,-0.000000,250.095555
45,658.000,2001-06-20,8.000,1,2,4.86,3-4-216,1,-43.586878,-9.194122,-0.000000,246.305344
45,658.000,2001-06-20,8.000,1,2,4.86,T142-1,1,-19.650639,-29.226361,-0.000000,224.676579
45,658.000,2001-06-20,8.000,1,2,4.86,T142-10,1,-17.103886,-0.097114,-0.000000,246.246021
45,658.000,2001-06-20,8.000,1,2,4.86,T142-11,1,-25.611790,-0.214210,-0.000000,242.520521
45,658.000,2001-06-20,8.000,1,2,4.86,T142-12,1,-24.633439,-0.154561,-0.000000,247.732444
45,658.000,2001-06-20,8.000,1,2,4.86,T142-13,1,-15.838737,-0.092263,-0.000000,244.670960
45,658.000,2001-06-20,8.000,1,2,4.86,T142-15,1,-53.929254,-0.471746,-0.000000,252.249908
45,658.000,2001-06-20,8.000,1,2,4.86,T142-16,1,-12.391417,-1.567583,-0.000000,257.741912
45,658.000,2001-06-20,8.000,1,2,4.86,T142-17,1,-23.359497,-11.115503,-0.000000,255.566747
45,658.000,2001-06-20,8.000,1,2,4.86,T142-18,1,-16.751151,-1.850849,-0.000000,256.557653
45,658.000,2001-06-20,8.000,1,2,4.86,T142-19,1,-42.877028,-0.325972,-0.000000,253.418533
45,658.000,2001-06-20,8.000,1,2,4.86,T142-2,1,-6.019757,-9.229243,-0.000000,256.822254
45,658.000,2001-06-20,8.000,1,2,4.86,T142-27,1,-6.241728,-15.203272,-0.000000,261.655772
45,658.000,2001-06-20,8.000,1,2,4.86,T142-28,1,0.000000,-0.000000,-0.000000,248.503103
45,658.000,2001-06-20,8.000,1,2,4.86,T142-29,1,-23.078843,-0.170157,-0.000000,243.858196
45,658.000,2001-06-20,8.000,1,2,4.86,T142-3,1,-20.850589,-0.585411,-0.000000,257.196841
45,658.000,2001-06-20,8.000,1,2,4.86,T142-35,1,-19.782598,-0.187402,-0.000000,256.907543
45,658.000,2001-06-20,8.000,1,2,4.86,T142-39,1,-1.246025,-0.015975,-0.000000,261.712683
45,658.000,2001-06-20,8.000,1,2,4.86,T142-5,1,-52.595213,-0.406787,-0.000000,247.687102
45,658.000,2001-06-20,8.000,1,2,4.86,T142-8,1,-4.073210,-7.559790,-0.000000,262.241064
45,658.000,2001-06-20,8.000,1,2,4.86,T142X14,1,-41.707740,-1.717260,-0.000000,251.849550
45,658.000,2001-06-20,8.000,1,2,4.86,T142X20,1,-17.320493,-0.408507,-0.000000,250.787063
45,658.000,2001-06-20,8.000,1,2,4.86,T142X21,1,-10.205258,-0.070742,-0.000000,242.996356
45,658.000,2001-06-20,8.000,1,2,4.86,T142X22,1,-16.023500,-0.145500,-0.000000,246.617589
45,658.000,2001-06-20,8.000,1,2,4.86,T142X23,1,-8.623864,-0.044136,-0.000000,250.110513
45,658.000,2001-06-20,8.000,1,2,4.86,T142X25,1,-20.198785,-5.922215,-0.000000,253.328232
45,658.000,2001-06-20,8.000,1,2,4.86,T142X26,1,-12.483308,-0.076692,-0.000000,255.034458
45,658.000,2001-06-20,8.000,1,2,4.86,T142X31,1,-9.875203,-0.069797,-0.000000,245.005437
45,658.000,2001-06-20,8.000,1,2,4.86,T142X33,1,0.000003,-0.000003,-0.000000,262.326549
45,658.000,2001-06-20,8.000,1,2,4.86,T142X34,1,-35.260052,-0.282948,-0.000000,241.921862
45,658.000,2001-06-20,8.000,1,2,4.86,T142X4,1,0.000024,-0.000024,-0.000000,253.830265
45,658.000,2001-06-20,8.000,1,2,4.86,T142X51,1,-11.415061,-0.066939,-0.000000,245.357973
45,658.000,2001-06-20,8.000,1,2,4.86,T142X6,1,-26.885124,-0.466876,-0.000000,242.270671
45,658.000,2001-06-20,8.000,1,2,4.86,T142X7,1,-5.224794,-0.042206,-0.000000,250.905301
45,658.000,2001-06-20,8.000,1,2,4.86,T142X9,1,-28.214812,-0.735188,-0.000000,249.909712
46,660.000,2001-06-22,2.000,1,2,4.59,3-4-216,1,-43.567341,-9.213659,-0.000000,246.259768
46,660.000,2001-06-22,2.000,1,2,4.59,T142-1,1,-19.629321,-29.247679,-0.000000,224.634541
46,660.000,2001-06-22,2.000,1,2,4.59,T142-10,1,-17.103425,-0.097575,-0.000000,246.193003
46,660.000,2001-06-22,2.000,1,2,4.59,T142-11,1,-25.655624,-0.170376,-0.000000,246.005509
46,660.000,2001-06-22,2.000,1,2,4.59,T142-12,1,-24.632689,-0.155311,-0.000000,247.679720
46,660.000,2001-06-22,2.000,1,2,4.59,T142-13,1,-15.838261,-0.092739,-0.000000,244.615209
46,660.000,2001-06-22,2.000,1,2,4.59,T142-15,1,-53.926006,-0.474994,-0.000000,252.195828
46,660.000,2001-06-22,2.000,1,2,4.59,T142-16,1,-12.390373,-1.568627,-0.000000,257.690839
46,660.000,2001-06-22,2.000,1,2,4.59,T142-17,1,-23.288580,-11.186420,-0.000000,255.515046
46,660.000,2001-06-22,2.000,1,2,4.59,T142-18,1,-16.734415,-1.867585,-0.000000,256.503762
46,660.000,2001-06-22,2.000,1,2,4.59,T142-19,1,-42.875119,-0.327881,-0.000000,253.362236
46,660.000,2001-06-22,2.000,1,2,4.59,T142-2,1,-6.014374,-9.234626,-0.000000,256.772040
46,660.000,2001-06-22,2.000,1,2,4.59,T142-27,1,-6.156345,-15.288655,-0.000000,261.623176
46,660.000,2001-06-22,2.000,1,2,4.59,T142-28,1,0.000000,-0.000000,-0.000000,248.438628
46,660.000,2001-06-22,2.000,1,2,4.59,T142-29,1,-23.077518,-0.171482,-0.000000,243.780396
46,660.000,2001-06-22,2.000,1,2,4.59,T142-3,1,-20.845971,-0.590029,-0.000000,257.143286
46,660.000,2001-06-22,2.000,1,2,4.59,T142-35,1,-19.769357,-0.200643,-0.000000,256.852048
46,660.000,2001-06-22,2.000,1,2,4.59,T142-39,1,-1.245574,-0.016426,-0.000000,261.661123
46,660.000,2001-06-22,2.000,1,2,4.59,T142-5,1,-52.593175,-0.408825,-0.000000,247.633876
46,660.000,2001-06-22,2.000,1,2,4.59,T142-8,1,-4.078454,-7.554546,-0.000000,262.188410
46,660.000,2001-06-22,2.000,1,2,4.59,T142X14,1,-41.670289,-1.754711,-0.000000,251.785110
46,660.000,2001-06-22,2.000,1,2,4.59,T142X20,1,-17.314934,-0.414066,-0.000000,250.740660
46,660.000,2001-06-22,2.000,1,2,4.59,T142X21,1,-10.204935,-0.071065,-0.000000,242.952822
46,660.000,2001-06-22,2.000,1,2,4.59,T142X22,1,-16.022824,-0.146176,-0.000000,246.572190
46,660.000,2001-06-22,2.000,1,2,4.59,T142X23,1,-8.623631,-0.044369,-0.000000,250.050987
46,660.000,2001-06-22,2.000,1,2,4.59,T142X25,1,-20.166780,-5.954220,-0.000000,253.276302
46,660.000,2001-06-22,2.000,1,2,4.59,T142X26,1,-12.483012,-0.076988,-0.000000,254.981250
46,660.000,2001-06-22,2.000,1,2,4.59,T142X31,1,-9.874834,-0.070166,-0.000000,244.955307
46,660.000,2001-06-22,2.000,1,2,4.59,T142X33,1,0.000001,-0.000001,-0.000000,262.275290
46,660.000,2001-06-22,2.000,1,2,4.59,T142X34,1,-35.258783,-0.284217,-0.000000,241.864524
46,660.000,2001-06-22,2.000,1,2,4.59,T142X4,1,0.000002,-0.000002,-0.000000,253.784939
46,660.000,2001-06-22,2.000,1,2,4.59,T142X51,1,-11.414683,-0.067317,-0.000000,245.300261
46,660.000,2001-06-22,2.000,1,2,4.59,T142X6,1,-26.883083,-0.468917,-0.000000,242.220983
46,660.000,2001-06-22,2.000,1,2,4.59,T142X7,1,-5.224989,-0.042011,-0.000000,250.858821
46,660.000,2001-06-22,2.000,1,2,4.59,T142X9,1,-28.210651,-0.739349,-0.000000,249.862006
47,667.000,2001-06-29,7.000,1,2,5.09,3-4-216,1,-43.503092,-9.277908,-0.000000,246.094304
47,667.000,2001-06-29,7.000,1,2,5.09,T142-1,1,-19.563771,-29.313229,-0.000000,224.481867
47,667.000,2001-06-29,7.000,1,2,5.09,T142-10,1,-17.101843,-0.099157,-0.000000,246.008094
47,667.000,2001-06-29,7.000,1,2,5.09,T142-11,1,-25.652547,-0.173453,-0.000000,245.835273
47,667.000,2001-06-29,7.000,1,2,5.09,T142-12,1,-24.630369,-0.157631,-0.000000,247.501875
47,667.000,2001-06-29,7.000,1,2,5.09,T142-13,1,-15.836865,-0.094135,-0.000000,244.438249
47,667.000,2001-06-29,7.000,1,2,5.09,T142-15,1,-53.914191,-0.486809,-0.000000,252.007812
47,667.000,2001-06-29,7.000,1,2,5.09,T142-16,1,-12.384497,-1.574503,-0.000000,257.510412
47,667.000,2001-06-29,7.000,1,2,5.09,T142-17,1,-23.053575,-11.421425,-0.000000,255.335868
47,667.000,2001-06-29,7.000,1,2,5.09,T142-18,1,-16.673647,-1.928353,-0.000000,256.319145
47,667.000,2001-06-29,7.000,1,2,5.09,T142-19,1,-42.868591,-0.334409,-0.000000,253.168199
47,667.000,2001-06-29,7.000,1,2,5.09,T142-2,1,-5.996114,-9.252886,-0.000000,256.594772
47,667.000,2001-06-29,7.000,1,2,5.09,T142-27,1,-5.865138,-15.579862,-0.000000,261.508010
47,667.000,2001-06-29,7.000,1,2,5.09,T142-28,1,0.000000,-0.000000,-0.000000,248.228422
47,667.000,2001-06-29,7.000,1,2,5.09,T142-29,1,-23.073285,-0.175715,-0.000000,243.541015
47,667.000,2001-06-29,7.000,1,2,5.09,T142-3,1,-20.829168,-0.606832,-0.000000,256.955548
47,667.000,2001-06-29,7.000,1,2,5.09,T142-35,1,-19.723134,-0.246866,-0.000000,256.661368
47,667.000,2001-06-29,7.000,1,2,5.09,T142-36,1,0.000171,-0.000171,-0.000000,261.874897
47,667.000,2001-06-29,7.000,1,2,5.09,T142-39,1,-1.243666,-0.018334,-0.000000,261.480734
47,667.000,2001-06-29,7.000,1,2,5.09,T142-5,1,-52.586067,-0.415933,-0.000000,247.447936
47,667.000,2001-06-29,7.000,1,2,5.09,T142-8,1,-4.096330,-7.536670,-0.000000,262.004021
47,667.000,2001-06-29,7.000,1,2,5.09,T142X14,1,-41.531390,-1.893610,-0.000000,251.566581
47,667.000,2001-06-29,7.000,1,2,5.09,T142X20,1,-17.295245,-0.433755,-0.000000,250.572334
47,667.000,2001-06-29,7.000,1,2,5.09,T142X21,1,-10.203731,-0.072269,-0.000000,242.790583
47,667.000,2001-06-29,7.000,1,2,5.09,T142X22,1,-16.020409,-0.148591,-0.000000,246.407982
47,667.000,2001-06-29,7.000,1,2,5.09,T142X23,1,-8.622839,-0.045161,-0.000000,249.866171
47,667.000,2001-06-29,7.000,1,2,5.09,T142X25,1,-20.063173,-6.057827,-0.000000,253.094211
47,667.000,2001-06-29,7.000,1,2,5.09,T142X26,1,-12.481959,-0.078041,-0.000000,254.795937
47,667.000,2001-06-29,7.000,1,2,5.09,T142X31,1,-9.873472,-0.071528,-0.000000,244.776370
47,667.000,2001-06-29,7.000,1,2,5.09,T142X33,1,0.000003,-0.000003,-0.000000,262.095788
47,667.000,2001-06-29,7.000,1,2,5.09,T142X34,1,-35.254188,-0.288812,-0.000000,241.667100
47,667.000,2001-06-29,7.000,1,2,5.09,T142X4,1,0.000020,-0.000020,-0.000000,253.618048
47,667.000,2001-06-29,7.000,1,2,5.09,T142X51,1,-11.413383,-0.068617,-0.000000,245.103184
47,667.000,2001-06-29,7.000,1,2,5.09,T142X6,1,-26.876037,-0.475963,-0.000000,242.044190
47,667.000,2001-06-29,7.000,1,2,5.09,T142X7,1,-5.225571,-0.041429,-0.000000,250.690385
47,667.000,2001-06-29,7.000,1,2,5.09,T142X9,1,-28.197145,-0.752855,-0.000000,249.690003
48,669.000,2001-07-01,2.000,1,2,4.72,3-4-216,1,-43.485046,-9.295954,-0.000000,246.046412
48,669.000,2001-07-01,2.000,1,2,4.72,T142-1,1,-19.545717,-29.331283,-0.000000,224.437828
48,669.000,2001-07-01,2.000,1,2,4.72,T142-10,1,-17.101392,-0.099608,-0.000000,245.955183
48,669.000,2001-07-01,2.000,1,2,4.72,T142-11,1,-25.651698,-0.174302,-0.000000,245.785172
48,669.000,2001-07-01,2.000,1,2,4.72,T142-12,1,-24.629709,-0.158291,-0.000000,247.450861
48,669.000,2001-07-01,2.000,1,2,4.72,T142-13,1,-15.836477,-0.094523,-0.000000,244.388402
48,669.000,2001-07-01,2.000,1,2,4.72,T142-15,1,-53.910778,-0.490222,-0.000000,251.954184
48,669.000,2001-07-01,2.000,1,2,4.72,T142-16,1,-12.382660,-1.576340,-0.000000,257.458756
48,669.000,2001-07-01,2.000,1,2,4.72,T142-17,1,-22.986008,-11.488992,-0.000000,255.284245
48,669.000,2001-07-01,2.000,1,2,4.72,T142-18,1,-16.656238,-1.945762,-0.000000,256.266043
48,669.000,2001-07-01,2.000,1,2,4.72,T142-19,1,-42.866740,-0.336260,-0.000000,253.113000
48,669.000,2001-07-01,2.000,1,2,4.72,T142-2,1,-5.990992,-9.258008,-0.000000,256.543733
48,669.000,2001-07-01,2.000,1,2,4.72,T142-27,1,-5.784189,-15.660811,-0.000000,261.474154
48,669.000,2001-07-01,2.000,1,2,4.72,T142-28,1,0.000000,-0.000000,-0.000000,248.169399
48,669.000,2001-07-01,2.000,1,2,4.72,T142-29,1,-23.072103,-0.176897,-0.000000,243.474825
48,669.000,2001-07-01,2.000,1,2,4.72,T142-3,1,-20.824312,-0.611688,-0.000000,256.901891
48,669.000,2001-07-01,2.000,1,2,4.72,T142-35,1,-19.710184,-0.259816,-0.000000,256.605618
48,669.000,2001-07-01,2.000,1,2,4.72,T142-36,1,0.000049,-0.000049,-0.000000,261.821628
48,669.000,2001-07-01,2.000,1,2,4.72,T142-39,1,-1.243194,-0.018806,-0.000000,261.428636
48,669.000,2001-07-01,2.000,1,2,4.72,T142-40,1,-0.000000,0.000000,-0.000000,265.146057
48,669.000,2001-07-01,2.000,1,2,4.72,T142-5,1,-52.584040,-0.417960,-0.000000,247.394825
48,669.000,2001-07-01,2.000,1,2,4.72,T142-8,1,-4.101377,-7.531623,-0.000000,261.951338
48,669.000,2001-07-01,2.000,1,2,4.72,T142X14,1,-41.490973,-1.934027,-0.000000,251.504258
48,669.000,2001-07-01,2.000,1,2,4.72,T142X20,1,-17.289927,-0.439073,-0.000000,250.523531
48,669.000,2001-07-01,2.000,1,2,4.72,T142X21,1,-10.203382,-0.072618,-0.000000,242.743543
48,669.000,2001-07-01,2.000,1,2,4.72,T142X22,1,-16.019716,-0.149284,-0.000000,246.360692
48,669.000,2001-07-01,2.000,1,2,4.72,T142X23,1,-8.622615,-0.045385,-0.000000,249.814760
48,669.000,2001-07-01,2.000,1,2,4.72,T142X25,1,-20.033798,-6.087202,-0.000000,253.041553
48,669.000,2001-07-01,2.000,1,2,4.72,T142X26,1,-12.481656,-0.078344,-0.000000,254.743033
48,669.000,2001-07-01,2.000,1,2,4.72,T142X31,1,-9.873078,-0.071922,-0.000000,244.724816
48,669.000,2001-07-01,2.000,1,2,4.72,T142X33,1,0.000001,-0.000001,-0.000000,262.044302
48,669.000,2001-07-01,2.000,1,2,4.72,T142X34,1,-35.252866,-0.290134,-0.000000,241.610944
48,669.000,2001-07-01,2.000,1,2,4.72,T142X4,1,0.000002,-0.000002,-0.000000,253.569942
48,669.000,2001-07-01,2.000,1,2,4.72,T142X51,1,-11.413013,-0.068987,-0.000000,245.047189
48,669.000,2001-07-01,2.000,1,2,4.72,T142X6,1,-26.874040,-0.477960,-0.000000,241.993408
48,669.000,2001-07-01,2.000,1,2,4.72,T142X7,1,-5.225729,-0.041271,-0.000000,250.641890
48,669.000,2001-07-01,2.000,1,2,4.72,T142X9,1,-28.193568,-0.756432,-0.000000,249.640369
49,687.000,2001-07-19,18.000,1,5,10.88,3-4-216,1,-46.497985,-10.105015,-0.000000,244.961516
49,687.000,2001-07-19,18.000,1,5,10.88,T142-1,1,-20.330910,-30.870090,-0.000000,222.743627
49,687.000,2001-07-19,18.000,1,5,10.88,T142-10,1,-14.382675,-0.089325,-0.000000,245.503079
49,687.000,2001-07-19,18.000,1,5,10.88,T142-11,1,-76.946119,-0.615881,-0.000000,240.756501
49,687.000,2001-07-19,18.000,1,5,10.88,T142-12,1,-24.531665,-0.170335,-0.000000,246.714952
49,687.000,2001-07-19,18.000,1,5,10.88,T142-13,1,-22.029169,-0.141831,-0.000000,242.910093
49,687.000,2001-07-19,18.000,1,5,10.88,T142-15,1,-61.146387,-0.614613,-0.000000,250.841023
49,687.000,2001-07-19,18.000,1,5,10.88,T142-16,1,-12.622640,-1.635360,-0.000000,256.920685
49,687.000,2001-07-19,18.000,1,5,10.88,T142-17,1,-22.348700,-12.051300,-0.000000,254.743032
49,687.000,2001-07-19,18.000,1,5,10.88,T142-18,1,-13.298767,-1.690233,-0.000000,256.692397
49,687.000,2001-07-19,18.000,1,5,10.88,T142-19,1,-39.769371,-0.328629,-0.000000,252.749523
49,687.000,2001-07-19,18.000,1,5,10.88,T142-2,1,-5.591188,-8.701812,-0.000000,256.117979
49,687.000,2001-07-19,18.000,1,5,10.88,T142-27,1,-5.463339,-17.299661,-0.000000,260.846527
49,687.000,2001-07-19,18.000,1,5,10.88,T142-28,1,-31.218450,-0.184550,-0.000000,232.127982
49,687.000,2001-07-19,18.000,1,5,10.88,T142-29,1,-33.010835,-0.285165,-0.000000,241.624918
49,687.000,2001-07-19,18.000,1,5,10.88,T142-3,1,-14.427677,-0.436323,-0.000000,257.887176
49,687.000,2001-07-19,18.000,1,5,10.88,T142-35,1,-32.011031,-0.712969,-0.000000,253.792069
49,687.000,2001-07-19,18.000,1,5,10.88,T142-36,1,-20.201057,-2.515943,-0.000000,258.119245
49,687.000,2001-07-19,18.000,1,5,10.88,T142-39,1,-3.475938,-0.077062,-0.000000,260.601906
49,687.000,2001-07-19,18.000,1,5,10.88,T142-40,1,0.000000,-0.000000,-0.000000,264.630931
49,687.000,2001-07-19,18.000,1,5,10.88,T142-5,1,-47.367538,-0.395462,-0.000000,247.188068
49,687.000,2001-07-19,18.000,1,5,10.88,T142-52,1,-11.969979,-0.075021,-0.000000,241.243493
49,687.000,2001-07-19,18.000,1,5,10.88,T142-8,1,-4.598514,-8.366486,-0.000000,261.279335
49,687.000,2001-07-19,18.000,1,5,10.88,T142X14,1,-40.178077,-2.295923,-0.000000,251.123954
49,687.000,2001-07-19,18.000,1,5,10.88,T142X20,1,-16.540670,-0.455330,-0.000000,250.300317
49,687.000,2001-07-19,18.000,1,5,10.88,T142X21,1,-8.633471,-0.063529,-0.000000,242.861172
49,687.000,2001-07-19,18.000,1,5,10.88,T142X22,1,-14.294310,-0.135690,-0.000000,246.442940
49,687.000,2001-07-19,18.000,1,5,10.88,T142X23,1,-10.277788,-0.059212,-0.000000,248.731103
49,687.000,2001-07-19,18.000,1,5,10.88,T142X25,1,-22.555867,-7.314133,-0.000000,252.320440
49,687.000,2001-07-19,18.000,1,5,10.88,T142X26,1,-10.976412,-0.070588,-0.000000,254.769855
49,687.000,2001-07-19,18.000,1,5,10.88,T142X31,1,-10.184197,-0.080803,-0.000000,243.905959
49,687.000,2001-07-19,18.000,1,5,10.88,T142X33,1,-2.303538,-0.035462,-0.000000,260.829427
49,687.000,2001-07-19,18.000,1,5,10.88,T142X34,1,-29.405666,-0.250334,-0.000000,242.786994
49,687.000,2001-07-19,18.000,1,5,10.88,T142X4,1,-0.000000,0.000000,-0.000000,253.168748
49,687.000,2001-07-19,18.000,1,5,10.88,T142X51,1,-23.052384,-0.152616,-0.000000,243.582418
49,687.000,2001-07-19,18.000,1,5,10.88,T142X53,1,-13.340694,-0.103306,-0.000000,244.958301
49,687.000,2001-07-19,18.000,1,5,10.88,T142X6,1,-30.006753,-0.576247,-0.000000,240.261551
49,687.000,2001-07-19,18.000,1,5,10.88,T142X7,1,0.000000,58.097000,0.000000,259.161424
49,687.000,2001-07-19,18.000,1,5,10.88,T142X9,1,-27.118388,-0.755612,-0.000000,249.448399
50,699.000,2001-07-31,12.000,1,3,6.61,3-4-216,1,-46.410883,-10.192117,-0.000000,244.655695
50,699.000,2001-07-31,12.000,1,3,6.61,T142-1,1,-20.258689,-30.942311,-0.000000,222.432805
50,699.000,2001-07-31,12.000,1,3,6.61,T142-10,1,-14.379041,-0.092959,-0.000000,245.067764
50,699.000,2001-07-31,12.000,1,3,6.61,T142-11,1,-76.925013,-0.636987,-0.000000,240.318954
50,699.000,2001-07-31,12.000,1,3,6.61,T142-12,1,-24.525037,-0.176963,-0.000000,246.296230
50,699.000,2001-07-31,12.000,1,3,6.61,T142-13,1,-22.025409,-0.145591,-0.000000,242.543328
50,699.000,2001-07-31,12.000,1,3,6.61,T142-15,1,-61.106797,-0.654203,-0.000000,250.460332
50,699.000,2001-07-31,12.000,1,3,6.61,T142-16,1,-12.600967,-1.657033,-0.000000,256.569579
50,699.000,2001-07-31,12.000,1,3,6.61,T142-17,1,-21.975455,-12.424545,-0.000000,254.388351
50,699.000,2001-07-31,12.000,1,3,6.61,T142-18,1,-13.224911,-1.764089,-0.000000,256.331483
50,699.000,2001-07-31,12.000,1,3,6.61,T142-19,1,-39.757256,-0.340744,-0.000000,252.359623
50,699.000,2001-07-31,12.000,1,3,6.61,T142-2,1,-5.573078,-8.719922,-0.000000,255.780536
50,699.000,2001-07-31,12.000,1,3,6.61,T142-27,1,-5.024416,-17.738584,-0.000000,260.628595
50,699.000,2001-07-31,12.000,1,3,6.61,T142-28,1,-31.209197,-0.193803,-0.000000,231.667710
50,699.000,2001-07-31,12.000,1,3,6.61,T142-29,1,-32.997138,-0.298862,-0.000000,241.109592
50,699.000,2001-07-31,12.000,1,3,6.61,T142-3,1,-14.415879,-0.448121,-0.000000,257.548428
50,699.000,2001-07-31,12.000,1,3,6.61,T142-35,1,-31.733090,-0.990910,-0.000000,253.434130
50,699.000,2001-07-31,12.000,1,3,6.61,T142-36,1,-19.369625,-3.347375,-0.000000,257.705556
50,699.000,2001-07-31,12.000,1,3,6.61,T142-39,1,-3.457401,-0.095599,-0.000000,260.254315
50,699.000,2001-07-31,12.000,1,3,6.61,T142-40,1,0.000000,-0.000000,-0.000000,264.288049
50,699.000,2001-07-31,12.000,1,3,6.61,T142-5,1,-47.352537,-0.410463,-0.000000,246.777524
50,699.000,2001-07-31,12.000,1,3,6.61,T142-52,1,-11.966481,-0.078519,-0.000000,240.791438
50,699.000,2001-07-31,12.000,1,3,6.61,T142-8,1,-4.617486,-8.347514,-0.000000,260.934321
50,699.000,2001-07-31,12.000,1,3,6.61,T142X14,1,-39.886061,-2.587939,-0.000000,250.710423
50,699.000,2001-07-31,12.000,1,3,6.61,T142X20,1,-16.517814,-0.478186,-0.000000,250.020551
50,699.000,2001-07-31,12.000,1,3,6.61,T142X21,1,-8.631554,-0.065446,-0.000000,242.554731
50,699.000,2001-07-31,12.000,1,3,6.61,T142X22,1,-14.290456,-0.139544,-0.000000,246.169580
50,699.000,2001-07-31,12.000,1,3,6.61,T142X23,1,-10.275910,-0.061090,-0.000000,248.333735
50,699.000,2001-07-31,12.000,1,3,6.61,T142X25,1,-22.320219,-7.549781,-0.000000,251.968624
50,699.000,2001-07-31,12.000,1,3,6.61,T142X26,1,-10.994325,-0.052675,-0.000000,256.517405
50,699.000,2001-07-31,12.000,1,3,6.61,T142X31,1,-10.180515,-0.084485,-0.000000,243.454068
50,699.000,2001-07-31,12.000,1,3,6.61,T142X33,1,-2.291826,-0.047174,-0.000000,260.482744
50,699.000,2001-07-31,12.000,1,3,6.61,T142X34,1,-29.395486,-0.260514,-0.000000,242.376409
50,699.000,2001-07-31,12.000,1,3,6.61,T142X4,1,-0.000000,0.000000,-0.000000,252.868624
50,699.000,2001-07-31,12.000,1,3,6.61,T142X51,1,-23.046161,-0.158839,-0.000000,243.146312
50,699.000,2001-07-31,12.000,1,3,6.61,T142X53,1,-13.336290,-0.107710,-0.000000,244.503737
50,699.000,2001-07-31,12.000,1,3,6.61,T142X6,1,-29.974509,-0.608491,-0.000000,239.895535
50,699.000,2001-07-31,12.000,1,3,6.61,T142X7,1,0.000000,58.097000,0.000000,257.467633
50,699.000,2001-07-31,12.000,1,3,6.61,T142X9,1,-27.099526,-0.774474,-0.000000,249.155511
51,700.000,2001-08-01,1.000,1,2,4.49,3-4-216,1,-46.403719,-10.199281,-0.000000,244.629915
51,700.000,2001-08-01,1.000,1,2,4.49,T142-1,1,-20.252841,-30.948159,-0.000000,222.406804
51,700.000,2001-08-01,1.000,1,2,4.49,T142-10,1,-14.378743,-0.093257,-0.000000,245.031755
51,700.000,2001-08-01,1.000,1,2,4.49,T142-11,1,-76.923300,-0.638700,-0.000000,240.283733
51,700.000,2001-08-01,1.000,1,2,4.49,T142-12,1,-24.524499,-0.177501,-0.000000,246.261941
51,700.000,2001-08-01,1.000,1,2,4.49,T142-13,1,-22.025098,-0.145902,-0.000000,242.512992
51,700.000,2001-08-01,1.000,1,2,4.49,T142-15,1,-61.103462,-0.657538,-0.000000,250.428742
51,700.000,2001-08-01,1.000,1,2,4.49,T142-16,1,-12.599119,-1.658881,-0.000000,256.540316
51,700.000,2001-08-01,1.000,1,2,4.49,T142-17,1,-21.942945,-12.457055,-0.000000,254.358160
51,700.000,2001-08-01,1.000,1,2,4.49,T142-18,1,-13.219811,-1.769189,-0.000000,256.300253
51,700.000,2001-08-01,1.000,1,2,4.49,T142-19,1,-39.756248,-0.341752,-0.000000,252.327120
51,700.000,2001-08-01,1.000,1,2,4.49,T142-2,1,-5.571830,-8.721170,-0.000000,255.751963
51,700.000,2001-08-01,1.000,1,2,4.49,T142-27,1,-4.986863,-17.776137,-0.000000,260.611562
51,700.000,2001-08-01,1.000,1,2,4.49,T142-28,1,-31.208472,-0.194528,-0.000000,231.630399
51,700.000,2001-08-01,1.000,1,2,4.49,T142-29,1,-32.996023,-0.299977,-0.000000,241.067780
51,700.000,2001-08-01,1.000,1,2,4.49,T142-3,1,-14.414881,-0.449119,-0.000000,257.519851
51,700.000,2001-08-01,1.000,1,2,4.49,T142-35,1,-31.711646,-1.012354,-0.000000,253.400211
51,700.000,2001-08-01,1.000,1,2,4.49,T142-36,1,-19.287359,-3.429641,-0.000000,257.673810
51,700.000,2001-08-01,1.000,1,2,4.49,T142-39,1,-3.456256,-0.096744,-0.000000,260.224416
51,700.000,2001-08-01,1.000,1,2,4.49,T142-40,1,-0.000000,-0.000000,-0.000000,264.259451
51,700.000,2001-08-01,1.000,1,2,4.49,T142-43,1,0.000000,-0.000000,-0.000000,250.341454
51,700.000,2001-08-01,1.000,1,2,4.49,T142-5,1,-47.351297,-0.411703,-0.000000,246.743475
51,700.000,2001-08-01,1.000,1,2,4.49,T142-52,1,-11.966194,-0.078806,-0.000000,240.754240
51,700.000,2001-08-01,1.000,1,2,4.49,T142-8,1,-4.619075,-8.345925,-0.000000,260.905500
51,700.000,2001-08-01,1.000,1,2,4.49,T142X14,1,-39.861422,-2.612578,-0.000000,250.675617
51,700.000,2001-08-01,1.000,1,2,4.49,T142X20,1,-16.516224,-0.479776,-0.000000,249.996455
51,700.000,2001-08-01,1.000,1,2,4.49,T142X21,1,-8.631393,-0.065607,-0.000000,242.528948
51,700.000,2001-08-01,1.000,1,2,4.49,T142X22,1,-14.290124,-0.139876,-0.000000,246.145795
51,700.000,2001-08-01,1.000,1,2,4.49,T142X23,1,-10.275755,-0.061245,-0.000000,248.301230
51,700.000,2001-08-01,1.000,1,2,4.49,T142X25,1,-22.300293,-7.569707,-0.000000,251.938606
51,700.000,2001-08-01,1.000,1,2,4.49,T142X26,1,-10.994122,-0.052878,-0.000000,256.487702
51,700.000,2001-08-01,1.000,1,2,4.49,T142X31,1,-10.180212,-0.084788,-0.000000,243.416964
51,700.000,2001-08-01,1.000,1,2,4.49,T142X33,1,-2.290893,-0.048107,-0.000000,260.453430
51,700.000,2001-08-01,1.000,1,2,4.49,T142X34,1,-29.394645,-0.261355,-0.000000,242.342128
51,700.000,2001-08-01,1.000,1,2,4.49,T142X4,1,0.000002,-0.000002,-0.000000,252.843149
51,700.000,2001-08-01,1.000,1,2,4.49,T142X51,1,-23.045646,-0.159354,-0.000000,243.110248
51,700.000,2001-08-01,1.000,1,2,4.49,T142X53,1,-13.335937,-0.108063,-0.000000,244.467075
51,700.000,2001-08-01,1.000,1,2,4.49,T142X6,1,-29.971781,-0.611219,-0.000000,239.864940
51,700.000,2001-08-01,1.000,1,2,4.49,T142X7,1,0.000000,58.097000,0.000000,257.294757
51,700.000,2001-08-01,1.000,1,2,4.49,T142X9,1,-27.098053,-0.775947,-0.000000,249.130378
52,703.000,2001-08-04,3.000,1,3,6.65,3-4-216,1,-42.987708,-9.477292,-0.000000,245.288187
52,703.000,2001-08-04,3.000,1,3,6.65,T142-1,1,-23.765987,-36.456013,-0.000000,217.496353
52,703.000,2001-08-04,3.000,1,3,6.65,T142-10,1,-13.563395,-0.088605,-0.000000,245.000395
52,703.000,2001-08-04,3.000,1,3,6.65,T142-11,1,-80.980206,-0.680794,-0.000000,239.867000
52,703.000,2001-08-04,3.000,1,3,6.65,T142-12,1,-22.789746,-0.165254,-0.000000,246.328666
52,703.000,2001-08-04,3.000,1,3,6.65,T142-13,1,-18.485633,-0.120367,-0.000000,242.996294
52,703.000,2001-08-04,3.000,1,3,6.65,T142-15,1,-71.335070,-0.791930,-0.000000,249.592678
52,703.000,2001-08-04,3.000,1,3,6.65,T142-16,1,-11.775309,-1.555691,-0.000000,256.563221
52,703.000,2001-08-04,3.000,1,3,6.65,T142-17,1,-19.506918,-11.194082,-0.000000,254.533125
52,703.000,2001-08-04,3.000,1,3,6.65,T142-18,1,-8.648929,-1.189071,-0.000000,257.576881
52,703.000,2001-08-04,3.000,1,3,6.65,T142-19,1,-38.309542,-0.331458,-0.000000,252.333258
52,703.000,2001-08-04,3.000,1,3,6.65,T142-2,1,-5.056947,-7.918053,-0.000000,255.791696
52,703.000,2001-08-04,3.000,1,3,6.65,T142-27,1,-4.877376,-17.881624,-0.000000,260.565049
52,703.000,2001-08-04,3.000,1,3,6.65,T142-28,1,-32.551588,-0.205412,-0.000000,230.883631
52,703.000,2001-08-04,3.000,1,3,6.65,T142-29,1,-24.507332,-0.220668,-0.000000,241.718493
52,703.000,2001-08-04,3.000,1,3,6.65,T142-3,1,-8.609257,-0.265743,-0.000000,258.801899
52,703.000,2001-08-04,3.000,1,3,6.65,T142-35,1,-37.487518,-1.295482,-0.000000,252.238055
52,703.000,2001-08-04,3.000,1,3,6.65,T142-36,1,-30.413138,-5.984862,-0.000000,255.645995
52,703.000,2001-08-04,3.000,1,3,6.65,T142-37,1,-5.507906,-1.134094,-0.000000,259.343332
52,703.000,2001-08-04,3.000,1,3,6.65,T142-39,1,-1.939249,-0.058751,-0.000000,260.368180
52,703.000,2001-08-04,3.000,1,3,6.65,T142-40,1,0.000000,-4.813000,-0.000000,263.970409
52,703.000,2001-08-04,3.000,1,3,6.65,T142-43,1,-9.791217,-0.053783,-0.000000,248.790166
52,703.000,2001-08-04,3.000,1,3,6.65,T142-5,1,-43.711450,-0.380550,-0.000000,246.938512
52,703.000,2001-08-04,3.000,1,3,6.65,T142-52,1,-31.001802,-0.219198,-0.000000,238.336163
52,703.000,2001-08-04,3.000,1,3,6.65,T142-8,1,-4.023012,-7.247988,-0.000000,261.025385
52,703.000,2001-08-04,3.000,1,3,6.65,T142X14,1,-37.895559,-2.554441,-0.000000,251.085193
52,703.000,2001-08-04,3.000,1,3,6.65,T142X20,1,-18.371220,-0.546780,-0.000000,249.813826
52,703.000,2001-08-04,3.000,1,3,6.65,T142X21,1,-6.544488,-0.049512,-0.000000,243.176636
52,703.000,2001-08-04,3.000,1,3,6.65,T142X22,1,-12.743625,-0.124375,-0.000000,246.382684
52,703.000,2001-08-04,3.000,1,3,6.65,T142X23,1,-9.858395,-0.058605,-0.000000,248.308677
52,703.000,2001-08-04,3.000,1,3,6.65,T142X25,1,0.000000,18.935000,0.000000,254.711406
52,703.000,2001-08-04,3.000,1,3,6.65,T142X26,1,-13.126014,-0.061986,-0.000000,256.296589
52,703.000,2001-08-04,3.000,1,3,6.65,T142X31,1,-9.896521,-0.083479,-0.000000,243.303711
52,703.000,2001-08-04,3.000,1,3,6.65,T142X33,1,-2.407717,-0.054283,-0.000000,260.340384
52,703.000,2001-08-04,3.000,1,3,6.65,T142X34,1,-30.343800,-0.274200,-0.000000,241.925972
52,703.000,2001-08-04,3.000,1,3,6.65,T142X4,1,-0.000002,0.000002,-0.000000,252.778408
52,703.000,2001-08-04,3.000,1,3,6.65,T142X41,1,-0.118204,-3.341796,-0.000000,262.074301
52,703.000,2001-08-04,3.000,1,3,6.65,T142X51,1,-23.680205,-0.165795,-0.000000,242.948605
52,703.000,2001-08-04,3.000,1,3,6.65,T142X53,1,-21.059541,-0.180459,-0.000000,242.808914
52,703.000,2001-08-04,3.000,1,3,6.65,T142X6,1,-28.082108,-0.575892,-0.000000,240.579348
52,703.000,2001-08-04,3.000,1,3,6.65,T142X7,1,0.000000,78.097000,0.000000,258.628615
52,703.000,2001-08-04,3.000,1,3,6.65,T142X9,1,-27.471408,-0.790592,-0.000000,249.088104
53,709.000,2001-08-10,6.000,1,4,8.26,3-4-216,1,-42.894658,-9.570342,-0.000000,245.143187
53,709.000,2001-08-10,6.000,1,4,8.26,T142-1,1,-23.715799,-36.506201,-0.000000,217.357217
53,709.000,2001-08-10,6.000,1,4,8.26,T142-10,1,-13.561815,-0.090185,-0.000000,244.791713
53,709.000,2001-08-10,6.000,1,4,8.26,T142-11,1,-80.972309,-0.688691,-0.000000,239.702569
53,709.000,2001-08-10,6.000,1,4,8.26,T142-12,1,-22.787835,-0.167165,-0.000000,246.178589
53,709.000,2001-08-10,6.000,1,4,8.26,T142-13,1,-18.485017,-0.120983,-0.000000,242.893343
53,709.000,2001-08-10,6.000,1,4,8.26,T142-15,1,-71.305640,-0.821360,-0.000000,249.405294
53,709.000,2001-08-10,6.000,1,4,8.26,T142-16,1,-11.768678,-1.562322,-0.000000,256.416562
53,709.000,2001-08-10,6.000,1,4,8.26,T142-17,1,-19.336092,-11.364908,-0.000000,254.363789
53,709.000,2001-08-10,6.000,1,4,8.26,T142-18,1,-8.631405,-1.206595,-0.000000,257.405502
53,709.000,2001-08-10,6.000,1,4,8.26,T142-19,1,-38.303621,-0.337379,-0.000000,252.136864
53,709.000,2001-08-10,6.000,1,4,8.26,T142-2,1,-5.058263,-7.916737,-0.000000,255.653303
53,709.000,2001-08-10,6.000,1,4,8.26,T142-27,1,-4.679193,-18.079807,-0.000000,260.461364
53,709.000,2001-08-10,6.000,1,4,8.26,T142-28,1,-32.549602,-0.207398,-0.000000,230.737853
53,709.000,2001-08-10,6.000,1,4,8.26,T142-29,1,-24.506760,-0.221240,-0.000000,242.529384
53,709.000,2001-08-10,6.000,1,4,8.26,T142-3,1,-8.609923,-0.265077,-0.000000,258.643544
53,709.000,2001-08-10,6.000,1,4,8.26,T142-35,1,-37.302163,-1.480837,-0.000000,252.048974
53,709.000,2001-08-10,6.000,1,4,8.26,T142-36,1,-29.623708,-6.774292,-0.000000,255.446209
53,709.000,2001-08-10,6.000,1,4,8.26,T142-37,1,-5.428403,-1.213597,-0.000000,259.172338
53,709.000,2001-08-10,6.000,1,4,8.26,T142-39,1,-1.933614,-0.064386,-0.000000,260.210202
53,709.000,2001-08-10,6.000,1,4,8.26,T142-40,1,-0.000000,-4.813000,-0.000000,263.804134
53,709.000,2001-08-10,6.000,1,4,8.26,T142-43,1,-9.789352,-0.055648,-0.000000,248.526195
53,709.000,2001-08-10,6.000,1,4,8.26,T142-5,1,-43.705612,-0.386388,-0.000000,246.767164
53,709.000,2001-08-10,6.000,1,4,8.26,T142-52,1,-30.996875,-0.224125,-0.000000,238.029198
53,709.000,2001-08-10,6.000,1,4,8.26,T142-8,1,-4.039342,-7.231658,-0.000000,260.855216
53,709.000,2001-08-10,6.000,1,4,8.26,T142X14,1,-37.753828,-2.696172,-0.000000,250.886543
53,709.000,2001-08-10,6.000,1,4,8.26,T142X20,1,-18.352816,-0.565184,-0.000000,249.664697
53,709.000,2001-08-10,6.000,1,4,8.26,T142X21,1,-6.544665,-0.049335,-0.000000,243.181748
53,709.000,2001-08-10,6.000,1,4,8.26,T142X22,1,-12.742520,-0.125480,-0.000000,246.308675
53,709.000,2001-08-10,6.000,1,4,8.26,T142X23,1,-9.857562,-0.059438,-0.000000,248.145326
53,709.000,2001-08-10,6.000,1,4,8.26,T142X25,1,0.000000,18.935000,0.000000,254.587011
53,709.000,2001-08-10,6.000,1,4,8.26,T142X26,1,-13.125496,-0.062504,-0.000000,256.154194
53,709.000,2001-08-10,6.000,1,4,8.26,T142X31,1,-9.894586,-0.085414,-0.000000,243.067935
53,709.000,2001-08-10,6.000,1,4,8.26,T142X33,1,-2.396443,-0.065557,-0.000000,260.180784
53,709.000,2001-08-10,6.000,1,4,8.26,T142X34,1,-30.338120,-0.279880,-0.000000,241.683638
53,709.000,2001-08-10,6.000,1,4,8.26,T142X4,1,-0.000507,0.000507,-0.000000,249.809386
53,709.000,2001-08-10,6.000,1,4,8.26,T142X41,1,-0.117415,-3.342585,-0.000000,261.905790
53,709.000,2001-08-10,6.000,1,4,8.26,T142X51,1,-23.676011,-0.169989,-0.000000,242.686419
53,709.000,2001-08-10,6.000,1,4,8.26,T142X53,1,-21.054443,-0.185557,-0.000000,242.476970
53,709.000,2001-08-10,6.000,1,4,8.26,T142X6,1,-28.068212,-0.589788,-0.000000,240.482174
53,709.000,2001-08-10,6.000,1,4,8.26,T142X7,1,0.000000,78.097000,0.000000,257.701904
53,709.000,2001-08-10,6.000,1,4,8.26,T142X9,1,-27.468104,-0.793896,-0.000000,248.986467
54,716.000,2001-08-17,7.000,1,2,4.80,3-4-216,1,-42.793445,-9.671555,-0.000000,244.960248
54,716.000,2001-08-17,7.000,1,2,4.80,T142-1,1,-23.714529,-36.507471,-0.000000,217.173275
54,716.000,2001-08-17,7.000,1,2,4.80,T142-10,1,-13.560087,-0.091913,-0.000000,244.555890
54,716.000,2001-08-17,7.000,1,2,4.80,T142-11,1,-80.961820,-0.699180,-0.000000,239.504157
54,716.000,2001-08-17,7.000,1,2,4.80,T142-12,1,-22.785251,-0.169749,-0.000000,245.984342
54,716.000,2001-08-17,7.000,1,2,4.80,T142-13,1,-18.483661,-0.122339,-0.000000,242.726526
54,716.000,2001-08-17,7.000,1,2,4.80,T142-15,1,-71.267231,-0.859769,-0.000000,249.198512
54,716.000,2001-08-17,7.000,1,2,4.80,T142-16,1,-11.761128,-1.569872,-0.000000,256.227552
54,716.000,2001-08-17,7.000,1,2,4.80,T142-17,1,-19.147617,-11.553383,-0.000000,254.169466
54,716.000,2001-08-17,7.000,1,2,4.80,T142-18,1,-8.609712,-1.228288,-0.000000,257.200154
54,716.000,2001-08-17,7.000,1,2,4.80,T142-19,1,-38.296827,-0.344173,-0.000000,251.911099
54,716.000,2001-08-17,7.000,1,2,4.80,T142-2,1,-5.056604,-7.918396,-0.000000,255.468611
54,716.000,2001-08-17,7.000,1,2,4.80,T142-27,1,-4.472180,-18.286820,-0.000000,260.329482
54,716.000,2001-08-17,7.000,1,2,4.80,T142-28,1,-32.546576,-0.210424,-0.000000,230.545094
54,716.000,2001-08-17,7.000,1,2,4.80,T142-29,1,-24.502267,-0.225733,-0.000000,242.346199
54,716.000,2001-08-17,7.000,1,2,4.80,T142-3,1,-8.610233,-0.264767,-0.000000,258.445241
54,716.000,2001-08-17,7.000,1,2,4.80,T142-35,1,-37.098322,-1.684678,-0.000000,251.836923
54,716.000,2001-08-17,7.000,1,2,4.80,T142-36,1,-28.877257,-7.520743,-0.000000,255.235189
54,716.000,2001-08-17,7.000,1,2,4.80,T142-37,1,-5.343068,-1.298932,-0.000000,258.979757
54,716.000,2001-08-17,7.000,1,2,4.80,T142-39,1,-1.927252,-0.070748,-0.000000,260.018155
54,716.000,2001-08-17,7.000,1,2,4.80,T142-40,1,-0.000000,-4.813000,-0.000000,263.727202
54,716.000,2001-08-17,7.000,1,2,4.80,T142-43,1,-9.787502,-0.057498,-0.000000,248.248558
54,716.000,2001-08-17,7.000,1,2,4.80,T142-5,1,-43.698507,-0.393493,-0.000000,246.558125
54,716.000,2001-08-17,7.000,1,2,4.80,T142-52,1,-30.992508,-0.228492,-0.000000,237.742756
54,716.000,2001-08-17,7.000,1,2,4.80,T142-8,1,-4.058316,-7.212684,-0.000000,260.654615
54,716.000,2001-08-17,7.000,1,2,4.80,T142X14,1,-37.581907,-2.868093,-0.000000,250.648823
54,716.000,2001-08-17,7.000,1,2,4.80,T142X20,1,-18.332204,-0.585796,-0.000000,249.489681
54,716.000,2001-08-17,7.000,1,2,4.80,T142X21,1,-6.544399,-0.049601,-0.000000,243.104515
54,716.000,2001-08-17,7.000,1,2,4.80,T142X22,1,-12.740630,-0.127370,-0.000000,246.166786
54,716.000,2001-08-17,7.000,1,2,4.80,T142X23,1,-9.856579,-0.060421,-0.000000,247.948820
54,716.000,2001-08-17,7.000,1,2,4.80,T142X25,1,0.000000,18.935000,0.000000,254.341152
54,716.000,2001-08-17,7.000,1,2,4.80,T142X26,1,-13.124611,-0.063389,-0.000000,255.965098
54,716.000,2001-08-17,7.000,1,2,4.80,T142X31,1,-9.892545,-0.087455,-0.000000,242.818900
54,716.000,2001-08-17,7.000,1,2,4.80,T142X33,1,-2.381852,-0.080148,-0.000000,259.987603
54,716.000,2001-08-17,7.000,1,2,4.80,T142X34,1,-30.332005,-0.285995,-0.000000,241.423868
54,716.000,2001-08-17,7.000,1,2,4.80,T142X4,1,0.045318,-0.045318,-0.000000,249.644140
54,716.000,2001-08-17,7.000,1,2,4.80,T142X41,1,-0.116567,-3.343433,-0.000000,261.711707
54,716.000,2001-08-17,7.000,1,2,4.80,T142X51,1,-23.671664,-0.174336,-0.000000,242.408587
54,716.000,2001-08-17,7.000,1,2,4.80,T142X53,1,-21.049956,-0.190044,-0.000000,242.179532
54,716.000,2001-08-17,7.000,1,2,4.80,T142X6,1,-28.049135,-0.608865,-0.000000,240.311025
54,716.000,2001-08-17,7.000,1,2,4.80,T142X7,1,0.000000,78.097000,0.000000,257.001295
54,716.000,2001-08-17,7.000,1,2,4.80,T142X9,1,-27.464181,-0.797819,-0.000000,248.823946
55,719.000,2001-08-20,3.000,1,2,4.51,3-4-216,1,-42.752991,-9.712009,-0.000000,244.881809
55,719.000,2001-08-20,3.000,1,2,4.51,T142-1,1,-23.721470,-36.500530,-0.000000,217.090556
55,719.000,2001-08-20,3.000,1,2,4.51,T142-10,1,-13.559362,-0.092638,-0.000000,244.455685
55,719.000,2001-08-20,3.000,1,2,4.51,T142-11,1,-80.957080,-0.703920,-0.000000,239.416926
55,719.000,2001-08-20,3.000,1,2,4.51,T142-12,1,-22.784083,-0.170917,-0.000000,245.897687
55,719.000,2001-08-20,3.000,1,2,4.51,T142-13,1,-18.483006,-0.122994,-0.000000,242.649535
55,719.000,2001-08-20,3.000,1,2,4.51,T142-15,1,-71.249610,-0.877390,-0.000000,249.104305
55,719.000,2001-08-20,3.000,1,2,4.51,T142-16,1,-11.757792,-1.573208,-0.000000,256.143657
55,719.000,2001-08-20,3.000,1,2,4.51,T142-17,1,-19.066996,-11.634004,-0.000000,254.081311
55,719.000,2001-08-20,3.000,1,2,4.51,T142-18,1,-9.114917,-0.723083,-0.000000,258.473975
55,719.000,2001-08-20,3.000,1,2,4.51,T142-19,1,-38.293999,-0.347001,-0.000000,251.817162
55,719.000,2001-08-20,3.000,1,2,4.51,T142-2,1,-5.055586,-7.919414,-0.000000,255.386935
55,719.000,2001-08-20,3.000,1,2,4.51,T142-27,1,-4.388623,-18.370377,-0.000000,260.272651
55,719.000,2001-08-20,3.000,1,2,4.51,T142-28,1,-32.545118,-0.211882,-0.000000,230.456921
55,719.000,2001-08-20,3.000,1,2,4.51,T142-29,1,-24.500238,-0.227762,-0.000000,242.261018
55,719.000,2001-08-20,3.000,1,2,4.51,T142-3,1,-8.682952,-0.192048,-0.000000,259.292092
55,719.000,2001-08-20,3.000,1,2,4.51,T142-35,1,-37.026741,-1.756259,-0.000000,251.743912
55,719.000,2001-08-20,3.000,1,2,4.51,T142-36,1,-28.555774,-7.842226,-0.000000,255.147654
55,719.000,2001-08-20,3.000,1,2,4.51,T142-37,1,-5.308960,-1.333040,-0.000000,258.894471
55,719.000,2001-08-20,3.000,1,2,4.51,T142-39,1,-1.924722,-0.073278,-0.000000,259.934533
55,719.000,2001-08-20,3.000,1,2,4.51,T142-40,1,0.000000,-4.813000,-0.000000,263.643818
55,719.000,2001-08-20,3.000,1,2,4.51,T142-43,1,-9.786753,-0.058247,-0.000000,248.133326
55,719.000,2001-08-20,3.000,1,2,4.51,T142-5,1,-43.695369,-0.396631,-0.000000,246.465568
55,719.000,2001-08-20,3.000,1,2,4.51,T142-52,1,-30.990719,-0.230281,-0.000000,237.625927
55,719.000,2001-08-20,3.000,1,2,4.51,T142-8,1,-4.066046,-7.204954,-0.000000,260.570682
55,719.000,2001-08-20,3.000,1,2,4.51,T142X14,1,-37.506807,-2.943193,-0.000000,250.546643
55,719.000,2001-08-20,3.000,1,2,4.51,T142X20,1,-18.323667,-0.594333,-0.000000,249.413661
55,719.000,2001-08-20,3.000,1,2,4.51,T142X21,1,-6.544217,-0.049783,-0.000000,243.059490
55,719.000,2001-08-20,3.000,1,2,4.51,T142X22,1,-12.739748,-0.128252,-0.000000,246.099197
55,719.000,2001-08-20,3.000,1,2,4.51,T142X23,1,-9.856158,-0.060842,-0.000000,247.863512
55,719.000,2001-08-20,3.000,1,2,4.51,T142X25,1,0.000000,18.935000,0.000000,254.231168
55,719.000,2001-08-20,3.000,1,2,4.51,T142X26,1,-13.124133,-0.063867,-0.000000,255.879355
55,719.000,2001-08-20,3.000,1,2,4.51,T142X31,1,-9.891696,-0.088304,-0.000000,242.715068
55,719.000,2001-08-20,3.000,1,2,4.51,T142X33,1,-2.375391,-0.086609,-0.000000,259.903525
55,719.000,2001-08-20,3.000,1,2,4.51,T142X34,1,-30.329467,-0.288533,-0.000000,241.316166
55,719.000,2001-08-20,3.000,1,2,4.51,T142X4,1,0.010105,-0.010105,-0.000000,249.568515
55,719.000,2001-08-20,3.000,1,2,4.51,T142X41,1,-0.116204,-3.343796,-0.000000,261.628594
55,719.000,2001-08-20,3.000,1,2,4.51,T142X51,1,-23.669879,-0.176121,-0.000000,242.293675
55,719.000,2001-08-20,3.000,1,2,4.51,T142X53,1,-21.048143,-0.191857,-0.000000,242.059605
55,719.000,2001-08-20,3.000,1,2,4.51,T142X6,1,-28.040574,-0.617426,-0.000000,240.230977
55,719.000,2001-08-20,3.000,1,2,4.51,T142X7,1,0.000000,78.097000,0.000000,256.695912
55,719.000,2001-08-20,3.000,1,2,4.51,T142X9,1,-27.462324,-0.799676,-0.000000,248.749451
56,731.000,2001-09-01,12.000,1,3,6.79,3-4-216,1,-42.709716,-9.755284,-0.000000,244.632738
56,731.000,2001-09-01,12.000,1,3,6.79,T142-1,1,-23.585406,-36.636594,-0.000000,216.789263
56,731.000,2001-09-01,12.000,1,3,6.79,T142-10,1,-13.556706,-0.095294,-0.000000,244.069312
56,731.000,2001-09-01,12.000,1,3,6.79,T142-11,1,-80.937288,-0.723712,-0.000000,239.062750
56,731.000,2001-09-01,12.000,1,3,6.79,T142-12,1,-22.779423,-0.175577,-0.000000,245.546073
56,731.000,2001-09-01,12.000,1,3,6.79,T142-13,1,-18.480177,-0.125823,-0.000000,242.325140
56,731.000,2001-09-01,12.000,1,3,6.79,T142-15,1,-71.163696,-0.963304,-0.000000,248.745744
56,731.000,2001-09-01,12.000,1,3,6.79,T142-16,1,-11.743918,-1.587082,-0.000000,255.808662
56,731.000,2001-09-01,12.000,1,3,6.79,T142-17,1,-18.749794,-11.951206,-0.000000,253.745935
56,731.000,2001-09-01,12.000,1,3,6.79,T142-18,1,-9.099239,-0.738761,-0.000000,258.107921
56,731.000,2001-09-01,12.000,1,3,6.79,T142-19,1,-38.282904,-0.358096,-0.000000,251.446401
56,731.000,2001-09-01,12.000,1,3,6.79,T142-2,1,-5.047265,-7.927735,-0.000000,255.064673
56,731.000,2001-09-01,12.000,1,3,6.79,T142-27,1,-4.098219,-18.660781,-0.000000,260.023863
56,731.000,2001-09-01,12.000,1,3,6.79,T142-28,1,-32.539013,-0.217987,-0.000000,230.094835
56,731.000,2001-09-01,12.000,1,3,6.79,T142-29,1,-24.491843,-0.236157,-0.000000,241.896503
56,731.000,2001-09-01,12.000,1,3,6.79,T142-3,1,-8.681998,-0.193002,-0.000000,258.950421
56,731.000,2001-09-01,12.000,1,3,6.79,T142-35,1,-36.808537,-1.974463,-0.000000,251.381460
56,731.000,2001-09-01,12.000,1,3,6.79,T142-36,1,-27.409033,-8.988967,-0.000000,254.820022
56,731.000,2001-09-01,12.000,1,3,6.79,T142-37,1,-5.172993,-1.469007,-0.000000,258.558697
56,731.000,2001-09-01,12.000,1,3,6.79,T142-38,1,-0.000986,0.000986,-0.000000,260.657145
56,731.000,2001-09-01,12.000,1,3,6.79,T142-39,1,-1.913890,-0.084110,-0.000000,259.600911
56,731.000,2001-09-01,12.000,1,3,6.79,T142-40,1,0.000000,-4.813000,-0.000000,263.307901
56,731.000,2001-09-01,12.000,1,3,6.79,T142-43,1,-9.784150,-0.060850,-0.000000,247.704831
56,731.000,2001-09-01,12.000,1,3,6.79,T142-5,1,-43.683171,-0.408829,-0.000000,246.101247
56,731.000,2001-09-01,12.000,1,3,6.79,T142-52,1,-30.983905,-0.237095,-0.000000,237.196763
56,731.000,2001-09-01,12.000,1,3,6.79,T142-8,1,-4.095593,-7.175407,-0.000000,260.228365
56,731.000,2001-09-01,12.000,1,3,6.79,T142X14,1,-37.189469,-3.260531,-0.000000,250.134635
56,731.000,2001-09-01,12.000,1,3,6.79,T142X20,1,-18.283563,-0.634437,-0.000000,249.192546
56,731.000,2001-09-01,12.000,1,3,6.79,T142X21,1,-6.541909,-0.052091,-0.000000,242.599116
56,731.000,2001-09-01,12.000,1,3,6.79,T142X22,1,-12.736033,-0.131967,-0.000000,245.810334
56,731.000,2001-09-01,12.000,1,3,6.79,T142X23,1,-9.854481,-0.062519,-0.000000,247.518218
56,731.000,2001-09-01,12.000,1,3,6.79,T142X25,1,0.000000,18.935000,0.000000,253.832618
56,731.000,2001-09-01,12.000,1,3,6.79,T142X26,1,-13.122493,-0.065507,-0.000000,255.537701
56,731.000,2001-09-01,12.000,1,3,6.79,T142X31,1,-9.888472,-0.091528,-0.000000,242.320895
56,731.000,2001-09-01,12.000,1,3,6.79,T142X33,1,-2.345069,-0.116931,-0.000000,259.566463
56,731.000,2001-09-01,12.000,1,3,6.79,T142X34,1,-30.319960,-0.298040,-0.000000,240.912113
56,731.000,2001-09-01,12.000,1,3,6.79,T142X4,1,-0.000000,0.000000,-0.000000,252.120362
56,731.000,2001-09-01,12.000,1,3,6.79,T142X41,1,-0.114840,-3.345160,-0.000000,261.294939
56,731.000,2001-09-01,12.000,1,3,6.79,T142X51,1,-23.663373,-0.182627,-0.000000,241.867957
56,731.000,2001-09-01,12.000,1,3,6.79,T142X53,1,-21.041459,-0.198541,-0.000000,241.625335
56,731.000,2001-09-01,12.000,1,3,6.79,T142X6,1,-28.002823,-0.655177,-0.000000,239.899921
56,731.000,2001-09-01,12.000,1,3,6.79,T142X7,1,0.000000,78.097000,0.000000,255.829213
56,731.000,2001-09-01,12.000,1,3,6.79,T142X9,1,-27.444855,-0.817145,-0.000000,248.474246
57,734.000,2001-09-04,3.000,1,3,6.25,3-4-216,1,-41.582245,-9.504755,-0.000000,244.804600
57,734.000,2001-09-04,3.000,1,3,6.25,T142-1,1,-25.524958,-39.817042,-0.000000,213.982376
57,734.000,2001-09-04,3.000,1,3,6.25,T142-10,1,-11.448506,-0.080494,-0.000000,244.179150
57,734.000,2001-09-04,3.000,1,3,6.25,T142-11,1,-81.221228,-0.730772,-0.000000,238.961800
57,734.000,2001-09-04,3.000,1,3,6.25,T142-12,1,-21.308250,-0.164750,-0.000000,245.581145
57,734.000,2001-09-04,3.000,1,3,6.25,T142-13,1,-16.572710,-0.112290,-0.000000,242.532109
57,734.000,2001-09-04,3.000,1,3,6.25,T142-15,1,-65.713590,-0.905410,-0.000000,249.048611
57,734.000,2001-09-04,3.000,1,3,6.25,T142-16,1,-8.872729,-1.208271,-0.000000,255.980517
57,734.000,2001-09-04,3.000,1,3,6.25,T142-17,1,-13.354514,-8.556486,-0.000000,254.320204
57,734.000,2001-09-04,3.000,1,3,6.25,T142-18,1,-18.778323,-1.171677,-0.000000,257.213119
57,734.000,2001-09-04,3.000,1,3,6.25,T142-19,1,-34.009045,-0.318955,-0.000000,251.640363
57,734.000,2001-09-04,3.000,1,3,6.25,T142-2,1,-4.243821,-6.658179,-0.000000,255.100357
57,734.000,2001-09-04,3.000,1,3,6.25,T142-27,1,-3.863848,-17.956152,-0.000000,260.126057
57,734.000,2001-09-04,3.000,1,3,6.25,T142-28,1,-30.989115,-0.207885,-0.000000,230.766929
57,734.000,2001-09-04,3.000,1,3,6.25,T142-29,1,-20.839085,-0.201915,-0.000000,242.031586
57,734.000,2001-09-04,3.000,1,3,6.25,T142-3,1,-11.911597,-0.257403,-0.000000,258.640280
57,734.000,2001-09-04,3.000,1,3,6.25,T142-35,1,-39.285531,-2.172469,-0.000000,250.809607
57,734.000,2001-09-04,3.000,1,3,6.25,T142-36,1,-19.180422,-6.545578,-0.000000,256.242900
57,734.000,2001-09-04,3.000,1,3,6.25,T142-37,1,-9.020170,-2.709830,-0.000000,257.527349
57,734.000,2001-09-04,3.000,1,3,6.25,T142-38,1,-0.414908,-0.734092,-0.000000,260.552673
57,734.000,2001-09-04,3.000,1,3,6.25,T142-39,1,-1.052711,-0.048289,-0.000000,259.638548
57,734.000,2001-09-04,3.000,1,3,6.25,T142-40,1,-0.000000,-1.594000,-0.000000,263.285191
57,734.000,2001-09-04,3.000,1,3,6.25,T142-43,1,-16.042115,-0.102885,-0.000000,246.671071
57,734.000,2001-09-04,3.000,1,3,6.25,T142-5,1,-42.291373,-0.397627,-0.000000,246.124012
57,734.000,2001-09-04,3.000,1,3,6.25,T142-52,1,-31.506954,-0.243046,-0.000000,237.032726
57,734.000,2001-09-04,3.000,1,3,6.25,T142-54,1,-20.644656,-0.205344,-0.000000,255.380088
57,734.000,2001-09-04,3.000,1,3,6.25,T142-57,1,-4.983238,-0.048762,-0.000000,249.327264
57,734.000,2001-09-04,3.000,1,3,6.25,T142-8,1,-2.313376,-4.016624,-0.000000,260.739323
57,734.000,2001-09-04,3.000,1,3,6.25,T142X14,1,-36.111528,-3.248472,-0.000000,250.315784
57,734.000,2001-09-04,3.000,1,3,6.25,T142X20,1,-15.425440,-0.534560,-0.000000,249.361208
57,734.000,2001-09-04,3.000,1,3,6.25,T142X21,1,-4.918785,-0.039215,-0.000000,243.056110
57,734.000,2001-09-04,3.000,1,3,6.25,T142X22,1,-9.733504,-0.100496,-0.000000,246.239481
57,734.000,2001-09-04,3.000,1,3,6.25,T142X23,1,-7.136231,-0.041769,-0.000000,248.056439
57,734.000,2001-09-04,3.000,1,3,6.25,T142X25,1,-0.000023,0.367023,0.000000,252.866875
57,734.000,2001-09-04,3.000,1,3,6.25,T142X26,1,-15.686085,-0.077915,-0.000000,255.272944
57,734.000,2001-09-04,3.000,1,3,6.25,T142X31,1,-7.955090,-0.073910,-0.000000,242.377104
57,734.000,2001-09-04,3.000,1,3,6.25,T142X33,1,-2.523354,-0.133646,-0.000000,259.417508
57,734.000,2001-09-04,3.000,1,3,6.25,T142X34,1,-27.248298,-0.265702,-0.000000,241.778888
57,734.000,2001-09-04,3.000,1,3,6.25,T142X4,1,0.000000,-0.000000,-0.000000,252.049605
57,734.000,2001-09-04,3.000,1,3,6.25,T142X41,1,-0.229459,-6.979541,-0.000000,261.075098
57,734.000,2001-09-04,3.000,1,3,6.25,T142X51,1,-24.194495,-0.188505,-0.000000,241.729506
57,734.000,2001-09-04,3.000,1,3,6.25,T142X53,1,-16.895833,-0.157167,-0.000000,242.355126
57,734.000,2001-09-04,3.000,1,3,6.25,T142X6,1,-27.990615,-0.665385,-0.000000,239.800705
57,734.000,2001-09-04,3.000,1,3,6.25,T142X7,1,0.000000,73.067000,0.000000,255.334103
57,734.000,2001-09-04,3.000,1,3,6.25,T142X9,1,-27.000009,-0.807991,-0.000000,248.431402
58,744.000,2001-09-14,10.000,1,4,8.25,3-4-216,1,-41.478531,-9.608469,-0.000000,244.492561
58,744.000,2001-09-14,10.000,1,4,8.25,T142-1,1,-25.448317,-39.893683,-0.000000,213.737898
58,744.000,2001-09-14,10.000,1,4,8.25,T142-10,1,-11.446909,-0.082091,-0.000000,243.879690
58,744.000,2001-09-14,10.000,1,4,8.25,T142-11,1,-81.205290,-0.746710,-0.000000,238.676286
58,744.000,2001-09-14,10.000,1,4,8.25,T142-12,1,-21.304805,-0.168195,-0.000000,245.288479
58,744.000,2001-09-14,10.000,1,4,8.25,T142-13,1,-16.570470,-0.114530,-0.000000,242.257679
58,744.000,2001-09-14,10.000,1,4,8.25,T142-15,1,-65.633186,-0.985814,-0.000000,248.744843
58,744.000,2001-09-14,10.000,1,4,8.25,T142-16,1,-8.852124,-1.228876,-0.000000,255.684949
58,744.000,2001-09-14,10.000,1,4,8.25,T142-17,1,-13.211940,-8.699060,-0.000000,254.035116
58,744.000,2001-09-14,10.000,1,4,8.25,T142-18,1,-18.746655,-1.203345,-0.000000,256.911657
58,744.000,2001-09-14,10.000,1,4,8.25,T142-19,1,-34.001086,-0.326914,-0.000000,251.318377
58,744.000,2001-09-14,10.000,1,4,8.25,T142-2,1,-4.249153,-6.652847,-0.000000,254.803640
58,744.000,2001-09-14,10.000,1,4,8.25,T142-27,1,-3.668431,-18.151569,-0.000000,259.893945
58,744.000,2001-09-14,10.000,1,4,8.25,T142-28,1,-30.984263,-0.212737,-0.000000,230.468823
58,744.000,2001-09-14,10.000,1,4,8.25,T142-29,1,-20.833180,-0.207820,-0.000000,241.731804
58,744.000,2001-09-14,10.000,1,4,8.25,T142-3,1,-11.905764,-0.263236,-0.000000,258.344464
58,744.000,2001-09-14,10.000,1,4,8.25,T142-35,1,-39.053973,-2.404027,-0.000000,250.485865
58,744.000,2001-09-14,10.000,1,4,8.25,T142-36,1,-18.619585,-7.106415,-0.000000,255.966881
58,744.000,2001-09-14,10.000,1,4,8.25,T142-37,1,-8.675858,-3.054142,-0.000000,257.249814
58,744.000,2001-09-14,10.000,1,4,8.25,T142-38,1,-0.406396,-0.742604,-0.000000,260.225035
58,744.000,2001-09-14,10.000,1,4,8.25,T142-39,1,-1.049120,-0.051880,-0.000000,259.348585
58,744.000,2001-09-14,10.000,1,4,8.25,T142-40,1,0.000000,-1.594000,-0.000000,262.997614
58,744.000,2001-09-14,10.000,1,4,8.25,T142-43,1,-16.055883,-0.089117,-0.000000,247.708434
58,744.000,2001-09-14,10.000,1,4,8.25,T142-5,1,-42.282002,-0.406998,-0.000000,245.827110
58,744.000,2001-09-14,10.000,1,4,8.25,T142-52,1,-31.501652,-0.248348,-0.000000,236.703110
58,744.000,2001-09-14,10.000,1,4,8.25,T142-54,1,-20.638764,-0.211236,-0.000000,255.043074
58,744.000,2001-09-14,10.000,1,4,8.25,T142-57,1,-4.982074,-0.049926,-0.000000,248.995138
58,744.000,2001-09-14,10.000,1,4,8.25,T142-8,1,-2.364135,-3.965865,-0.000000,260.445374
58,744.000,2001-09-14,10.000,1,4,8.25,T142X14,1,-35.844984,-3.515016,-0.000000,249.968427
58,744.000,2001-09-14,10.000,1,4,8.25,T142X20,1,-15.416675,-0.543325,-0.000000,249.019978
58,744.000,2001-09-14,10.000,1,4,8.25,T142X21,1,-4.918513,-0.039487,-0.000000,242.943522
58,744.000,2001-09-14,10.000,1,4,8.25,T142X22,1,-9.731052,-0.102948,-0.000000,245.985435
58,744.000,2001-09-14,10.000,1,4,8.25,T142X23,1,-7.135484,-0.042516,-0.000000,247.799599
58,744.000,2001-09-14,10.000,1,4,8.25,T142X25,1,0.000036,0.366964,0.000000,252.566098
58,744.000,2001-09-14,10.000,1,4,8.25,T142X26,1,-15.684329,-0.079671,-0.000000,254.971073
58,744.000,2001-09-14,10.000,1,4,8.25,T142X31,1,-7.953172,-0.075828,-0.000000,242.078599
58,744.000,2001-09-14,10.000,1,4,8.25,T142X33,1,-2.497112,-0.159888,-0.000000,259.121288
58,744.000,2001-09-14,10.000,1,4,8.25,T142X34,1,-27.240875,-0.273125,-0.000000,241.475805
58,744.000,2001-09-14,10.000,1,4,8.25,T142X4,1,-0.000208,0.000208,-0.000000,248.931504
58,744.000,2001-09-14,10.000,1,4,8.25,T142X41,1,-0.227322,-6.981678,-0.000000,260.786645
58,744.000,2001-09-14,10.000,1,4,8.25,T142X51,1,-24.189039,-0.193961,-0.000000,241.379488
58,744.000,2001-09-14,10.000,1,4,8.25,T142X53,1,-16.892268,-0.160732,-0.000000,242.075524
58,744.000,2001-09-14,10.000,1,4,8.25,T142X6,1,-27.956328,-0.699672,-0.000000,239.487813
58,744.000,2001-09-14,10.000,1,4,8.25,T142X7,1,0.000000,73.067000,0.000000,254.798823
58,744.000,2001-09-14,10.000,1,4,8.25,T142X9,1,-26.987168,-0.820832,-0.000000,248.119305
59,749.000,2001-09-19,5.000,1,2,4.56,3-4-216,1,-41.424094,-9.662906,-0.000000,244.339042
59,749.000,2001-09-19,5.000,1,2,4.56,T142-1,1,-25.434806,-39.907194,-0.000000,213.604148
59,749.000,2001-09-19,5.000,1,2,4.56,T142-10,1,-11.446083,-0.082917,-0.000000,243.725776
59,749.000,2001-09-19,5.000,1,2,4.56,T142-11,1,-81.196958,-0.755042,-0.000000,238.528485
59,749.000,2001-09-19,5.000,1,2,4.56,T142-12,1,-21.303046,-0.169954,-0.000000,245.138990
59,749.000,2001-09-19,5.000,1,2,4.56,T142-13,1,-16.569269,-0.115731,-0.000000,242.113360
59,749.000,2001-09-19,5.000,1,2,4.56,T142-15,1,-65.590012,-1.028988,-0.000000,248.590251
59,749.000,2001-09-19,5.000,1,2,4.56,T142-16,1,-8.843108,-1.237892,-0.000000,255.534526
59,749.000,2001-09-19,5.000,1,2,4.56,T142-17,1,-13.144505,-8.766495,-0.000000,253.885686
59,749.000,2001-09-19,5.000,1,2,4.56,T142-18,1,-18.730431,-1.219569,-0.000000,256.760907
59,749.000,2001-09-19,5.000,1,2,4.56,T142-19,1,-33.997236,-0.330764,-0.000000,251.161672
59,749.000,2001-09-19,5.000,1,2,4.56,T142-2,1,-4.249655,-6.652345,-0.000000,254.654589
59,749.000,2001-09-19,5.000,1,2,4.56,T142-27,1,-12.397851,-9.422149,-0.000000,261.875248
59,749.000,2001-09-19,5.000,1,2,4.56,T142-28,1,-30.981805,-0.215195,-0.000000,230.316431
59,749.000,2001-09-19,5.000,1,2,4.56,T142-29,1,-20.830208,-0.210792,-0.000000,241.579130
59,749.000,2001-09-19,5.000,1,2,4.56,T142-3,1,-11.901021,-0.267979,-0.000000,258.193487
59,749.000,2001-09-19,5.000,1,2,4.56,T142-35,1,-38.933776,-2.524224,-0.000000,250.322360
59,749.000,2001-09-19,5.000,1,2,4.56,T142-36,1,-18.352269,-7.373731,-0.000000,255.822303
59,749.000,2001-09-19,5.000,1,2,4.56,T142-37,1,-8.504179,-3.225821,-0.000000,257.107045
59,749.000,2001-09-19,5.000,1,2,4.56,T142-38,1,-0.404043,-0.744957,-0.000000,260.075013
59,749.000,2001-09-19,5.000,1,2,4.56,T142-39,1,-1.047605,-0.053395,-0.000000,259.201974
59,749.000,2001-09-19,5.000,1,2,4.56,T142-40,1,0.000000,-1.594000,-0.000000,262.853173
59,749.000,2001-09-19,5.000,1,2,4.56,T142-43,1,-16.054752,-0.090248,-0.000000,247.537243
59,749.000,2001-09-19,5.000,1,2,4.56,T142-5,1,-42.277224,-0.411776,-0.000000,245.675145
59,749.000,2001-09-19,5.000,1,2,4.56,T142-52,1,-31.498979,-0.251021,-0.000000,236.539668
59,749.000,2001-09-19,5.000,1,2,4.56,T142-54,1,-20.636113,-0.213887,-0.000000,254.889652
59,749.000,2001-09-19,5.000,1,2,4.56,T142-57,1,-4.981528,-0.050472,-0.000000,248.833245
59,749.000,2001-09-19,5.000,1,2,4.56,T142-8,1,-2.389367,-3.940633,-0.000000,260.300608
59,749.000,2001-09-19,5.000,1,2,4.56,T142X14,1,-35.708461,-3.651539,-0.000000,249.793479
59,749.000,2001-09-19,5.000,1,2,4.56,T142X20,1,-15.411419,-0.548581,-0.000000,248.858748
59,749.000,2001-09-19,5.000,1,2,4.56,T142X21,1,-4.918251,-0.039749,-0.000000,242.857491
59,749.000,2001-09-19,5.000,1,2,4.56,T142X22,1,-9.729729,-0.104271,-0.000000,245.846813
59,749.000,2001-09-19,5.000,1,2,4.56,T142X23,1,-7.135115,-0.042885,-0.000000,247.660756
59,749.000,2001-09-19,5.000,1,2,4.56,T142X25,1,0.000000,0.367000,0.000000,252.415264
59,749.000,2001-09-19,5.000,1,2,4.56,T142X26,1,-15.683467,-0.080533,-0.000000,254.820703
59,749.000,2001-09-19,5.000,1,2,4.56,T142X31,1,-7.952186,-0.076814,-0.000000,241.925413
59,749.000,2001-09-19,5.000,1,2,4.56,T142X33,1,-2.483763,-0.173237,-0.000000,258.971861
59,749.000,2001-09-19,5.000,1,2,4.56,T142X34,1,-27.237191,-0.276809,-0.000000,241.317007
59,749.000,2001-09-19,5.000,1,2,4.56,T142X4,1,0.033894,-0.033894,-0.000000,248.791875
59,749.000,2001-09-19,5.000,1,2,4.56,T142X41,1,-0.226266,-6.982734,-0.000000,260.642470
59,749.000,2001-09-19,5.000,1,2,4.56,T142X51,1,-24.186450,-0.196550,-0.000000,241.210980
59,749.000,2001-09-19,5.000,1,2,4.56,T142X53,1,-16.890207,-0.162793,-0.000000,241.916201
59,749.000,2001-09-19,5.000,1,2,4.56,T142X6,1,-27.939165,-0.716835,-0.000000,239.332000
59,749.000,2001-09-19,5.000,1,2,4.56,T142X7,1,0.000000,73.067000,0.000000,254.530446
59,749.000,2001-09-19,5.000,1,2,4.56,T142X9,1,-26.981406,-0.826594,-0.000000,247.964738
60,750.000,2001-09-20,1.000,1,2,4.67,3-4-216,1,-41.413246,-9.673754,-0.000000,244.308533
60,750.000,2001-09-20,1.000,1,2,4.67,T142-1,1,-25.432976,-39.909024,-0.000000,213.576930
60,750.000,2001-09-20,1.000,1,2,4.67,T142-10,1,-11.445917,-0.083083,-0.000000,243.694876
60,750.000,2001-09-20,1.000,1,2,4.67,T142-11,1,-81.195277,-0.756723,-0.000000,238.498743
60,750.000,2001-09-20,1.000,1,2,4.67,T142-12,1,-21.302693,-0.170307,-0.000000,245.108991
60,750.000,2001-09-20,1.000,1,2,4.67,T142-13,1,-16.569026,-0.115974,-0.000000,242.084280
60,750.000,2001-09-20,1.000,1,2,4.67,T142-15,1,-65.581253,-1.037747,-0.000000,248.559353
60,750.000,2001-09-20,1.000,1,2,4.67,T142-16,1,-8.841360,-1.239640,-0.000000,255.504637
60,750.000,2001-09-20,1.000,1,2,4.67,T142-17,1,-13.130538,-8.780462,-0.000000,253.855813
60,750.000,2001-09-20,1.000,1,2,4.67,T142-18,1,-18.727263,-1.222737,-0.000000,256.730734
60,750.000,2001-09-20,1.000,1,2,4.67,T142-19,1,-33.996471,-0.331529,-0.000000,251.130492
60,750.000,2001-09-20,1.000,1,2,4.67,T142-2,1,-4.249842,-6.652158,-0.000000,254.624771
60,750.000,2001-09-20,1.000,1,2,4.67,T142-27,1,-12.342420,-9.477580,-0.000000,261.837679
60,750.000,2001-09-20,1.000,1,2,4.67,T142-28,1,-30.981313,-0.215687,-0.000000,230.285870
60,750.000,2001-09-20,1.000,1,2,4.67,T142-29,1,-20.829614,-0.211386,-0.000000,241.548518
60,750.000,2001-09-20,1.000,1,2,4.67,T142-3,1,-11.899939,-0.269061,-0.000000,258.163884
60,750.000,2001-09-20,1.000,1,2,4.67,T142-35,1,-38.909805,-2.548195,-0.000000,250.288918
60,750.000,2001-09-20,1.000,1,2,4.67,T142-36,1,-18.299259,-7.426741,-0.000000,255.793097
60,750.000,2001-09-20,1.000,1,2,4.67,T142-37,1,-8.469665,-3.260335,-0.000000,257.077893
60,750.000,2001-09-20,1.000,1,2,4.67,T142-38,1,-0.403157,-0.745843,-0.000000,260.045324
60,750.000,2001-09-20,1.000,1,2,4.67,T142-39,1,-1.047425,-0.053575,-0.000000,259.172520
60,750.000,2001-09-20,1.000,1,2,4.67,T142-40,1,0.000000,-1.594000,-0.000000,262.824268
60,750.000,2001-09-20,1.000,1,2,4.67,T142-43,1,-16.054537,-0.090463,-0.000000,247.503290
60,750.000,2001-09-20,1.000,1,2,4.67,T142-5,1,-42.276266,-0.412734,-0.000000,245.644661
60,750.000,2001-09-20,1.000,1,2,4.67,T142-52,1,-31.498443,-0.251557,-0.000000,236.507016
60,750.000,2001-09-20,1.000,1,2,4.67,T142-54,1,-20.635590,-0.214410,-0.000000,254.859259
60,750.000,2001-09-20,1.000,1,2,4.67,T142-57,1,-4.981419,-0.050581,-0.000000,248.801045
60,750.000,2001-09-20,1.000,1,2,4.67,T142-8,1,-2.394325,-3.935675,-0.000000,260.271472
60,750.000,2001-09-20,1.000,1,2,4.67,T142X14,1,-35.681000,-3.679000,-0.000000,249.758325
60,750.000,2001-09-20,1.000,1,2,4.67,T142X20,1,-15.410399,-0.549601,-0.000000,248.826942
60,750.000,2001-09-20,1.000,1,2,4.67,T142X21,1,-4.918193,-0.039807,-0.000000,242.839104
60,750.000,2001-09-20,1.000,1,2,4.67,T142X22,1,-9.729462,-0.104538,-0.000000,245.818768
60,750.000,2001-09-20,1.000,1,2,4.67,T142X23,1,-7.135041,-0.042959,-0.000000,247.632728
60,750.000,2001-09-20,1.000,1,2,4.67,T142X25,1,-0.017689,0.384689,0.000000,252.386278
60,750.000,2001-09-20,1.000,1,2,4.67,T142X26,1,-15.683296,-0.080704,-0.000000,254.790690
60,750.000,2001-09-20,1.000,1,2,4.67,T142X31,1,-7.951988,-0.077012,-0.000000,241.894652
60,750.000,2001-09-20,1.000,1,2,4.67,T142X33,1,-2.481188,-0.175812,-0.000000,258.941777
60,750.000,2001-09-20,1.000,1,2,4.67,T142X34,1,-27.236458,-0.277542,-0.000000,241.285118
60,750.000,2001-09-20,1.000,1,2,4.67,T142X4,1,-0.002483,0.002483,-0.000000,248.762573
60,750.000,2001-09-20,1.000,1,2,4.67,T142X41,1,-0.226054,-6.982946,-0.000000,260.613625
60,750.000,2001-09-20,1.000,1,2,4.67,T142X44,1,0.000000,-0.000000,-0.000000,259.809741
60,750.000,2001-09-20,1.000,1,2,4.67,T142X46,1,0.000000,-0.000000,-0.000000,263.482906
60,750.000,2001-09-20,1.000,1,2,4.67,T142X51,1,-24.185937,-0.197063,-0.000000,241.177506
60,750.000,2001-09-20,1.000,1,2,4.67,T142X53,1,-16.889789,-0.163211,-0.000000,241.883884
60,750.000,2001-09-20,1.000,1,2,4.67,T142X55,1,0.000000,-0.000000,-0.000000,256.958458
60,750.000,2001-09-20,1.000,1,2,4.67,T142X6,1,-27.935734,-0.720266,-0.000000,239.300828
60,750.000,2001-09-20,1.000,1,2,4.67,T142X7,1,0.000000,73.067000,0.000000,254.477206
60,750.000,2001-09-20,1.000,1,2,4.67,T142X9,1,-26.980226,-0.827774,-0.000000,247.934074
61,761.000,2001-10-01,11.000,1,3,6.66,3-4-216,1,-41.388720,-9.698280,-0.000000,244.055891
61,761.000,2001-10-01,11.000,1,3,6.66,T142-1,1,-25.261927,-40.080073,-0.000000,213.304801
61,761.000,2001-10-01,11.000,1,3,6.66,T142-10,1,-11.444163,-0.084837,-0.000000,243.356486
61,761.000,2001-10-01,11.000,1,3,6.66,T142-11,1,-81.176955,-0.775045,-0.000000,238.172536
61,761.000,2001-10-01,11.000,1,3,6.66,T142-12,1,-21.298963,-0.174037,-0.000000,244.782999
61,761.000,2001-10-01,11.000,1,3,6.66,T142-13,1,-16.566470,-0.118530,-0.000000,241.771059
61,761.000,2001-10-01,11.000,1,3,6.66,T142-15,1,-65.469426,-1.149574,-0.000000,248.223442
61,761.000,2001-10-01,11.000,1,3,6.66,T142-16,1,-8.826946,-1.254054,-0.000000,255.184586
61,761.000,2001-10-01,11.000,1,3,6.66,T142-17,1,-12.999160,-8.911840,-0.000000,253.535317
61,761.000,2001-10-01,11.000,1,3,6.66,T142-18,1,-18.693518,-1.256482,-0.000000,256.404028
61,761.000,2001-10-01,11.000,1,3,6.66,T142-19,1,-33.988225,-0.339775,-0.000000,250.793542
61,761.000,2001-10-01,11.000,1,3,6.66,T142-2,1,-4.245444,-6.656556,-0.000000,254.313542
61,761.000,2001-10-01,11.000,1,3,6.66,T142-27,1,-11.938298,-9.881702,-0.000000,261.520418
61,761.000,2001-10-01,11.000,1,3,6.66,T142-28,1,-30.976006,-0.220994,-0.000000,229.949788
61,761.000,2001-10-01,11.000,1,3,6.66,T142-29,1,-20.823103,-0.217897,-0.000000,241.210318
61,761.000,2001-10-01,11.000,1,3,6.66,T142-3,1,-11.887786,-0.281214,-0.000000,257.841028
61,761.000,2001-10-01,11.000,1,3,6.66,T142-35,1,-38.577422,-2.880578,-0.000000,249.941851
61,761.000,2001-10-01,11.000,1,3,6.66,T142-36,1,-17.783209,-7.942791,-0.000000,255.472115
61,761.000,2001-10-01,11.000,1,3,6.66,T142-37,1,-8.126565,-3.603435,-0.000000,256.768580
61,761.000,2001-10-01,11.000,1,3,6.66,T142-38,1,-0.392587,-0.756413,-0.000000,259.726903
61,761.000,2001-10-01,11.000,1,3,6.66,T142-39,1,-1.043309,-0.057691,-0.000000,258.853976
61,761.000,2001-10-01,11.000,1,3,6.66,T142-40,1,-0.000000,-1.594000,-0.000000,262.505245
61,761.000,2001-10-01,11.000,1,3,6.66,T142-43,1,-16.052457,-0.092543,-0.000000,247.143137
61,761.000,2001-10-01,11.000,1,3,6.66,T142-5,1,-42.265926,-0.423074,-0.000000,245.312641
61,761.000,2001-10-01,11.000,1,3,6.66,T142-52,1,-31.492537,-0.257463,-0.000000,236.153226
61,761.000,2001-10-01,11.000,1,3,6.66,T142-54,1,-20.630015,-0.219985,-0.000000,254.529930
61,761.000,2001-10-01,11.000,1,3,6.66,T142-57,1,-4.980173,-0.051827,-0.000000,248.454545
61,761.000,2001-10-01,11.000,1,3,6.66,T142-59,1,-0.000000,0.000000,-0.000000,254.887756
61,761.000,2001-10-01,11.000,1,3,6.66,T142-8,1,-2.449150,-3.880850,-0.000000,259.946426
61,761.000,2001-10-01,11.000,1,3,6.66,T142X14,1,-35.370752,-3.989248,-0.000000,249.369466
61,761.000,2001-10-01,11.000,1,3,6.66,T142X20,1,-15.393238,-0.566762,-0.000000,248.592427
61,761.000,2001-10-01,11.000,1,3,6.66,T142X21,1,-4.916500,-0.041500,-0.000000,242.388105
61,761.000,2001-10-01,11.000,1,3,6.66,T142X22,1,-9.726603,-0.107397,-0.000000,245.522478
61,761.000,2001-10-01,11.000,1,3,6.66,T142X23,1,-7.134216,-0.043784,-0.000000,247.318840
61,761.000,2001-10-01,11.000,1,3,6.66,T142X25,1,0.001660,0.365340,0.000000,252.060662
61,761.000,2001-10-01,11.000,1,3,6.66,T142X26,1,-15.681663,-0.082337,-0.000000,254.467566
61,761.000,2001-10-01,11.000,1,3,6.66,T142X31,1,-7.949807,-0.079193,-0.000000,241.556155
61,761.000,2001-10-01,11.000,1,3,6.66,T142X33,1,-2.450219,-0.206781,-0.000000,258.617578
61,761.000,2001-10-01,11.000,1,3,6.66,T142X34,1,-27.228790,-0.285210,-0.000000,240.936894
61,761.000,2001-10-01,11.000,1,3,6.66,T142X4,1,0.000000,-0.000000,-0.000000,251.317067
61,761.000,2001-10-01,11.000,1,3,6.66,T142X41,1,-0.223858,-6.985142,-0.000000,260.296070
61,761.000,2001-10-01,11.000,1,3,6.66,T142X44,1,0.000000,-0.000000,-0.000000,259.490683
61,761.000,2001-10-01,11.000,1,3,6.66,T142X46,1,-0.000000,0.000000,-0.000000,263.164177
61,761.000,2001-10-01,11.000,1,3,6.66,T142X51,1,-24.180540,-0.202460,-0.000000,240.820489
61,761.000,2001-10-01,11.000,1,3,6.66,T142X53,1,-16.885180,-0.167820,-0.000000,241.526897
61,761.000,2001-10-01,11.000,1,3,6.66,T142X55,1,0.000000,-0.000000,-0.000000,256.654143
61,761.000,2001-10-01,11.000,1,3,6.66,T142X6,1,-27.890937,-0.765063,-0.000000,238.979315
61,761.000,2001-10-01,11.000,1,3,6.66,T142X7,1,0.000000,73.067000,0.000000,253.977511
61,761.000,2001-10-01,11.000,1,3,6.66,T142X9,1,-26.961894,-0.846106,-0.000000,247.652108
62,763.000,2001-10-03,2.000,1,4,8.20,3-4-216,1,-37.798434,-8.859566,-0.000000,244.772742
62,763.000,2001-10-03,2.000,1,4,8.20,T142-1,1,-19.244911,-30.528089,-0.000000,221.559092
62,763.000,2001-10-03,2.000,1,4,8.20,T142-10,1,-8.987662,-0.066338,-0.000000,243.540096
62,763.000,2001-10-03,2.000,1,4,8.20,T142-11,1,-80.323404,-0.767596,-0.000000,238.206818
62,763.000,2001-10-03,2.000,1,4,8.20,T142-12,1,-18.986378,-0.154622,-0.000000,244.935447
62,763.000,2001-10-03,2.000,1,4,8.20,T142-13,1,-14.816106,-0.104894,-0.000000,242.024051
62,763.000,2001-10-03,2.000,1,4,8.20,T142-15,1,-48.636729,-0.852271,-0.000000,249.418929
62,763.000,2001-10-03,2.000,1,4,8.20,T142-16,1,-15.083720,-2.132280,-0.000000,254.561965
62,763.000,2001-10-03,2.000,1,4,8.20,T142-17,1,-8.204741,-5.564259,-0.000000,254.146673
62,763.000,2001-10-03,2.000,1,4,8.20,T142-18,1,-25.316535,-1.568465,-0.000000,255.825252
62,763.000,2001-10-03,2.000,1,4,8.20,T142-19,1,-31.056419,-0.310581,-0.000000,250.938955
62,763.000,2001-10-03,2.000,1,4,8.20,T142-2,1,-4.012254,-6.288746,-0.000000,254.316117
62,763.000,2001-10-03,2.000,1,4,8.20,T142-27,1,-16.126977,-12.427023,-0.000000,261.078007
62,763.000,2001-10-03,2.000,1,4,8.20,T142-28,1,-29.375602,-0.209398,-0.000000,230.672403
62,763.000,2001-10-03,2.000,1,4,8.20,T142-29,1,-24.622965,-0.260035,-0.000000,240.916471
62,763.000,2001-10-03,2.000,1,4,8.20,T142-3,1,-23.045322,-0.550678,-0.000000,257.025075
62,763.000,2001-10-03,2.000,1,4,8.20,T142-35,1,-37.233846,-2.849154,-0.000000,250.095352
62,763.000,2001-10-03,2.000,1,4,8.20,T142-36,1,-12.601821,-5.748179,-0.000000,256.507872
62,763.000,2001-10-03,2.000,1,4,8.20,T142-37,1,0.000000,73.258000,0.000000,271.414560
62,763.000,2001-10-03,2.000,1,4,8.20,T142-38,1,-0.000008,0.000008,-0.000000,259.741807
62,763.000,2001-10-03,2.000,1,4,8.20,T142-39,1,-3.992063,-0.215937,-0.000000,258.388396
62,763.000,2001-10-03,2.000,1,4,8.20,T142-40,1,0.000000,63.742000,0.000000,263.731153
62,763.000,2001-10-03,2.000,1,4,8.20,T142-43,1,-27.996038,-0.162962,-0.000000,246.459544
62,763.000,2001-10-03,2.000,1,4,8.20,T142-5,1,-39.137993,-0.391007,-0.000000,245.513464
62,763.000,2001-10-03,2.000,1,4,8.20,T142-52,1,-20.757581,-0.165419,-0.000000,237.383808
62,763.000,2001-10-03,2.000,1,4,8.20,T142-54,1,-27.788749,-0.299251,-0.000000,253.984641
62,763.000,2001-10-03,2.000,1,4,8.20,T142-57,1,-15.770651,-0.171349,-0.000000,239.347058
62,763.000,2001-10-03,2.000,1,4,8.20,T142-59,1,-10.291724,-0.098276,-0.000000,240.357192
62,763.000,2001-10-03,2.000,1,4,8.20,T142-8,1,-2.264964,-3.566036,-0.000000,259.947757
62,763.000,2001-10-03,2.000,1,4,8.20,T142X14,1,-41.147726,-4.737274,-0.000000,247.573692
62,763.000,2001-10-03,2.000,1,4,8.20,T142X20,1,-16.419806,-0.608194,-0.000000,248.496377
62,763.000,2001-10-03,2.000,1,4,8.20,T142X21,1,-0.000000,0.000000,-0.000000,244.009466
62,763.000,2001-10-03,2.000,1,4,8.20,T142X22,1,-7.760789,-0.085211,-0.000000,245.848102
62,763.000,2001-10-03,2.000,1,4,8.20,T142X23,1,-5.455313,-0.030687,-0.000000,247.644513
62,763.000,2001-10-03,2.000,1,4,8.20,T142X25,1,0.000000,13.645000,0.000000,252.681479
62,763.000,2001-10-03,2.000,1,4,8.20,T142X26,1,-16.700621,-0.087379,-0.000000,254.354696
62,763.000,2001-10-03,2.000,1,4,8.20,T142X31,1,-6.232938,-0.062062,-0.000000,241.644088
62,763.000,2001-10-03,2.000,1,4,8.20,T142X33,1,-0.415355,-0.034645,-0.000000,259.274776
62,763.000,2001-10-03,2.000,1,4,8.20,T142X34,1,-23.461642,-0.242358,-0.000000,242.050283
62,763.000,2001-10-03,2.000,1,4,8.20,T142X4,1,0.000000,-0.000000,-0.000000,251.284969
62,763.000,2001-10-03,2.000,1,4,8.20,T142X41,1,-0.258435,-8.126565,-0.000000,260.209912
62,763.000,2001-10-03,2.000,1,4,8.20,T142X44,1,-6.057718,-0.313282,-0.000000,257.474710
62,763.000,2001-10-03,2.000,1,4,8.20,T142X46,1,-23.607544,-2.972456,-0.000000,255.795245
62,763.000,2001-10-03,2.000,1,4,8.20,T142X51,1,-18.946953,-0.158047,-0.000000,241.104427
62,763.000,2001-10-03,2.000,1,4,8.20,T142X53,1,-12.178158,-0.118842,-0.000000,242.390990
62,763.000,2001-10-03,2.000,1,4,8.20,T142X55,1,-4.286416,-0.041584,-0.000000,255.375460
62,763.000,2001-10-03,2.000,1,4,8.20,T142X6,1,-25.598929,-0.706071,-0.000000,239.857777
62,763.000,2001-10-03,2.000,1,4,8.20,T142X7,1,0.000000,107.839000,0.000000,255.788045
62,763.000,2001-10-03,2.000,1,4,8.20,T142X9,1,-27.677810,-0.873190,-0.000000,247.594579
63,782.000,2001-10-22,19.000,1,4,11.76,3-4-216,1,-37.773852,-8.884148,-0.000000,244.466450
63,782.000,2001-10-22,19.000,1,4,11.76,T142-1,1,-19.397488,-30.375512,-0.000000,221.080469
63,782.000,2001-10-22,19.000,1,4,11.76,T142-10,1,-8.986785,-0.067215,-0.000000,243.127628
63,782.000,2001-10-22,19.000,1,4,11.76,T142-11,1,-80.304857,-0.786143,-0.000000,237.830322
63,782.000,2001-10-22,19.000,1,4,11.76,T142-12,1,-18.984204,-0.156796,-0.000000,244.556399
63,782.000,2001-10-22,19.000,1,4,11.76,T142-13,1,-14.814956,-0.106044,-0.000000,241.737044
63,782.000,2001-10-22,19.000,1,4,11.76,T142-15,1,-48.488344,-1.000656,-0.000000,249.013783
63,782.000,2001-10-22,19.000,1,4,11.76,T142-16,1,-15.079603,-2.136397,-0.000000,254.159936
63,782.000,2001-10-22,19.000,1,4,11.76,T142-17,1,-8.153769,-5.615231,-0.000000,253.763739
63,782.000,2001-10-22,19.000,1,4,11.76,T142-18,1,-25.248148,-1.636852,-0.000000,255.395791
63,782.000,2001-10-22,19.000,1,4,11.76,T142-19,1,-31.046084,-0.320916,-0.000000,250.448870
63,782.000,2001-10-22,19.000,1,4,11.76,T142-2,1,-4.004792,-6.296208,-0.000000,253.934578
63,782.000,2001-10-22,19.000,1,4,11.76,T142-27,1,-15.205306,-13.348694,-0.000000,260.679314
63,782.000,2001-10-22,19.000,1,4,11.76,T142-28,1,-29.369207,-0.215793,-0.000000,230.185973
63,782.000,2001-10-22,19.000,1,4,11.76,T142-29,1,-24.611095,-0.271905,-0.000000,240.373525
63,782.000,2001-10-22,19.000,1,4,11.76,T142-3,1,-22.956215,-0.639785,-0.000000,256.608433
63,782.000,2001-10-22,19.000,1,4,11.76,T142-35,1,-36.600402,-3.482598,-0.000000,249.547249
63,782.000,2001-10-22,19.000,1,4,11.76,T142-36,1,-12.019240,-6.330760,-0.000000,256.143140
63,782.000,2001-10-22,19.000,1,4,11.76,T142-37,1,0.000000,73.258000,0.000000,267.317624
63,782.000,2001-10-22,19.000,1,4,11.76,T142-38,1,0.000000,-0.000000,-0.000000,259.366694
63,782.000,2001-10-22,19.000,1,4,11.76,T142-39,1,-3.957712,-0.250288,-0.000000,257.970179
63,782.000,2001-10-22,19.000,1,4,11.76,T142-40,1,0.000000,63.742000,0.000000,263.304851
63,782.000,2001-10-22,19.000,1,4,11.76,T142-43,1,-27.989952,-0.169048,-0.000000,245.858081
63,782.000,2001-10-22,19.000,1,4,11.76,T142-5,1,-39.127365,-0.401635,-0.000000,245.112334
63,782.000,2001-10-22,19.000,1,4,11.76,T142-52,1,-20.752873,-0.170127,-0.000000,236.964043
63,782.000,2001-10-22,19.000,1,4,11.76,T142-54,1,-27.778424,-0.309576,-0.000000,253.519619
63,782.000,2001-10-22,19.000,1,4,11.76,T142-57,1,-15.757912,-0.184088,-0.000000,238.746665
63,782.000,2001-10-22,19.000,1,4,11.76,T142-59,1,-10.287565,-0.102435,-0.000000,249.098490
63,782.000,2001-10-22,19.000,1,4,11.76,T142-8,1,-2.321831,-3.509169,-0.000000,259.492190
63,782.000,2001-10-22,19.000,1,4,11.76,T142X14,1,-40.336138,-5.548862,-0.000000,246.864286
63,782.000,2001-10-22,19.000,1,4,11.76,T142X20,1,-16.394957,-0.633043,-0.000000,248.242729
63,782.000,2001-10-22,19.000,1,4,11.76,T142X21,1,0.000000,-0.000000,-0.000000,243.632252
63,782.000,2001-10-22,19.000,1,4,11.76,T142X22,1,-7.758619,-0.087381,-0.000000,245.631649
63,782.000,2001-10-22,19.000,1,4,11.76,T142X23,1,-5.453947,-0.032053,-0.000000,247.242763
63,782.000,2001-10-22,19.000,1,4,11.76,T142X25,1,0.000000,13.645000,0.000000,252.272045
63,782.000,2001-10-22,19.000,1,4,11.76,T142X26,1,-16.700360,-0.087640,-0.000000,253.954905
63,782.000,2001-10-22,19.000,1,4,11.76,T142X31,1,-6.231059,-0.063941,-0.000000,241.246004
63,782.000,2001-10-22,19.000,1,4,11.76,T142X33,1,-0.415669,-0.034331,-0.000000,258.860366
63,782.000,2001-10-22,19.000,1,4,11.76,T142X34,1,-23.451392,-0.252608,-0.000000,241.567799
63,782.000,2001-10-22,19.000,1,4,11.76,T142X4,1,-0.000006,0.000006,-0.000000,250.933426
63,782.000,2001-10-22,19.000,1,4,11.76,T142X41,1,-0.254311,-8.130689,-0.000000,259.778220
63,782.000,2001-10-22,19.000,1,4,11.76,T142X44,1,-6.195407,-0.175593,-0.000000,256.821702
63,782.000,2001-10-22,19.000,1,4,11.76,T142X46,1,-13.840257,-12.739743,-0.000000,255.256988
63,782.000,2001-10-22,19.000,1,4,11.76,T142X51,1,-18.941291,-0.163709,-0.000000,240.587776
63,782.000,2001-10-22,19.000,1,4,11.76,T142X53,1,-12.174195,-0.122805,-0.000000,241.934617
63,782.000,2001-10-22,19.000,1,4,11.76,T142X55,1,-4.286487,-0.041513,-0.000000,254.928401
63,782.000,2001-10-22,19.000,1,4,11.76,T142X6,1,-25.523507,-0.781493,-0.000000,239.542078
63,782.000,2001-10-22,19.000,1,4,11.76,T142X7,1,0.000000,107.839000,0.000000,255.157179
63,782.000,2001-10-22,19.000,1,4,11.76,T142X9,1,-27.648020,-0.902980,-0.000000,247.340806
64,784.000,2001-10-24,2.000,1,3,8.78,3-4-216,1,-37.771856,-8.886144,-0.000000,244.431499
64,784.000,2001-10-24,2.000,1,3,8.78,T142-1,1,-19.413832,-30.359168,-0.000000,221.028936
64,784.000,2001-10-24,2.000,1,3,8.78,T142-10,1,-8.986689,-0.067311,-0.000000,243.083316
64,784.000,2001-10-24,2.000,1,3,8.78,T142-11,1,-80.302919,-0.788081,-0.000000,237.791137
64,784.000,2001-10-24,2.000,1,3,8.78,T142-12,1,-18.983969,-0.157031,-0.000000,244.516307
64,784.000,2001-10-24,2.000,1,3,8.78,T142-13,1,-14.814805,-0.106195,-0.000000,241.703833
64,784.000,2001-10-24,2.000,1,3,8.78,T142-15,1,-48.472147,-1.016853,-0.000000,248.968034
64,784.000,2001-10-24,2.000,1,3,8.78,T142-16,1,-15.078294,-2.137706,-0.000000,254.117485
64,784.000,2001-10-24,2.000,1,3,8.78,T142-17,1,-8.144706,-5.624294,-0.000000,253.719380
64,784.000,2001-10-24,2.000,1,3,8.78,T142-18,1,-25.240724,-1.644276,-0.000000,255.349351
64,784.000,2001-10-24,2.000,1,3,8.78,T142-19,1,-31.045005,-0.321995,-0.000000,250.397781
64,784.000,2001-10-24,2.000,1,3,8.78,T142-2,1,-4.005006,-6.295994,-0.000000,253.892836
64,784.000,2001-10-24,2.000,1,3,8.78,T142-27,1,-15.184658,-13.369342,-0.000000,260.652706
64,784.000,2001-10-24,2.000,1,3,8.78,T142-28,1,-29.368547,-0.216453,-0.000000,230.134950
64,784.000,2001-10-24,2.000,1,3,8.78,T142-29,1,-24.609879,-0.273121,-0.000000,240.317893
64,784.000,2001-10-24,2.000,1,3,8.78,T142-3,1,-22.946852,-0.649148,-0.000000,256.567020
64,784.000,2001-10-24,2.000,1,3,8.78,T142-35,1,-36.535417,-3.547583,-0.000000,249.485235
64,784.000,2001-10-24,2.000,1,3,8.78,T142-36,1,-11.958509,-6.391491,-0.000000,256.100124
64,784.000,2001-10-24,2.000,1,3,8.78,T142-37,1,0.000000,73.258000,0.000000,266.674457
64,784.000,2001-10-24,2.000,1,3,8.78,T142-38,1,0.016814,-0.016814,-0.000000,260.361812
64,784.000,2001-10-24,2.000,1,3,8.78,T142-39,1,-3.955656,-0.252344,-0.000000,257.924534
64,784.000,2001-10-24,2.000,1,3,8.78,T142-40,1,0.000000,63.742000,0.000000,263.259473
64,784.000,2001-10-24,2.000,1,3,8.78,T142-43,1,-27.989375,-0.169625,-0.000000,245.797221
64,784.000,2001-10-24,2.000,1,3,8.78,T142-49,1,-0.000000,0.000000,-0.000000,237.716477
64,784.000,2001-10-24,2.000,1,3,8.78,T142-5,1,-39.126214,-0.402786,-0.000000,245.069084
64,784.000,2001-10-24,2.000,1,3,8.78,T142-52,1,-20.752335,-0.170665,-0.000000,236.916743
64,784.000,2001-10-24,2.000,1,3,8.78,T142-54,1,-27.777357,-0.310643,-0.000000,253.471588
64,784.000,2001-10-24,2.000,1,3,8.78,T142-57,1,-15.756598,-0.185402,-0.000000,238.687846
64,784.000,2001-10-24,2.000,1,3,8.78,T142-59,1,-10.287260,-0.102740,-0.000000,249.056371
64,784.000,2001-10-24,2.000,1,3,8.78,T142-8,1,-2.327701,-3.503299,-0.000000,259.444471
64,784.000,2001-10-24,2.000,1,3,8.78,T142X14,1,-40.248332,-5.636668,-0.000000,246.792907
64,784.000,2001-10-24,2.000,1,3,8.78,T142X20,1,-16.392910,-0.635090,-0.000000,248.213347
64,784.000,2001-10-24,2.000,1,3,8.78,T142X21,1,-0.000000,0.000000,-0.000000,243.590207
64,784.000,2001-10-24,2.000,1,3,8.78,T142X22,1,-7.758361,-0.087639,-0.000000,245.604447
64,784.000,2001-10-24,2.000,1,3,8.78,T142X23,1,-5.453813,-0.032187,-0.000000,247.199681
64,784.000,2001-10-24,2.000,1,3,8.78,T142X25,1,0.000000,13.645000,0.000000,252.227628
64,784.000,2001-10-24,2.000,1,3,8.78,T142X26,1,-16.700324,-0.087676,-0.000000,253.912491
64,784.000,2001-10-24,2.000,1,3,8.78,T142X31,1,-6.230855,-0.064145,-0.000000,241.203108
64,784.000,2001-10-24,2.000,1,3,8.78,T142X33,1,-0.415763,-0.034237,-0.000000,258.816328
64,784.000,2001-10-24,2.000,1,3,8.78,T142X34,1,-23.450310,-0.253690,-0.000000,241.515390
64,784.000,2001-10-24,2.000,1,3,8.78,T142X4,1,-0.000000,0.000000,-0.000000,250.895983
64,784.000,2001-10-24,2.000,1,3,8.78,T142X41,1,-0.253879,-8.131121,-0.000000,259.732778
64,784.000,2001-10-24,2.000,1,3,8.78,T142X42,1,0.000482,-0.000482,-0.000000,261.160819
64,784.000,2001-10-24,2.000,1,3,8.78,T142X44,1,-6.193880,-0.177120,-0.000000,256.768250
64,784.000,2001-10-24,2.000,1,3,8.78,T142X46,1,-13.339197,-13.240803,-0.000000,255.211498
64,784.000,2001-10-24,2.000,1,3,8.78,T142X51,1,-18.940696,-0.164304,-0.000000,240.533285
64,784.000,2001-10-24,2.000,1,3,8.78,T142X53,1,-12.173732,-0.123268,-0.000000,241.881966
64,784.000,2001-10-24,2.000,1,3,8.78,T142X55,1,-4.286493,-0.041507,-0.000000,254.883509
64,784.000,2001-10-24,2.000,1,3,8.78,T142X6,1,-25.515472,-0.789528,-0.000000,239.506226
64,784.000,2001-10-24,2.000,1,3,8.78,T142X7,1,0.000000,107.839000,0.000000,255.085439
64,784.000,2001-10-24,2.000,1,3,8.78,T142X9,1,-27.645104,-0.905896,-0.000000,247.310661
65,792.000,2001-11-01,8.000,1,5,10.92,3-4-216,1,-37.707288,-8.950712,-0.000000,244.220231
65,792.000,2001-11-01,8.000,1,5,10.92,T142-1,1,-19.571558,-30.201442,-0.000000,220.805993
65,792.000,2001-11-01,8.000,1,5,10.92,T142-10,1,-8.986128,-0.067872,-0.000000,242.881871
65,792.000,2001-11-01,8.000,1,5,10.92,T142-11,1,-80.293900,-0.797100,-0.000000,237.616138
65,792.000,2001-11-01,8.000,1,5,10.92,T142-12,1,-18.982754,-0.158246,-0.000000,244.338754
65,792.000,2001-11-01,8.000,1,5,10.92,T142-13,1,-14.813838,-0.107162,-0.000000,241.537526
65,792.000,2001-11-01,8.000,1,5,10.92,T142-15,1,-48.399839,-1.089161,-0.000000,248.776553
65,792.000,2001-11-01,8.000,1,5,10.92,T142-16,1,-15.063948,-2.152052,-0.000000,253.935443
65,792.000,2001-11-01,8.000,1,5,10.92,T142-17,1,-8.109839,-5.659161,-0.000000,253.536663
65,792.000,2001-11-01,8.000,1,5,10.92,T142-18,1,-25.208191,-1.676809,-0.000000,255.160976
65,792.000,2001-11-01,8.000,1,5,10.92,T142-19,1,-31.040843,-0.326157,-0.000000,250.200352
65,792.000,2001-11-01,8.000,1,5,10.92,T142-2,1,-3.998702,-6.302298,-0.000000,253.709533
65,792.000,2001-11-01,8.000,1,5,10.92,T142-27,1,-14.818510,-13.735490,-0.000000,260.479691
65,792.000,2001-11-01,8.000,1,5,10.92,T142-28,1,-29.366022,-0.218978,-0.000000,229.933279
65,792.000,2001-11-01,8.000,1,5,10.92,T142-29,1,-24.605220,-0.277780,-0.000000,240.105533
65,792.000,2001-11-01,8.000,1,5,10.92,T142-3,1,-22.916725,-0.679275,-0.000000,256.383712
65,792.000,2001-11-01,8.000,1,5,10.92,T142-35,1,-36.256757,-3.826243,-0.000000,249.263929
65,792.000,2001-11-01,8.000,1,5,10.92,T142-36,1,-11.732427,-6.617573,-0.000000,255.924097
65,792.000,2001-11-01,8.000,1,5,10.92,T142-37,1,0.000000,73.258000,0.000000,265.197988
65,792.000,2001-11-01,8.000,1,5,10.92,T142-38,1,-0.000000,0.000000,-0.000000,259.065106
65,792.000,2001-11-01,8.000,1,5,10.92,T142-39,1,-3.942718,-0.265282,-0.000000,257.740767
65,792.000,2001-11-01,8.000,1,5,10.92,T142-40,1,0.000000,63.742000,0.000000,263.076013
65,792.000,2001-11-01,8.000,1,5,10.92,T142-43,1,-27.987467,-0.171533,-0.000000,245.572064
65,792.000,2001-11-01,8.000,1,5,10.92,T142-49,1,-0.000000,0.000000,-0.000000,237.479842
65,792.000,2001-11-01,8.000,1,5,10.92,T142-5,1,-39.121161,-0.407839,-0.000000,244.882624
65,792.000,2001-11-01,8.000,1,5,10.92,T142-52,1,-20.749790,-0.173210,-0.000000,236.698757
65,792.000,2001-11-01,8.000,1,5,10.92,T142-54,1,-27.773076,-0.314924,-0.000000,253.280749
65,792.000,2001-11-01,8.000,1,5,10.92,T142-57,1,-15.750981,-0.191019,-0.000000,238.472524
65,792.000,2001-11-01,8.000,1,5,10.92,T142-59,1,-10.285897,-0.104103,-0.000000,248.879048
65,792.000,2001-11-01,8.000,1,5,10.92,T142-8,1,-2.349373,-3.481627,-0.000000,259.255225
65,792.000,2001-11-01,8.000,1,5,10.92,T142X14,1,-39.896244,-5.988756,-0.000000,246.524805
65,792.000,2001-11-01,8.000,1,5,10.92,T142X20,1,-16.383041,-0.644959,-0.000000,247.985280
65,792.000,2001-11-01,8.000,1,5,10.92,T142X21,1,-0.000000,0.000000,-0.000000,243.573723
65,792.000,2001-11-01,8.000,1,5,10.92,T142X22,1,-7.757014,-0.088986,-0.000000,245.448531
65,792.000,2001-11-01,8.000,1,5,10.92,T142X23,1,-5.453388,-0.032612,-0.000000,247.016348
65,792.000,2001-11-01,8.000,1,5,10.92,T142X25,1,-0.000000,13.645000,0.000000,252.016389
65,792.000,2001-11-01,8.000,1,5,10.92,T142X26,1,-16.699946,-0.088054,-0.000000,253.732276
65,792.000,2001-11-01,8.000,1,5,10.92,T142X31,1,-6.229899,-0.065101,-0.000000,241.007170
65,792.000,2001-11-01,8.000,1,5,10.92,T142X33,1,-0.415703,-0.034297,-0.000000,258.633403
65,792.000,2001-11-01,8.000,1,5,10.92,T142X34,1,-23.446713,-0.257287,-0.000000,241.329064
65,792.000,2001-11-01,8.000,1,5,10.92,T142X4,1,-0.000019,0.000019,-0.000000,247.883922
65,792.000,2001-11-01,8.000,1,5,10.92,T142X41,1,-0.252098,-8.132902,-0.000000,259.549731
65,792.000,2001-11-01,8.000,1,5,10.92,T142X42,1,0.000000,-0.000000,-0.000000,260.894734
65,792.000,2001-11-01,8.000,1,5,10.92,T142X44,1,-6.193505,-0.177495,-0.000000,256.571181
65,792.000,2001-11-01,8.000,1,5,10.92,T142X46,1,-11.454718,-15.125282,-0.000000,255.312703
65,792.000,2001-11-01,8.000,1,5,10.92,T142X51,1,-18.938179,-0.166821,-0.000000,240.309284
65,792.000,2001-11-01,8.000,1,5,10.92,T142X53,1,-12.170522,-0.126478,-0.000000,242.855430
65,792.000,2001-11-01,8.000,1,5,10.92,T142X55,1,-4.286325,-0.041675,-0.000000,254.689613
65,792.000,2001-11-01,8.000,1,5,10.92,T142X6,1,-25.486860,-0.818140,-0.000000,239.329473
65,792.000,2001-11-01,8.000,1,5,10.92,T142X7,1,0.000000,107.839000,0.000000,254.758537
65,792.000,2001-11-01,8.000,1,5,10.92,T142X9,1,-27.636745,-0.914255,-0.000000,247.122638
66,794.000,2001-11-03,2.000,1,3,6.44,3-4-216,1,-39.101615,-9.292385,-0.000000,243.893570
66,794.000,2001-11-03,2.000,1,3,6.44,T142-1,1,-18.582102,-28.580898,-0.000000,222.141761
66,794.000,2001-11-03,2.000,1,3,6.44,T142-10,1,-8.956225,-0.067775,-0.000000,242.834907
66,794.000,2001-11-03,2.000,1,3,6.44,T142-11,1,-78.302193,-0.776807,-0.000000,237.744630
66,794.000,2001-11-03,2.000,1,3,6.44,T142-12,1,-20.418144,-0.170856,-0.000000,244.186662
66,794.000,2001-11-03,2.000,1,3,6.44,T142-13,1,-12.196084,-0.086916,-0.000000,241.907082
66,794.000,2001-11-03,2.000,1,3,6.44,T142-15,1,-48.799835,-1.115165,-0.000000,248.737947
66,794.000,2001-11-03,2.000,1,3,6.44,T142-16,1,-15.595546,-2.231454,-0.000000,253.842032
66,794.000,2001-11-03,2.000,1,3,6.44,T142-17,1,-14.542391,-10.384609,-0.000000,252.680259
66,794.000,2001-11-03,2.000,1,3,6.44,T142-18,1,0.000000,70.233000,0.000000,263.056488
66,794.000,2001-11-03,2.000,1,3,6.44,T142-19,1,-32.110559,-0.338441,-0.000000,250.093992
66,794.000,2001-11-03,2.000,1,3,6.44,T142-2,1,-3.974087,-6.264913,-0.000000,253.670107
66,794.000,2001-11-03,2.000,1,3,6.44,T142-27,1,-15.356969,-14.225031,-0.000000,260.375619
66,794.000,2001-11-03,2.000,1,3,6.44,T142-28,1,-25.996234,-0.191766,-0.000000,231.558869
66,794.000,2001-11-03,2.000,1,3,6.44,T142-29,1,-22.801148,-0.257852,-0.000000,240.172953
66,794.000,2001-11-03,2.000,1,3,6.44,T142-3,1,-25.495449,-0.766551,-0.000000,256.157863
66,794.000,2001-11-03,2.000,1,3,6.44,T142-35,1,-33.120894,-3.564106,-0.000000,249.813418
66,794.000,2001-11-03,2.000,1,3,6.44,T142-36,1,-12.759780,-7.241220,-0.000000,255.680997
66,794.000,2001-11-03,2.000,1,3,6.44,T142-37,1,0.000000,71.333000,0.000000,264.712810
66,794.000,2001-11-03,2.000,1,3,6.44,T142-38,1,0.006497,-0.006497,-0.000000,260.131502
66,794.000,2001-11-03,2.000,1,3,6.44,T142-39,1,-4.758507,-0.324493,-0.000000,257.565915
66,794.000,2001-11-03,2.000,1,3,6.44,T142-40,1,0.000000,25.267000,0.000000,262.278010
66,794.000,2001-11-03,2.000,1,3,6.44,T142-43,1,-25.117089,-0.153911,-0.000000,245.665892
66,794.000,2001-11-03,2.000,1,3,6.44,T142-49,1,-13.798018,-0.139982,-0.000000,232.165386
66,794.000,2001-11-03,2.000,1,3,6.44,T142-5,1,-41.006116,-0.429884,-0.000000,244.693343
66,794.000,2001-11-03,2.000,1,3,6.44,T142-52,1,-20.126647,-0.168353,-0.000000,236.718545
66,794.000,2001-11-03,2.000,1,3,6.44,T142-54,1,-27.751622,-0.314378,-0.000000,253.290183
66,794.000,2001-11-03,2.000,1,3,6.44,T142-57,1,-15.988547,-0.195453,-0.000000,238.223306
66,794.000,2001-11-03,2.000,1,3,6.44,T142-59,1,-10.209451,-0.103549,-0.000000,248.872747
66,794.000,2001-11-03,2.000,1,3,6.44,T142-8,1,-2.471247,-3.649753,-0.000000,259.170507
66,794.000,2001-11-03,2.000,1,3,6.44,T142P3,1,-19.505402,-1.308598,-0.000000,259.875339
66,794.000,2001-11-03,2.000,1,3,6.44,T142X14,1,-59.078674,-9.133326,-0.000000,240.419364
66,794.000,2001-11-03,2.000,1,3,6.44,T142X20,1,-17.616276,-0.699724,-0.000000,247.875348
66,794.000,2001-11-03,2.000,1,3,6.44,T142X21,1,-0.175496,-0.001504,-0.000000,243.448223
66,794.000,2001-11-03,2.000,1,3,6.44,T142X22,1,-11.884591,-0.138409,-0.000000,244.745829
66,794.000,2001-11-03,2.000,1,3,6.44,T142X23,1,-5.909519,-0.036481,-0.000000,246.874397
66,794.000,2001-11-03,2.000,1,3,6.44,T142X25,1,0.000000,20.367000,0.000000,252.257375
66,794.000,2001-11-03,2.000,1,3,6.44,T142X26,1,-11.099439,-0.060561,-0.000000,254.059714
66,794.000,2001-11-03,2.000,1,3,6.44,T142X31,1,-6.010992,-0.063008,-0.000000,240.976961
66,794.000,2001-11-03,2.000,1,3,6.44,T142X33,1,-0.768938,-0.064062,-0.000000,258.460464
66,794.000,2001-11-03,2.000,1,3,6.44,T142X34,1,-23.534748,-0.259252,-0.000000,241.255202
66,794.000,2001-11-03,2.000,1,3,6.44,T142X4,1,0.000000,-0.000000,-0.000000,250.691348
66,794.000,2001-11-03,2.000,1,3,6.44,T142X41,1,-0.000000,-6.267000,-0.000000,259.905923
66,794.000,2001-11-03,2.000,1,3,6.44,T142X42,1,0.000313,-0.000313,-0.000000,260.932195
66,794.000,2001-11-03,2.000,1,3,6.44,T142X44,1,-3.297620,-0.091380,-0.000000,257.458646
66,794.000,2001-11-03,2.000,1,3,6.44,T142X46,1,-9.836421,-13.791579,-0.000000,256.106846
66,794.000,2001-11-03,2.000,1,3,6.44,T142X51,1,-20.189192,-0.178808,-0.000000,240.172540
66,794.000,2001-11-03,2.000,1,3,6.44,T142X53,1,-13.765082,-0.143918,-0.000000,242.662786
66,794.000,2001-11-03,2.000,1,3,6.44,T142X55,1,-3.130753,-0.030247,-0.000000,254.984596
66,794.000,2001-11-03,2.000,1,3,6.44,T142X6,1,-21.482917,-0.690083,-0.000000,240.884728
66,794.000,2001-11-03,2.000,1,3,6.44,T142X7,1,0.000000,125.433000,0.000000,255.519342
66,794.000,2001-11-03,2.000,1,3,6.44,T142X9,1,-26.060106,-0.860894,-0.000000,247.231709
67,804.000,2001-11-13,10.000,1,3,6.44,3-4-216,1,-39.110051,-9.283949,-0.000000,243.729722
67,804.000,2001-11-13,10.000,1,3,6.44,T142-1,1,-18.704915,-28.458085,-0.000000,221.858220
67,804.000,2001-11-13,10.000,1,3,6.44,T142-10,1,-8.955531,-0.068469,-0.000000,242.579265
67,804.000,2001-11-13,10.000,1,3,6.44,T142-11,1,-78.293174,-0.785826,-0.000000,237.564371
67,804.000,2001-11-13,10.000,1,3,6.44,T142-12,1,-20.416977,-0.172023,-0.000000,243.994000
67,804.000,2001-11-13,10.000,1,3,6.44,T142-13,1,-12.195667,-0.087333,-0.000000,241.769153
67,804.000,2001-11-13,10.000,1,3,6.44,T142-15,1,-48.720025,-1.194975,-0.000000,248.562022
67,804.000,2001-11-13,10.000,1,3,6.44,T142-16,1,-15.569805,-2.257195,-0.000000,253.627286
67,804.000,2001-11-13,10.000,1,3,6.44,T142-17,1,-14.447122,-10.479878,-0.000000,252.478198
67,804.000,2001-11-13,10.000,1,3,6.44,T142-18,1,0.000000,70.233000,0.000000,263.002786
67,804.000,2001-11-13,10.000,1,3,6.44,T142-19,1,-32.107764,-0.341236,-0.000000,249.945247
67,804.000,2001-11-13,10.000,1,3,6.44,T142-2,1,-3.968395,-6.270605,-0.000000,253.466016
67,804.000,2001-11-13,10.000,1,3,6.44,T142-27,1,-14.949360,-14.632640,-0.000000,260.162135
67,804.000,2001-11-13,10.000,1,3,6.44,T142-28,1,-25.995407,-0.192593,-0.000000,231.406256
67,804.000,2001-11-13,10.000,1,3,6.44,T142-29,1,-22.797183,-0.261817,-0.000000,239.981390
67,804.000,2001-11-13,10.000,1,3,6.44,T142-3,1,-25.456681,-0.805319,-0.000000,255.944110
67,804.000,2001-11-13,10.000,1,3,6.44,T142-35,1,-32.811389,-3.873611,-0.000000,249.534242
67,804.000,2001-11-13,10.000,1,3,6.44,T142-36,1,-12.610392,-7.390608,-0.000000,255.495540
67,804.000,2001-11-13,10.000,1,3,6.44,T142-37,1,0.000000,71.333000,0.000000,263.611763
67,804.000,2001-11-13,10.000,1,3,6.44,T142-38,1,0.000034,-0.000034,-0.000000,258.790601
67,804.000,2001-11-13,10.000,1,3,6.44,T142-39,1,-4.733635,-0.349365,-0.000000,257.338879
67,804.000,2001-11-13,10.000,1,3,6.44,T142-40,1,0.000000,25.267000,0.000000,262.046540
67,804.000,2001-11-13,10.000,1,3,6.44,T142-43,1,-25.115789,-0.155211,-0.000000,245.419693
67,804.000,2001-11-13,10.000,1,3,6.44,T142-49,1,-13.793757,-0.144243,-0.000000,231.673903
67,804.000,2001-11-13,10.000,1,3,6.44,T142-5,1,-40.999480,-0.436520,-0.000000,244.468631
67,804.000,2001-11-13,10.000,1,3,6.44,T142-52,1,-20.123772,-0.171228,-0.000000,236.451288
67,804.000,2001-11-13,10.000,1,3,6.44,T142-54,1,-27.748664,-0.317336,-0.000000,253.139510
67,804.000,2001-11-13,10.000,1,3,6.44,T142-57,1,-15.981035,-0.202965,-0.000000,238.022394
67,804.000,2001-11-13,10.000,1,3,6.44,T142-59,1,-10.207961,-0.105039,-0.000000,248.691507
67,804.000,2001-11-13,10.000,1,3,6.44,T142-8,1,-2.492135,-3.628865,-0.000000,258.944472
67,804.000,2001-11-13,10.000,1,3,6.44,T142P3,1,-18.995412,-1.818588,-0.000000,259.653166
67,804.000,2001-11-13,10.000,1,3,6.44,T142X14,1,-58.124740,-10.087260,-0.000000,239.818246
67,804.000,2001-11-13,10.000,1,3,6.44,T142X20,1,-17.597386,-0.718614,-0.000000,247.765773
67,804.000,2001-11-13,10.000,1,3,6.44,T142X21,1,-0.175460,-0.001540,-0.000000,243.153416
67,804.000,2001-11-13,10.000,1,3,6.44,T142X22,1,-11.882081,-0.140919,-0.000000,244.587127
67,804.000,2001-11-13,10.000,1,3,6.44,T142X23,1,-5.908922,-0.037078,-0.000000,246.666315
67,804.000,2001-11-13,10.000,1,3,6.44,T142X25,1,0.000000,20.367000,0.000000,252.011242
67,804.000,2001-11-13,10.000,1,3,6.44,T142X26,1,-11.099445,-0.060555,-0.000000,253.865115
67,804.000,2001-11-13,10.000,1,3,6.44,T142X31,1,-6.009885,-0.064115,-0.000000,240.743434
67,804.000,2001-11-13,10.000,1,3,6.44,T142X33,1,-0.768286,-0.064714,-0.000000,258.234791
67,804.000,2001-11-13,10.000,1,3,6.44,T142X34,1,-23.571578,-0.222422,-0.000000,246.800608
67,804.000,2001-11-13,10.000,1,3,6.44,T142X4,1,0.000001,-0.000001,-0.000000,250.506988
67,804.000,2001-11-13,10.000,1,3,6.44,T142X41,1,-0.188437,-6.078563,-0.000000,259.343268
67,804.000,2001-11-13,10.000,1,3,6.44,T142X42,1,0.000995,-0.000995,-0.000000,260.615902
67,804.000,2001-11-13,10.000,1,3,6.44,T142X44,1,-3.298929,-0.090071,-0.000000,257.233127
67,804.000,2001-11-13,10.000,1,3,6.44,T142X46,1,-8.636942,-14.991058,-0.000000,256.083931
67,804.000,2001-11-13,10.000,1,3,6.44,T142X51,1,-20.185929,-0.182071,-0.000000,239.897062
67,804.000,2001-11-13,10.000,1,3,6.44,T142X53,1,-13.763059,-0.145941,-0.000000,242.433939
67,804.000,2001-11-13,10.000,1,3,6.44,T142X55,1,-3.130465,-0.030535,-0.000000,254.779532
67,804.000,2001-11-13,10.000,1,3,6.44,T142X6,1,-21.458173,-0.714827,-0.000000,240.745151
67,804.000,2001-11-13,10.000,1,3,6.44,T142X7,1,0.000000,125.433000,0.000000,255.205949
67,804.000,2001-11-13,10.000,1,3,6.44,T142X9,1,-26.057745,-0.863255,-0.000000,247.110602
68,817.000,2001-11-26,13.000,1,5,13.49,3-4-216,1,-39.116847,-9.277153,-0.000000,243.484074
68,817.000,2001-11-26,13.000,1,5,13.49,T142-1,1,-18.804619,-28.358381,-0.000000,221.522312
68,817.000,2001-11-26,13.000,1,5,13.49,T142-10,1,-8.954930,-0.069070,-0.000000,242.280141
68,817.000,2001-11-26,13.000,1,5,13.49,T142-11,1,-78.279588,-0.799412,-0.000000,237.295904
68,817.000,2001-11-26,13.000,1,5,13.49,T142-12,1,-20.415118,-0.173882,-0.000000,243.722973
68,817.000,2001-11-26,13.000,1,5,13.49,T142-13,1,-12.194426,-0.088574,-0.000000,241.519419
68,817.000,2001-11-26,13.000,1,5,13.49,T142-15,1,-48.612022,-1.302978,-0.000000,248.281893
68,817.000,2001-11-26,13.000,1,5,13.49,T142-16,1,-15.522405,-2.304595,-0.000000,253.342280
68,817.000,2001-11-26,13.000,1,5,13.49,T142-17,1,-14.349229,-10.577771,-0.000000,252.199472
68,817.000,2001-11-26,13.000,1,5,13.49,T142-18,1,0.000000,70.233000,0.000000,262.075448
68,817.000,2001-11-26,13.000,1,5,13.49,T142-19,1,-32.102031,-0.346969,-0.000000,249.678916
68,817.000,2001-11-26,13.000,1,5,13.49,T142-2,1,-3.959209,-6.279791,-0.000000,253.189659
68,817.000,2001-11-26,13.000,1,5,13.49,T142-27,1,-14.431926,-15.150074,-0.000000,259.887870
68,817.000,2001-11-26,13.000,1,5,13.49,T142-28,1,-25.993165,-0.194835,-0.000000,231.142055
68,817.000,2001-11-26,13.000,1,5,13.49,T142-29,1,-22.791659,-0.267341,-0.000000,239.708649
68,817.000,2001-11-26,13.000,1,5,13.49,T142-3,1,-25.405572,-0.856428,-0.000000,255.660599
68,817.000,2001-11-26,13.000,1,5,13.49,T142-35,1,-32.406531,-4.278469,-0.000000,249.187980
68,817.000,2001-11-26,13.000,1,5,13.49,T142-36,1,-12.396327,-7.604673,-0.000000,255.221824
68,817.000,2001-11-26,13.000,1,5,13.49,T142-37,1,0.000000,71.333000,0.000000,262.728660
68,817.000,2001-11-26,13.000,1,5,13.49,T142-38,1,0.000191,-0.000191,-0.000000,259.615145
68,817.000,2001-11-26,13.000,1,5,13.49,T142-39,1,-4.698046,-0.384954,-0.000000,257.048967
68,817.000,2001-11-26,13.000,1,5,13.49,T142-40,1,0.000000,25.267000,0.000000,261.754925
68,817.000,2001-11-26,13.000,1,5,13.49,T142-43,1,-25.114198,-0.156802,-0.000000,245.101880
68,817.000,2001-11-26,13.000,1,5,13.49,T142-49,1,-13.789062,-0.148938,-0.000000,231.223268
68,817.000,2001-11-26,13.000,1,5,13.49,T142-5,1,-40.991251,-0.444749,-0.000000,244.185338
68,817.000,2001-11-26,13.000,1,5,13.49,T142-52,1,-20.120380,-0.174620,-0.000000,236.117343
68,817.000,2001-11-26,13.000,1,5,13.49,T142-54,1,-27.742913,-0.323087,-0.000000,252.867566
68,817.000,2001-11-26,13.000,1,5,13.49,T142-57,1,-15.969151,-0.214849,-0.000000,237.729658
68,817.000,2001-11-26,13.000,1,5,13.49,T142-59,1,-10.205783,-0.107217,-0.000000,248.423044
68,817.000,2001-11-26,13.000,1,5,13.49,T142-8,1,-2.516283,-3.604717,-0.000000,258.652534
68,817.000,2001-11-26,13.000,1,5,13.49,T142P1,1,-0.000002,0.000002,-0.000000,240.386727
68,817.000,2001-11-26,13.000,1,5,13.49,T142P3,1,-18.318316,-2.495684,-0.000000,259.360709
68,817.000,2001-11-26,13.000,1,5,13.49,T142X14,1,-56.854810,-11.357190,-0.000000,239.238566
68,817.000,2001-11-26,13.000,1,5,13.49,T142X20,1,-17.572685,-0.743315,-0.000000,247.537736
68,817.000,2001-11-26,13.000,1,5,13.49,T142X21,1,-0.175423,-0.001577,-0.000000,242.824913
68,817.000,2001-11-26,13.000,1,5,13.49,T142X22,1,-11.878749,-0.144251,-0.000000,244.352490
68,817.000,2001-11-26,13.000,1,5,13.49,T142X23,1,-5.908289,-0.037711,-0.000000,246.381855
68,817.000,2001-11-26,13.000,1,5,13.49,T142X25,1,-0.000000,20.367000,0.000000,251.676418
68,817.000,2001-11-26,13.000,1,5,13.49,T142X26,1,-11.099199,-0.060801,-0.000000,253.589702
68,817.000,2001-11-26,13.000,1,5,13.49,T142X31,1,-6.008463,-0.065537,-0.000000,240.442128
68,817.000,2001-11-26,13.000,1,5,13.49,T142X33,1,-0.766817,-0.066183,-0.000000,257.946874
68,817.000,2001-11-26,13.000,1,5,13.49,T142X34,1,-23.565475,-0.228525,-0.000000,246.504110
68,817.000,2001-11-26,13.000,1,5,13.49,T142X4,1,-0.000000,0.000000,-0.000000,250.232956
68,817.000,2001-11-26,13.000,1,5,13.49,T142X41,1,0.000000,-6.267000,-0.000000,259.383519
68,817.000,2001-11-26,13.000,1,5,13.49,T142X42,1,0.000002,-0.000002,-0.000000,260.407459
68,817.000,2001-11-26,13.000,1,5,13.49,T142X44,1,-3.297984,-0.091016,-0.000000,256.926727
68,817.000,2001-11-26,13.000,1,5,13.49,T142X46,1,-7.605004,-16.022996,-0.000000,256.022670
68,817.000,2001-11-26,13.000,1,5,13.49,T142X51,1,-20.182383,-0.185617,-0.000000,239.573417
68,817.000,2001-11-26,13.000,1,5,13.49,T142X53,1,-13.759971,-0.149029,-0.000000,242.125388
68,817.000,2001-11-26,13.000,1,5,13.49,T142X55,1,-3.129906,-0.031094,-0.000000,254.496011
68,817.000,2001-11-26,13.000,1,5,13.49,T142X6,1,-21.425569,-0.747431,-0.000000,240.489840
68,817.000,2001-11-26,13.000,1,5,13.49,T142X7,1,0.000000,125.433000,0.000000,254.738485
68,817.000,2001-11-26,13.000,1,5,13.49,T142X9,1,-26.048860,-0.872140,-0.000000,246.874968
69,822.000,2001-12-01,5.000,1,3,7.64,3-4-216,1,-39.081405,-9.312595,-0.000000,243.343845
69,822.000,2001-12-01,5.000,1,3,7.64,T142-1,1,-18.884233,-28.278767,-0.000000,221.393418
69,822.000,2001-12-01,5.000,1,3,7.64,T142-10,1,-8.954711,-0.069289,-0.000000,242.165795
69,822.000,2001-12-01,5.000,1,3,7.64,T142-11,1,-78.274056,-0.804944,-0.000000,237.187305
69,822.000,2001-12-01,5.000,1,3,7.64,T142-12,1,-20.414331,-0.174669,-0.000000,243.614289
69,822.000,2001-12-01,5.000,1,3,7.64,T142-13,1,-12.193842,-0.089158,-0.000000,241.412923
69,822.000,2001-12-01,5.000,1,3,7.64,T142-15,1,-48.569826,-1.345174,-0.000000,248.170959
69,822.000,2001-12-01,5.000,1,3,7.64,T142-16,1,-15.502270,-2.324730,-0.000000,253.229434
69,822.000,2001-12-01,5.000,1,3,7.64,T142-17,1,-14.312713,-10.614287,-0.000000,252.090155
69,822.000,2001-12-01,5.000,1,3,7.64,T142-18,1,0.000000,70.233000,0.000000,261.590308
69,822.000,2001-12-01,5.000,1,3,7.64,T142-19,1,-32.099654,-0.349346,-0.000000,249.570232
69,822.000,2001-12-01,5.000,1,3,7.64,T142-2,1,-3.955205,-6.283795,-0.000000,253.075015
69,822.000,2001-12-01,5.000,1,3,7.64,T142-27,1,-14.259505,-15.322495,-0.000000,259.788328
69,822.000,2001-12-01,5.000,1,3,7.64,T142-28,1,-25.992210,-0.195790,-0.000000,231.035142
69,822.000,2001-12-01,5.000,1,3,7.64,T142-29,1,-22.789428,-0.269572,-0.000000,239.598563
69,822.000,2001-12-01,5.000,1,3,7.64,T142-3,1,-25.385637,-0.876363,-0.000000,255.550713
69,822.000,2001-12-01,5.000,1,3,7.64,T142-35,1,-32.247868,-4.437132,-0.000000,249.051728
69,822.000,2001-12-01,5.000,1,3,7.64,T142-36,1,-12.315835,-7.685165,-0.000000,255.114063
69,822.000,2001-12-01,5.000,1,3,7.64,T142-37,1,0.000000,71.333000,0.000000,262.435213
69,822.000,2001-12-01,5.000,1,3,7.64,T142-38,1,0.000062,-0.000062,-0.000000,258.392467
69,822.000,2001-12-01,5.000,1,3,7.64,T142-39,1,-4.682465,-0.400535,-0.000000,256.935746
69,822.000,2001-12-01,5.000,1,3,7.64,T142-40,1,0.000000,25.267000,0.000000,261.643210
69,822.000,2001-12-01,5.000,1,3,7.64,T142-43,1,-25.113590,-0.157410,-0.000000,244.979782
69,822.000,2001-12-01,5.000,1,3,7.64,T142-49,1,-13.787265,-0.150735,-0.000000,231.061854
69,822.000,2001-12-01,5.000,1,3,7.64,T142-5,1,-40.988058,-0.447942,-0.000000,244.075035
69,822.000,2001-12-01,5.000,1,3,7.64,T142-52,1,-20.119120,-0.175880,-0.000000,235.990785
69,822.000,2001-12-01,5.000,1,3,7.64,T142-54,1,-27.740561,-0.325439,-0.000000,252.757369
69,822.000,2001-12-01,5.000,1,3,7.64,T142-57,1,-15.964281,-0.219719,-0.000000,237.612991
69,822.000,2001-12-01,5.000,1,3,7.64,T142-59,1,-10.204909,-0.108091,-0.000000,248.314408
69,822.000,2001-12-01,5.000,1,3,7.64,T142-8,1,-2.525175,-3.595825,-0.000000,258.540434
69,822.000,2001-12-01,5.000,1,3,7.64,T142P1,1,-0.000000,0.000000,-0.000000,240.299213
69,822.000,2001-12-01,5.000,1,3,7.64,T142P3,1,-18.011645,-2.802355,-0.000000,259.247399
69,822.000,2001-12-01,5.000,1,3,7.64,T142X14,1,-56.363239,-11.848761,-0.000000,239.021626
69,822.000,2001-12-01,5.000,1,3,7.64,T142X20,1,-17.564653,-0.751347,-0.000000,247.378705
69,822.000,2001-12-01,5.000,1,3,7.64,T142X21,1,-0.175430,-0.001570,-0.000000,242.820938
69,822.000,2001-12-01,5.000,1,3,7.64,T142X22,1,-11.877370,-0.145630,-0.000000,244.248864
69,822.000,2001-12-01,5.000,1,3,7.64,T142X23,1,-5.908065,-0.037935,-0.000000,246.269567
69,822.000,2001-12-01,5.000,1,3,7.64,T142X25,1,0.000000,20.367000,0.000000,251.545118
69,822.000,2001-12-01,5.000,1,3,7.64,T142X26,1,-11.099057,-0.060943,-0.000000,253.480259
69,822.000,2001-12-01,5.000,1,3,7.64,T142X31,1,-6.007914,-0.066086,-0.000000,240.325744
69,822.000,2001-12-01,5.000,1,3,7.64,T142X33,1,-0.766225,-0.066775,-0.000000,257.834482
69,822.000,2001-12-01,5.000,1,3,7.64,T142X34,1,-23.563237,-0.230763,-0.000000,246.390245
69,822.000,2001-12-01,5.000,1,3,7.64,T142X4,1,-0.003486,0.003486,-0.000000,247.277610
69,822.000,2001-12-01,5.000,1,3,7.64,T142X41,1,-0.184084,-6.082916,-0.000000,258.937965
69,822.000,2001-12-01,5.000,1,3,7.64,T142X42,1,0.001154,-0.001154,-0.000000,260.277429
69,822.000,2001-12-01,5.000,1,3,7.64,T142X44,1,-3.298033,-0.090967,-0.000000,256.810765
69,822.000,2001-12-01,5.000,1,3,7.64,T142X46,1,-7.268849,-16.359151,-0.000000,255.990512
69,822.000,2001-12-01,5.000,1,3,7.64,T142X51,1,-20.181059,-0.186941,-0.000000,239.450904
69,822.000,2001-12-01,5.000,1,3,7.64,T142X53,1,-13.758738,-0.150262,-0.000000,242.005252
69,822.000,2001-12-01,5.000,1,3,7.64,T142X55,1,-3.129645,-0.031355,-0.000000,254.375336
69,822.000,2001-12-01,5.000,1,3,7.64,T142X6,1,-21.413385,-0.759615,-0.000000,240.378681
69,822.000,2001-12-01,5.000,1,3,7.64,T142X7,1,0.000000,125.433000,0.000000,254.540066
69,822.000,2001-12-01,5.000,1,3,7.64,T142X9,1,-26.047367,-0.873633,-0.000000,246.750700
70,824.000,2001-12-03,2.000,1,3,7.81,3-4-216,1,-37.961096,-9.053904,-0.000000,243.535394
70,824.000,2001-12-03,2.000,1,3,7.81,T142-1,1,-19.834333,-29.645667,-0.000000,220.090560
70,824.000,2001-12-03,2.000,1,3,7.81,T142-10,1,-8.453518,-0.065482,-0.000000,242.157984
70,824.000,2001-12-03,2.000,1,3,7.81,T142-11,1,-78.533269,-0.810731,-0.000000,237.113645
70,824.000,2001-12-03,2.000,1,3,7.81,T142-12,1,-19.897588,-0.170412,-0.000000,243.611547
70,824.000,2001-12-03,2.000,1,3,7.81,T142-13,1,-12.106595,-0.089405,-0.000000,241.309560
70,824.000,2001-12-03,2.000,1,3,7.81,T142-15,1,-48.485706,-1.359294,-0.000000,248.137335
70,824.000,2001-12-03,2.000,1,3,7.81,T142-16,1,-16.014517,-2.410483,-0.000000,253.145097
70,824.000,2001-12-03,2.000,1,3,7.81,T142-17,1,-17.042688,-12.703312,-0.000000,251.709052
70,824.000,2001-12-03,2.000,1,3,7.81,T142-18,1,0.000000,79.258000,0.000000,261.962283
70,824.000,2001-12-03,2.000,1,3,7.81,T142-19,1,-31.416513,-0.342487,-0.000000,249.578318
70,824.000,2001-12-03,2.000,1,3,7.81,T142-2,1,-3.799388,-6.036612,-0.000000,253.060734
70,824.000,2001-12-03,2.000,1,3,7.81,T142-27,1,-14.743689,-15.885311,-0.000000,259.692759
70,824.000,2001-12-03,2.000,1,3,7.81,T142-28,1,-23.032237,-0.172763,-0.000000,232.411389
70,824.000,2001-12-03,2.000,1,3,7.81,T142-29,1,-21.422201,-0.257799,-0.000000,239.442141
70,824.000,2001-12-03,2.000,1,3,7.81,T142-3,1,-28.101665,-0.984335,-0.000000,255.318769
70,824.000,2001-12-03,2.000,1,3,7.81,T142-35,1,-29.814195,-4.164805,-0.000000,249.509985
70,824.000,2001-12-03,2.000,1,3,7.81,T142-36,1,-19.179877,-12.014123,-0.000000,253.539729
70,824.000,2001-12-03,2.000,1,3,7.81,T142-37,1,0.000000,104.839000,0.000000,264.537632
70,824.000,2001-12-03,2.000,1,3,7.81,T142-38,1,0.003728,-0.003728,-0.000000,259.225332
70,824.000,2001-12-03,2.000,1,3,7.81,T142-39,1,-5.592889,-0.488111,-0.000000,256.759082
70,824.000,2001-12-03,2.000,1,3,7.81,T142-40,1,0.000000,39.000000,0.000000,261.871196
70,824.000,2001-12-03,2.000,1,3,7.81,T142-43,1,-30.147663,-0.190337,-0.000000,244.665624
70,824.000,2001-12-03,2.000,1,3,7.81,T142-47,1,-3.713693,-0.061307,-0.000000,238.293550
70,824.000,2001-12-03,2.000,1,3,7.81,T142-49,1,-13.631359,-0.149641,-0.000000,231.057403
70,824.000,2001-12-03,2.000,1,3,7.81,T142-5,1,-41.427617,-0.454383,-0.000000,243.995747
70,824.000,2001-12-03,2.000,1,3,7.81,T142-52,1,-20.600048,-0.180952,-0.000000,235.875300
70,824.000,2001-12-03,2.000,1,3,7.81,T142-54,1,-25.154887,-0.295113,-0.000000,252.902933
70,824.000,2001-12-03,2.000,1,3,7.81,T142-57,1,-15.654733,-0.217267,-0.000000,237.823761
70,824.000,2001-12-03,2.000,1,3,7.81,T142-59,1,-9.770363,-0.103637,-0.000000,248.407929
70,824.000,2001-12-03,2.000,1,3,7.81,T142-8,1,-2.667216,-3.791784,-0.000000,258.456724
70,824.000,2001-12-03,2.000,1,3,7.81,T142P1,1,-27.708283,-0.344717,-0.000000,239.545033
70,824.000,2001-12-03,2.000,1,3,7.81,T142P3,1,-12.558643,-2.065357,-0.000000,259.398174
70,824.000,2001-12-03,2.000,1,3,7.81,T142X14,1,-48.868435,-10.474565,-0.000000,241.441298
70,824.000,2001-12-03,2.000,1,3,7.81,T142X20,1,-17.099530,-0.734470,-0.000000,247.344752
70,824.000,2001-12-03,2.000,1,3,7.81,T142X21,1,-0.000000,0.000000,-0.000000,242.819348
70,824.000,2001-12-03,2.000,1,3,7.81,T142X22,1,-10.743390,-0.132610,-0.000000,244.305373
70,824.000,2001-12-03,2.000,1,3,7.81,T142X23,1,-5.704736,-0.036264,-0.000000,246.263637
70,824.000,2001-12-03,2.000,1,3,7.81,T142X25,1,0.000000,35.065000,0.000000,251.995977
70,824.000,2001-12-03,2.000,1,3,7.81,T142X26,1,-8.825050,-0.049950,-0.000000,253.591710
70,824.000,2001-12-03,2.000,1,3,7.81,T142X31,1,-5.723834,-0.063166,-0.000000,240.295250
70,824.000,2001-12-03,2.000,1,3,7.81,T142X33,1,-1.156030,-0.101970,-0.000000,257.664302
70,824.000,2001-12-03,2.000,1,3,7.81,T142X34,1,-28.066442,-0.277558,-0.000000,246.076404
70,824.000,2001-12-03,2.000,1,3,7.81,T142X4,1,0.000311,-0.000311,-0.000000,250.072463
70,824.000,2001-12-03,2.000,1,3,7.81,T142X41,1,-0.013661,-0.200339,-0.000000,259.116801
70,824.000,2001-12-03,2.000,1,3,7.81,T142X42,1,0.000000,3.452000,0.000000,260.285629
70,824.000,2001-12-03,2.000,1,3,7.81,T142X44,1,-3.079492,-0.084508,-0.000000,256.842761
70,824.000,2001-12-03,2.000,1,3,7.81,T142X46,1,-7.649121,-17.680879,-0.000000,255.577407
70,824.000,2001-12-03,2.000,1,3,7.81,T142X51,1,-18.894584,-0.175416,-0.000000,239.476105
70,824.000,2001-12-03,2.000,1,3,7.81,T142X53,1,-22.489827,-0.251173,-0.000000,241.139527
70,824.000,2001-12-03,2.000,1,3,7.81,T142X55,1,-3.443376,-0.034624,-0.000000,254.254528
70,824.000,2001-12-03,2.000,1,3,7.81,T142X6,1,-18.993911,-0.675089,-0.000000,241.259796
70,824.000,2001-12-03,2.000,1,3,7.81,T142X7,1,0.000000,55.871000,0.000000,251.436618
70,824.000,2001-12-03,2.000,1,3,7.81,T142X9,1,-24.351024,-0.813976,-0.000000,246.774566
